kind,name,target,source
place,Seint Merri de Paris,#SMPA-EG_censier_p171_c2,SMPA-EG_censier_0002
place,Encloistre,#SMPA-EG_censier_p171_c2,SMPA-EG_censier_0002
place,Seint Merri,#SMPA-EG_censier_p171_c2,SMPA-EG_censier_0002
person,Nicholaus de Rosai,#SMPA-EG_censier_p171_c2,SMPA-EG_censier_0002
person,Ameline,#SMPA-EG_censier_p171_c2,SMPA-EG_censier_0002
person,Pierre de Moncuc,#SMPA-EG_censier_p171_c2,SMPA-EG_censier_0002
place,S. Estiene,#SMPA-EG_censier_p171_c2,SMPA-EG_censier_0002
person,Nicholas,#SMPA-EG_censier_p171_c2,SMPA-EG_censier_0002
person,Jehan Marceu,#SMPA-EG_censier_p171_c2,SMPA-EG_censier_0002
person,Girart de Cul,#SMPA-EG_censier_p171_c2,SMPA-EG_censier_0002
person,Jaque de Columbiers,#SMPA-EG_censier_p171_c2,SMPA-EG_censier_0002
person,Jehan Marceu,#SMPA-EG_censier_p171_c2,SMPA-EG_censier_0002
person,Guilleume le Mereschalc,#SMPA-EG_censier_p171_c2,SMPA-EG_censier_0002
person,Basile,#SMPA-EG_censier_p172_c2_12,SMPA-EG_censier_0002
person,Jehan le Saunier,#SMPA-EG_censier_p172_c2_12,SMPA-EG_censier_0002
person,Basile,#SMPA-EG_censier_p172_c2_12,SMPA-EG_censier_0002
person,Richart,#SMPA-EG_censier_p172_c2_12,SMPA-EG_censier_0002
person,Alain de Pontayse,#SMPA-EG_censier_p172_c2_12,SMPA-EG_censier_0002
place,Encloistre,#SMPA-EG_censier_p172_c2_12,SMPA-EG_censier_0002
person,Jaque le Bouchier,#SMPA-EG_censier_p172_c2_12,SMPA-EG_censier_0002
person,Guillaume Langlois,#SMPA-EG_censier_p172_c2_12,SMPA-EG_censier_0002
person,Guillaume Veiren,#SMPA-EG_censier_p172_c2_12,SMPA-EG_censier_0002
person,Robert de Brueires,#SMPA-EG_censier_p172_c2_12,SMPA-EG_censier_0002
person,Geufroy Lefevre,#SMPA-EG_censier_p172_c2_12,SMPA-EG_censier_0002
person,Eude le Queuc,#SMPA-EG_censier_p173_c2_26,SMPA-EG_censier_0002
person,Estienne de Cuci,#SMPA-EG_censier_p173_c2_26,SMPA-EG_censier_0002
person,Richart,#SMPA-EG_censier_p173_c2_26,SMPA-EG_censier_0002
person,Robert le Queuc,#SMPA-EG_censier_p173_c2_26,SMPA-EG_censier_0002
person,Robert le Queuc,#SMPA-EG_censier_p173_c2_26,SMPA-EG_censier_0002
person,Richart le Garçon,#SMPA-EG_censier_p173_c2_26,SMPA-EG_censier_0002
person,Heude,#SMPA-EG_censier_p173_c2_26,SMPA-EG_censier_0002
person,Robert,#SMPA-EG_censier_p173_c2_26,SMPA-EG_censier_0002
person,Tiebout,#SMPA-EG_censier_p173_c2_26,SMPA-EG_censier_0002
person,Jehan le Gros,#SMPA-EG_censier_p173_c2_26,SMPA-EG_censier_0002
person,Hue le Madelinier,#SMPA-EG_censier_p173_c2_26,SMPA-EG_censier_0002
person,Andriu Quenel,#SMPA-EG_censier_p173_c2_26,SMPA-EG_censier_0002
person,Guillaume Langlois,#SMPA-EG_censier_p173_c2_26,SMPA-EG_censier_0002
place,S. Merri,#SMPA-EG_censier_p173_c2_26,SMPA-EG_censier_0002
place,Seint Martin,#SMPA-EG_censier_p173_c3,SMPA-EG_censier_0003
place,Seint Merri,#SMPA-EG_censier_p173_c3,SMPA-EG_censier_0003
person,Jehan,#SMPA-EG_censier_p173_c3,SMPA-EG_censier_0003
person,Rogier du Fruit le Roy,#SMPA-EG_censier_p173_c3,SMPA-EG_censier_0003
person,Margarite,#SMPA-EG_censier_p173_c3,SMPA-EG_censier_0003
person,Thomas,#SMPA-EG_censier_p173_c4,SMPA-EG_censier_0004
person,Guillaume le Cordoanier,#SMPA-EG_censier_p173_c4,SMPA-EG_censier_0004
place,S. Estiene,#SMPA-EG_censier_p173_c4,SMPA-EG_censier_0004
person,Thomas le Chandelier,#SMPA-EG_censier_p174_c4_3,SMPA-EG_censier_0004
person,Guillaume Thoumis,#SMPA-EG_censier_p174_c4_3,SMPA-EG_censier_0004
person,Robert de Paris,#SMPA-EG_censier_p174_c4_3,SMPA-EG_censier_0004
person,Margarite,#SMPA-EG_censier_p174_c4_3,SMPA-EG_censier_0004
person,Jehan Bolengier,#SMPA-EG_censier_p174_c4_3,SMPA-EG_censier_0004
person,Guillaume Espaulart,#SMPA-EG_censier_p174_c4_3,SMPA-EG_censier_0004
person,Jaqueline le Barentine,#SMPA-EG_censier_p174_c4_3,SMPA-EG_censier_0004
person,Jehan de Seint Quentin,#SMPA-EG_censier_p174_c4_3,SMPA-EG_censier_0004
person,Henri du Presseur,#SMPA-EG_censier_p174_c4_3,SMPA-EG_censier_0004
place,Seint Merri,#SMPA-EG_censier_p174_c4_3,SMPA-EG_censier_0004
person,Estiene de Conches,#SMPA-EG_censier_p174_c4_3,SMPA-EG_censier_0004
person,Aden,#SMPA-EG_censier_p174_c4_3,SMPA-EG_censier_0004
person,Raoul du Fruit,#SMPA-EG_censier_p174_c4_3,SMPA-EG_censier_0004
person,Renaut,#SMPA-EG_censier_p174_c4_3,SMPA-EG_censier_0004
person,Perrin Bourgois,#SMPA-EG_censier_p174_c4_3,SMPA-EG_censier_0004
person,Ysabieu,#SMPA-EG_censier_p174_c4_3,SMPA-EG_censier_0004
person,Jehan Lulier,#SMPA-EG_censier_p174_c4_3,SMPA-EG_censier_0004
person,Ysabieu,#SMPA-EG_censier_p174_c4_3,SMPA-EG_censier_0004
person,Pierre le Barbier,#SMPA-EG_censier_p174_c4_3,SMPA-EG_censier_0004
person,Daniel le Breto,#SMPA-EG_censier_p174_c5,SMPA-EG_censier_0005
person,Jehan de Sezanne,#SMPA-EG_censier_p175_c5_5,SMPA-EG_censier_0005
person,Daniel,#SMPA-EG_censier_p175_c5_5,SMPA-EG_censier_0005
person,Ysabieu le Beguine,#SMPA-EG_censier_p175_c5_5,SMPA-EG_censier_0005
person,Aden Deraime,#SMPA-EG_censier_p175_c5_5,SMPA-EG_censier_0005
person,Pierre le Cofrier,#SMPA-EG_censier_p175_c5_5,SMPA-EG_censier_0005
place,Gieffroi,#SMPA-EG_censier_p175_c6,SMPA-EG_censier_0006
person,Yve des Pavellons,#SMPA-EG_censier_p175_c6,SMPA-EG_censier_0006
person,Gui,#SMPA-EG_censier_p175_c6,SMPA-EG_censier_0006
person,Michiel le Blont,#SMPA-EG_censier_p175_c6,SMPA-EG_censier_0006
person,Robert le Chaucier,#SMPA-EG_censier_p175_c6,SMPA-EG_censier_0006
person,Henri Lelement,#SMPA-EG_censier_p175_c6,SMPA-EG_censier_0006
person,Jehan le Potier,#SMPA-EG_censier_p175_c6,SMPA-EG_censier_0006
person,Guillaume de Boichi,#SMPA-EG_censier_p175_c6,SMPA-EG_censier_0006
person,Guillaume de Gremorte,#SMPA-EG_censier_p175_c6,SMPA-EG_censier_0006
person,Thomas le Fundeur,#SMPA-EG_censier_p175_c6,SMPA-EG_censier_0006
person,Guillaume de Gremorte,#SMPA-EG_censier_p175_c6,SMPA-EG_censier_0006
person,Thomas,#SMPA-EG_censier_p175_c6,SMPA-EG_censier_0006
person,Guillaume Satemville,#SMPA-EG_censier_p175_c6,SMPA-EG_censier_0006
person,Jehan de Peirone,#SMPA-EG_censier_p175_c6,SMPA-EG_censier_0006
person,Ernoul Pellerin,#SMPA-EG_censier_p175_c6,SMPA-EG_censier_0006
person,Jehan le Mire,#SMPA-EG_censier_p175_c6,SMPA-EG_censier_0006
person,Thomas Boutevillein,#SMPA-EG_censier_p175_c6,SMPA-EG_censier_0006
place,Biaubourc,#SMPA-EG_censier_p176_c7,SMPA-EG_censier_0007
place,Biaubourc,#SMPA-EG_censier_p176_c7,SMPA-EG_censier_0007
person,Guillaume Quoquere,#SMPA-EG_censier_p176_c7,SMPA-EG_censier_0007
person,Jehan le Mire,#SMPA-EG_censier_p176_c7,SMPA-EG_censier_0007
place,Seint Merri,#SMPA-EG_censier_p176_c7,SMPA-EG_censier_0007
person,Robert de Corbuelh,#SMPA-EG_censier_p176_c7,SMPA-EG_censier_0007
person,Maci de Pierrefite,#SMPA-EG_censier_p176_c7,SMPA-EG_censier_0007
person,Jehan,#SMPA-EG_censier_p176_c7,SMPA-EG_censier_0007
person,Perronelle le Boullipote,#SMPA-EG_censier_p176_c7,SMPA-EG_censier_0007
place,Seint Merri,#SMPA-EG_censier_p176_c7,SMPA-EG_censier_0007
person,Jehan de Rouan,#SMPA-EG_censier_p176_c7,SMPA-EG_censier_0007
person,Jehane la Charbonnierre,#SMPA-EG_censier_p176_c7,SMPA-EG_censier_0007
person,Gille,#SMPA-EG_censier_p176_c7,SMPA-EG_censier_0007
person,Marguerite la Pariere,#SMPA-EG_censier_p176_c7,SMPA-EG_censier_0007
person,Raoul Berangier,#SMPA-EG_censier_p177_c7_9,SMPA-EG_censier_0007
person,Jehan Bobelin,#SMPA-EG_censier_p177_c7_9,SMPA-EG_censier_0007
person,Laurens,#SMPA-EG_censier_p177_c7_9,SMPA-EG_censier_0007
person,Estiene des Prés,#SMPA-EG_censier_p177_c7_9,SMPA-EG_censier_0007
person,Guillaume,#SMPA-EG_censier_p177_c7_9,SMPA-EG_censier_0007
person,Guillaume Quinevint,#SMPA-EG_censier_p177_c7_9,SMPA-EG_censier_0007
place,Seint Merri,#SMPA-EG_censier_p177_c7_9,SMPA-EG_censier_0007
person,Robert Chevalier,#SMPA-EG_censier_p177_c8,SMPA-EG_censier_0008
person,Gui,#SMPA-EG_censier_p177_c8,SMPA-EG_censier_0008
person,Jehan Bobelin,#SMPA-EG_censier_p177_c8,SMPA-EG_censier_0008
person,Robert,#SMPA-EG_censier_p177_c8,SMPA-EG_censier_0008
person,Raoul le Sarraurier,#SMPA-EG_censier_p177_c8,SMPA-EG_censier_0008
person,Thomas de Cheneveres,#SMPA-EG_censier_p177_c8,SMPA-EG_censier_0008
person,Richart le Charpentier,#SMPA-EG_censier_p177_c8,SMPA-EG_censier_0008
person,Guillaume,#SMPA-EG_censier_p177_c8,SMPA-EG_censier_0008
person,Marguerite la Pariere,#SMPA-EG_censier_p177_c8,SMPA-EG_censier_0008
person,Bertaut,#SMPA-EG_censier_p177_c8,SMPA-EG_censier_0008
place,Baudoel,#SMPA-EG_censier_p177_c8,SMPA-EG_censier_0008
person,Guillot le Charbonier,#SMPA-EG_censier_p177_c8,SMPA-EG_censier_0008
person,Symon,#SMPA-EG_censier_p177_c8,SMPA-EG_censier_0008
person,Gile,#SMPA-EG_censier_p177_c8,SMPA-EG_censier_0008
place,Seint Martin,#SMPA-EG_censier_p177_c8,SMPA-EG_censier_0008
person,Nicholaus de Veires,#SMPA-EG_censier_p177_c8,SMPA-EG_censier_0008
place,Seint Merri,#SMPA-EG_censier_p178_c8_9,SMPA-EG_censier_0008
person,Jehan de Gaire,#SMPA-EG_censier_p178_c8_9,SMPA-EG_censier_0008
person,Robert le Broleur,#SMPA-EG_censier_p178_c8_9,SMPA-EG_censier_0008
place,Symon Franc,#SMPA-EG_censier_p178_c9,SMPA-EG_censier_0009
person,Pierre le Borcier des Ales,#SMPA-EG_censier_p178_c9,SMPA-EG_censier_0009
person,Jehan de Seint Tybaut,#SMPA-EG_censier_p178_c9,SMPA-EG_censier_0009
person,Evrart le Charpentier,#SMPA-EG_censier_p178_c9,SMPA-EG_censier_0009
person,Estiene le Gros,#SMPA-EG_censier_p178_c9,SMPA-EG_censier_0009
person,Estiene le Gros,#SMPA-EG_censier_p178_c9,SMPA-EG_censier_0009
person,Estiene le Gros,#SMPA-EG_censier_p178_c9,SMPA-EG_censier_0009
person,Michiel,#SMPA-EG_censier_p178_c9,SMPA-EG_censier_0009
person,Marguerite de Gant,#SMPA-EG_censier_p178_c9,SMPA-EG_censier_0009
person,Jaque le Breto,#SMPA-EG_censier_p178_c9,SMPA-EG_censier_0009
person,Jehan,#SMPA-EG_censier_p178_c9,SMPA-EG_censier_0009
person,Estiene de Conches,#SMPA-EG_censier_p178_c9,SMPA-EG_censier_0009
person,Guillaume Langlois,#SMPA-EG_censier_p179_c9_8,SMPA-EG_censier_0009
person,Simon de Denmertin,#SMPA-EG_censier_p179_c9_8,SMPA-EG_censier_0009
place,Chastellet,#SMPA-EG_censier_p179_c9_8,SMPA-EG_censier_0009
place,Seint Denis,#SMPA-EG_censier_p179_c9_8,SMPA-EG_censier_0009
person,Guy,#SMPA-EG_censier_p179_c9_8,SMPA-EG_censier_0009
place,Chastellet,#SMPA-EG_censier_p179_c9_8,SMPA-EG_censier_0009
person,Estiene de Nuefchastieu,#SMPA-EG_censier_p179_c9_8,SMPA-EG_censier_0009
person,Jehan de Neufcastel,#SMPA-EG_censier_p179_c9_8,SMPA-EG_censier_0009
person,Estiene de Conches,#SMPA-EG_censier_p179_c9_8,SMPA-EG_censier_0009
person,Bertaut Brice,#SMPA-EG_censier_p179_c9_8,SMPA-EG_censier_0009
place,S. Merri,#SMPA-EG_censier_p179_c9_8,SMPA-EG_censier_0009
person,Jehan le Velut,#SMPA-EG_censier_p179_c9_8,SMPA-EG_censier_0009
person,Gile,#SMPA-EG_censier_p179_c9_8,SMPA-EG_censier_0009
person,Jehan Belin,#SMPA-EG_censier_p179_c9_8,SMPA-EG_censier_0009
person,Andri,#SMPA-EG_censier_p179_c9_8,SMPA-EG_censier_0009
person,Jehan le Gros,#SMPA-EG_censier_p179_c9_8,SMPA-EG_censier_0009
place,Pierre Aulart,#SMPA-EG_censier_p179_c10,SMPA-EG_censier_0010
person,Ancel de Morgneval,#SMPA-EG_censier_p179_c10,SMPA-EG_censier_0010
person,Guy Loubert,#SMPA-EG_censier_p179_c10,SMPA-EG_censier_0010
place,Seint Jaque,#SMPA-EG_censier_p179_c10,SMPA-EG_censier_0010
place,Seint Denis,#SMPA-EG_censier_p179_c10,SMPA-EG_censier_0010
place,Lambert de Chielle,#SMPA-EG_censier_p179_c11,SMPA-EG_censier_0011
person,Pierre Gencien,#SMPA-EG_censier_p179_c11,SMPA-EG_censier_0011
person,Geufroi de Savenis,#SMPA-EG_censier_p179_c11,SMPA-EG_censier_0011
person,Jehan de Chielle,#SMPA-EG_censier_p180_c11_4,SMPA-EG_censier_0011
person,Geufroi de Savenis,#SMPA-EG_censier_p180_c11_4,SMPA-EG_censier_0011
person,Gieffre Coquatrex,#SMPA-EG_censier_p180_c11_4,SMPA-EG_censier_0011
person,Pierre Leber,#SMPA-EG_censier_p180_c12,SMPA-EG_censier_0012
place,Seint Anthoine,#SMPA-EG_censier_p180_c12,SMPA-EG_censier_0012
place,Seint Remi,#SMPA-EG_censier_p180_c12,SMPA-EG_censier_0012
place,Seint Merri,#SMPA-EG_censier_p180_c12,SMPA-EG_censier_0012
person,Gautier,#SMPA-EG_censier_p180_c12,SMPA-EG_censier_0012
person,Richart de Forest,#SMPA-EG_censier_p180_c12,SMPA-EG_censier_0012
person,Marie le Conversse,#SMPA-EG_censier_p180_c12,SMPA-EG_censier_0012
place,Seint Merri,#SMPA-EG_censier_p180_c13,SMPA-EG_censier_0013
person,Robert,#SMPA-EG_censier_p180_c13,SMPA-EG_censier_0013
person,Bertaut,#SMPA-EG_censier_p180_c13,SMPA-EG_censier_0013
person,Girart le Tyais,#SMPA-EG_censier_p180_c13,SMPA-EG_censier_0013
person,Pierre de Tornai,#SMPA-EG_censier_p180_c13,SMPA-EG_censier_0013
person,Perronelle,#SMPA-EG_censier_p180_c13,SMPA-EG_censier_0013
person,Robert des Villes,#SMPA-EG_censier_p180_c13,SMPA-EG_censier_0013
person,Marguerite,#SMPA-EG_censier_p180_c13,SMPA-EG_censier_0013
person,Pierre de Dieppe,#SMPA-EG_censier_p181_c13_7,SMPA-EG_censier_0013
person,Jehan le Tays,#SMPA-EG_censier_p181_c13_7,SMPA-EG_censier_0013
person,Marie,#SMPA-EG_censier_p181_c13_7,SMPA-EG_censier_0013
person,Robert,#SMPA-EG_censier_p181_c13_7,SMPA-EG_censier_0013
person,Pierre de Dieppe,#SMPA-EG_censier_p181_c13_7,SMPA-EG_censier_0013
person,Pierre Tibert,#SMPA-EG_censier_p181_c14,SMPA-EG_censier_0014
person,Marie,#SMPA-EG_censier_p181_c14,SMPA-EG_censier_0014
person,Jehan,#SMPA-EG_censier_p181_c14,SMPA-EG_censier_0014
place,Encloistre,#SMPA-EG_censier_p181_c14,SMPA-EG_censier_0014
person,Jehan Rouciau,#SMPA-EG_censier_p181_c14,SMPA-EG_censier_0014
person,Jehan le Lueu,#SMPA-EG_censier_p181_c14,SMPA-EG_censier_0014
place,Seint Denis,#SMPA-EG_censier_p181_c15,SMPA-EG_censier_0015
person,Jehan Cussac le Provencel,#SMPA-EG_censier_p181_c15,SMPA-EG_censier_0015
person,Guillaume Cussac,#SMPA-EG_censier_p181_c15,SMPA-EG_censier_0015
person,Jehan,#SMPA-EG_censier_p181_c15,SMPA-EG_censier_0015
person,Thomas de Meunz,#SMPA-EG_censier_p181_c15,SMPA-EG_censier_0015
place,Seint Merri,#SMPA-EG_censier_p181_c16,SMPA-EG_censier_0016
person,Guillaume,#SMPA-EG_censier_p181_c16,SMPA-EG_censier_0016
person,Henri de Laon,#SMPA-EG_censier_p182_c16_6,SMPA-EG_censier_0016
person,Jehan de Champiaus,#SMPA-EG_censier_p182_c16_6,SMPA-EG_censier_0016
place,Seint Martin,#SMPA-EG_censier_p182_c16_6,SMPA-EG_censier_0016
person,Guilleume Gales,#SMPA-EG_censier_p182_c16_6,SMPA-EG_censier_0016
person,Guilleume de Meuns,#SMPA-EG_censier_p182_c16_6,SMPA-EG_censier_0016
person,Henri du Pressoeur,#SMPA-EG_censier_p182_c16_6,SMPA-EG_censier_0016
place,Seint Germain,#SMPA-EG_censier_p182_c17,SMPA-EG_censier_0017
place,Seint Germain,#SMPA-EG_censier_p182_c17,SMPA-EG_censier_0017
place,Seint Merri,#SMPA-EG_censier_p182_c17,SMPA-EG_censier_0017
place,Seint Merri,#SMPA-EG_censier_p182_c17,SMPA-EG_censier_0017
place,Seint Germain,#SMPA-EG_censier_p182_c17,SMPA-EG_censier_0017
place,Chastellet,#SMPA-EG_censier_p182_c17,SMPA-EG_censier_0017
place,Seint Jehan,#SMPA-EG_censier_p182_c17,SMPA-EG_censier_0017
person,Pierre le Borcier,#SMPA-EG_censier_p183_c17_5,SMPA-EG_censier_0017
place,Symon Franc,#SMPA-EG_censier_p183_c17_5,SMPA-EG_censier_0017
person,Evrart le Charpentier,#SMPA-EG_censier_p183_c17_5,SMPA-EG_censier_0017
place,S. Germain,#SMPA-EG_censier_p183_c17_5,SMPA-EG_censier_0017
place,Seint Remi,#SMPA-EG_censier_p183_c19,SMPA-EG_censier_0019
place,Encloistre,#SMPA-EG_censier_p183_c19,SMPA-EG_censier_0019
person,Nicholas de Rosai,#SMPA-EG_censier_p183_c19,SMPA-EG_censier_0019
person,Jaque de Columbiers,#SMPA-EG_censier_p183_c19,SMPA-EG_censier_0019
person,Aubert le Linier,#SMPA-EG_censier_p183_c19,SMPA-EG_censier_0019
person,Estienne,#SMPA-EG_censier_p183_c19,SMPA-EG_censier_0019
person,Basile,#SMPA-EG_censier_p183_c19,SMPA-EG_censier_0019
person,Alain de Pontayse,#SMPA-EG_censier_p183_c19,SMPA-EG_censier_0019
person,Jehan de Dueul,#SMPA-EG_censier_p183_c19,SMPA-EG_censier_0019
person,Guilleume Langlois,#SMPA-EG_censier_p183_c19,SMPA-EG_censier_0019
person,Geufroi le Madelinier,#SMPA-EG_censier_p183_c19,SMPA-EG_censier_0019
person,Richart,#SMPA-EG_censier_p183_c19,SMPA-EG_censier_0019
person,Gui,#SMPA-EG_censier_p183_c19,SMPA-EG_censier_0019
person,Heude le Queuc,#SMPA-EG_censier_p183_c19,SMPA-EG_censier_0019
person,Estiene de Suci,#SMPA-EG_censier_p183_c19,SMPA-EG_censier_0019
person,Hue le Madelinier,#SMPA-EG_censier_p184_c19_15,SMPA-EG_censier_0019
person,Andriu Quenel,#SMPA-EG_censier_p184_c19_15,SMPA-EG_censier_0019
person,Pierre Warroquier,#SMPA-EG_censier_p184_c19_15,SMPA-EG_censier_0019
place,Seint Martin,#SMPA-EG_censier_p184_c20,SMPA-EG_censier_0020
place,Seint Merri,#SMPA-EG_censier_p184_c20,SMPA-EG_censier_0020
person,Jehan,#SMPA-EG_censier_p184_c20,SMPA-EG_censier_0020
person,Thomas,#SMPA-EG_censier_p184_c21,SMPA-EG_censier_0021
person,Thomas le Chandelier,#SMPA-EG_censier_p184_c21,SMPA-EG_censier_0021
person,Jehan Boulengier,#SMPA-EG_censier_p184_c21,SMPA-EG_censier_0021
person,Ysabieu,#SMPA-EG_censier_p184_c21,SMPA-EG_censier_0021
person,Estiene de Conches,#SMPA-EG_censier_p184_c21,SMPA-EG_censier_0021
person,Aden le Derame,#SMPA-EG_censier_p184_c22,SMPA-EG_censier_0022
person,Daniel le Breto,#SMPA-EG_censier_p184_c22,SMPA-EG_censier_0022
person,Jehan de Sezanne,#SMPA-EG_censier_p184_c22,SMPA-EG_censier_0022
place,Gieffre,#SMPA-EG_censier_p184_c23,SMPA-EG_censier_0023
person,Yve des Pavellons,#SMPA-EG_censier_p184_c23,SMPA-EG_censier_0023
person,Gui,#SMPA-EG_censier_p184_c23,SMPA-EG_censier_0023
person,Jehan de Peronne,#SMPA-EG_censier_p185_c23_7,SMPA-EG_censier_0023
person,Ernoul Pellerin,#SMPA-EG_censier_p185_c23_7,SMPA-EG_censier_0023
person,Guillaume le Potier,#SMPA-EG_censier_p185_c23_7,SMPA-EG_censier_0023
person,Nicholaus Hydellon,#SMPA-EG_censier_p185_c24,SMPA-EG_censier_0024
person,Robert de Corbuelh,#SMPA-EG_censier_p185_c24,SMPA-EG_censier_0024
person,Guillaume Quoquere,#SMPA-EG_censier_p185_c24,SMPA-EG_censier_0024
person,Guillaume Quoquere,#SMPA-EG_censier_p185_c24,SMPA-EG_censier_0024
place,Seint Merry,#SMPA-EG_censier_p185_c24,SMPA-EG_censier_0024
person,Jehan de Ro,#SMPA-EG_censier_p185_c24,SMPA-EG_censier_0024
person,Guillaume Quinevint,#SMPA-EG_censier_p185_c24,SMPA-EG_censier_0024
person,Gile,#SMPA-EG_censier_p185_c25,SMPA-EG_censier_0025
person,Guillaume Lenglois,#SMPA-EG_censier_p185_c25,SMPA-EG_censier_0025
person,Pierre de Pontoize,#SMPA-EG_censier_p185_c26,SMPA-EG_censier_0026
person,Estiene le Gros,#SMPA-EG_censier_p185_c26,SMPA-EG_censier_0026
person,Jaque le Breto,#SMPA-EG_censier_p185_c26,SMPA-EG_censier_0026
person,Jehan,#SMPA-EG_censier_p185_c26,SMPA-EG_censier_0026
person,Guilleume Langlois,#SMPA-EG_censier_p185_c26,SMPA-EG_censier_0026
person,Simon de Denmertin,#SMPA-EG_censier_p185_c26,SMPA-EG_censier_0026
person,Estiene de Nuefchastieu,#SMPA-EG_censier_p185_c26,SMPA-EG_censier_0026
place,Seint Denis,#SMPA-EG_censier_p186_c26_12,SMPA-EG_censier_0026
person,Guy,#SMPA-EG_censier_p186_c26_12,SMPA-EG_censier_0026
person,Emeline la Fauconniere,#SMPA-EG_censier_p186_c26_12,SMPA-EG_censier_0026
place,Pierre Aulart,#SMPA-EG_censier_p186_c27,SMPA-EG_censier_0027
person,Guillaume Espaulart,#SMPA-EG_censier_p186_c27,SMPA-EG_censier_0027
person,Ancel de Morgneval,#SMPA-EG_censier_p186_c27,SMPA-EG_censier_0027
person,Gui Loubert,#SMPA-EG_censier_p186_c27,SMPA-EG_censier_0027
place,Lambert de Chielle,#SMPA-EG_censier_p186_c28,SMPA-EG_censier_0028
person,Jehan de Chielle,#SMPA-EG_censier_p186_c28,SMPA-EG_censier_0028
person,Geufroi de Saveni,#SMPA-EG_censier_p186_c28,SMPA-EG_censier_0028
place,Seinte Katherine,#SMPA-EG_censier_p186_c29,SMPA-EG_censier_0029
person,Doulce de Fleurance Loubert,#SMPA-EG_censier_p186_c29,SMPA-EG_censier_0029
person,Pierre de Dieppe,#SMPA-EG_censier_p186_c29,SMPA-EG_censier_0029
person,Maci de Mont Evrain,#SMPA-EG_censier_p186_c29,SMPA-EG_censier_0029
person,Jaquet Bourgois,#SMPA-EG_censier_p186_c29,SMPA-EG_censier_0029
person,Jehan Poillevilein,#SMPA-EG_censier_p186_c29,SMPA-EG_censier_0029
person,Pierre Tibert,#SMPA-EG_censier_p186_c30,SMPA-EG_censier_0030
person,Marie,#SMPA-EG_censier_p186_c30,SMPA-EG_censier_0030
person,Jehan Roucel,#SMPA-EG_censier_p186_c30,SMPA-EG_censier_0030
place,Seint Denis,#SMPA-EG_censier_p186_c31,SMPA-EG_censier_0031
person,Alain le Chaucier,#SMPA-EG_censier_p186_c31,SMPA-EG_censier_0031
person,Jehan le Cot,#SMPA-EG_censier_p186_c31,SMPA-EG_censier_0031
person,Henri de Laon,#SMPA-EG_censier_p187_c31_9,SMPA-EG_censier_0031
person,Jehan de Champiaus,#SMPA-EG_censier_p187_c31_9,SMPA-EG_censier_0031
person,Guilleume Gales,#SMPA-EG_censier_p187_c31_9,SMPA-EG_censier_0031
person,Henri du Pressoeur,#SMPA-EG_censier_p187_c31_9,SMPA-EG_censier_0031
place,Seint Germain,#SMPA-EG_censier_p187_c31_9,SMPA-EG_censier_0031
place,Seint Remi,#SMPA-EG_censier_p187_c32,SMPA-EG_censier_0032
place,Seint Merri,#SMPA-EG_censier_p187_c32,SMPA-EG_censier_0032
place,Seint Remi,#SMPA-EG_censier_p187_c32,SMPA-EG_censier_0032
person,Hue Toustée de Darenci,#SMPA-EG_censier_p187_c32,SMPA-EG_censier_0032
person,Guilleume Moute de Darenci,#SMPA-EG_censier_p187_c32,SMPA-EG_censier_0032
person,Estiene de Lecue,#SMPA-EG_censier_p187_c32,SMPA-EG_censier_0032
person,Jehan Aulart de Darenci,#SMPA-EG_censier_p188_c32_7,SMPA-EG_censier_0032
place,Seint Germain,#SMPA-EG_censier_p188_c32_7,SMPA-EG_censier_0032
person,Thomas le Lonc,#SMPA-EG_censier_p188_c32_7,SMPA-EG_censier_0032
person,Guillot Trosziane,#SMPA-EG_censier_p188_c32_7,SMPA-EG_censier_0032
person,Jehan Bouillie de Darenci,#SMPA-EG_censier_p188_c32_7,SMPA-EG_censier_0032
person,Jehan Guoguet,#SMPA-EG_censier_p188_c32_7,SMPA-EG_censier_0032
person,Guiart de Roverai,#SMPA-EG_censier_p188_c32_7,SMPA-EG_censier_0032
person,Petrus Heudin de Darenci,#SMPA-EG_censier_p188_c32_7,SMPA-EG_censier_0032
person,Guillot Trosziane,#SMPA-EG_censier_p188_c32_7,SMPA-EG_censier_0032
person,Raoul Chenel de Darenci,#SMPA-EG_censier_p188_c32_7,SMPA-EG_censier_0032
person,Adam Boulart de Darenci,#SMPA-EG_censier_p188_c32_7,SMPA-EG_censier_0032
person,Nicholaus le Charpentier de Darenci,#SMPA-EG_censier_p188_c32_7,SMPA-EG_censier_0032
person,Pierre Aulart,#SMPA-EG_censier_p188_c32_7,SMPA-EG_censier_0032
person,Jehan le Moine,#SMPA-EG_censier_p188_c32_7,SMPA-EG_censier_0032
person,Mace,#SMPA-EG_censier_p188_c32_7,SMPA-EG_censier_0032
person,Jehan,#SMPA-EG_censier_p188_c32_7,SMPA-EG_censier_0032
person,Odart le Boucher du Borgeel,#SMPA-EG_censier_p188_c32_7,SMPA-EG_censier_0032
person,Jehane de Amet de Bondis,#SMPA-EG_censier_p188_c32_7,SMPA-EG_censier_0032
person,Jehanne Loliviere,#SMPA-EG_censier_p188_c32_7,SMPA-EG_censier_0032
person,Pierre Aulart de Darenci,#SMPA-EG_censier_p188_c32_7,SMPA-EG_censier_0032
person,Nicholaus le Charpentier,#SMPA-EG_censier_p188_c32_7,SMPA-EG_censier_0032
person,Guilleume le Boulengier du Borgeel,#SMPA-EG_censier_p188_c32_7,SMPA-EG_censier_0032
person,Heude le Bouchier du Borgeel,#SMPA-EG_censier_p189_c32_19,SMPA-EG_censier_0032
person,Hervi le Coc du Borgeel,#SMPA-EG_censier_p189_c32_19,SMPA-EG_censier_0032
person,Robert Bernier,#SMPA-EG_censier_p189_c32_19,SMPA-EG_censier_0032
person,Hervi le Coc du Borgeel,#SMPA-EG_censier_p189_c32_19,SMPA-EG_censier_0032
person,Guillaume le Coc,#SMPA-EG_censier_p189_c32_19,SMPA-EG_censier_0032
person,Girart,#SMPA-EG_censier_p189_c32_19,SMPA-EG_censier_0032
place,Seint Germain,#SMPA-EG_censier_p189_c32_19,SMPA-EG_censier_0032
person,Jehan Guoguet de Baubegni,#SMPA-EG_censier_p189_c32_19,SMPA-EG_censier_0032
person,Perronelle le Soutie,#SMPA-EG_censier_p189_c32_19,SMPA-EG_censier_0032
person,Adam le Meire de Darenci,#SMPA-EG_censier_p189_c32_19,SMPA-EG_censier_0032
person,Jehan,#SMPA-EG_censier_p189_c32_19,SMPA-EG_censier_0032
person,Raoul,#SMPA-EG_censier_p189_c32_19,SMPA-EG_censier_0032
person,Girart,#SMPA-EG_censier_p189_c32_19,SMPA-EG_censier_0032
person,Perronelle,#SMPA-EG_censier_p189_c32_19,SMPA-EG_censier_0032
person,Jehan Guoguet,#SMPA-EG_censier_p189_c32_19,SMPA-EG_censier_0032
person,Guillaume Guillot Trosziane de Darenci,#SMPA-EG_censier_p189_c32_19,SMPA-EG_censier_0032
person,Jehan Mouton,#SMPA-EG_censier_p189_c32_19,SMPA-EG_censier_0032
person,Guillaume Guillot,#SMPA-EG_censier_p189_c32_19,SMPA-EG_censier_0032
place,Seint Germain,#SMPA-EG_censier_p189_c32_19,SMPA-EG_censier_0032
person,Jehan Toustée,#SMPA-EG_censier_p189_c32_19,SMPA-EG_censier_0032
person,Hue Toustée,#SMPA-EG_censier_p189_c32_19,SMPA-EG_censier_0032
person,Nicholaus le Charpentier,#SMPA-EG_censier_p189_c32_19,SMPA-EG_censier_0032
person,Jehane,#SMPA-EG_censier_p190_c32_28,SMPA-EG_censier_0032
person,Thomas le Long du Borgeel,#SMPA-EG_censier_p190_c32_28,SMPA-EG_censier_0032
person,Thomas le Porchier,#SMPA-EG_censier_p190_c32_28,SMPA-EG_censier_0032
person,Aubert,#SMPA-EG_censier_p190_c32_28,SMPA-EG_censier_0032
place,Trinité,#SMPA-EG_censier_p190_c32_28,SMPA-EG_censier_0032
person,Guillaume le Coc,#SMPA-EG_censier_p190_c32_28,SMPA-EG_censier_0032
person,Martin Briquet de Baubegni,#SMPA-EG_censier_p190_c32_28,SMPA-EG_censier_0032
person,Pierre le Fievre,#SMPA-EG_censier_p190_c32_28,SMPA-EG_censier_0032
person,Guillaume de Guonesche,#SMPA-EG_censier_p190_c32_28,SMPA-EG_censier_0032
person,Guillot le Coc du Borgeel,#SMPA-EG_censier_p190_c32_28,SMPA-EG_censier_0032
person,Odart le Bouchier,#SMPA-EG_censier_p190_c32_28,SMPA-EG_censier_0032
person,Maci Lorier,#SMPA-EG_censier_p190_c32_28,SMPA-EG_censier_0032
person,Thomas le Porchier,#SMPA-EG_censier_p190_c32_28,SMPA-EG_censier_0032
person,Jehane,#SMPA-EG_censier_p190_c32_28,SMPA-EG_censier_0032
person,Jehane Amet de Bondis,#SMPA-EG_censier_p190_c32_28,SMPA-EG_censier_0032
person,Jehan,#SMPA-EG_censier_p190_c32_28,SMPA-EG_censier_0032
person,Agnes,#SMPA-EG_censier_p190_c32_28,SMPA-EG_censier_0032
person,Jehan le Breto,#SMPA-EG_censier_p190_c32_28,SMPA-EG_censier_0032
person,Martin Briquet,#SMPA-EG_censier_p191_c32_35,SMPA-EG_censier_0032
person,Estienne Loisellet de Paris,#SMPA-EG_censier_p191_c32_35,SMPA-EG_censier_0032
person,Odart le Boucher,#SMPA-EG_censier_p191_c32_35,SMPA-EG_censier_0032
person,Jehan de Aironville,#SMPA-EG_censier_p191_c32_35,SMPA-EG_censier_0032
person,Guillaume le Boulengier,#SMPA-EG_censier_p191_c32_35,SMPA-EG_censier_0032
place,Seint Denis,#SMPA-EG_censier_p191_c32_35,SMPA-EG_censier_0032
person,Raoul le Chastellein de Livri,#SMPA-EG_censier_p191_c32_35,SMPA-EG_censier_0032
person,Jehan le Charpentier,#SMPA-EG_censier_p191_c32_35,SMPA-EG_censier_0032
person,Jehan,#SMPA-EG_censier_p191_c32_35,SMPA-EG_censier_0032
person,Maci Lorier,#SMPA-EG_censier_p191_c32_35,SMPA-EG_censier_0032
person,Estienne Loisellet,#SMPA-EG_censier_p191_c32_35,SMPA-EG_censier_0032
person,Guillaume le Coc,#SMPA-EG_censier_p191_c32_35,SMPA-EG_censier_0032
place,Seint Merri de Paris,#SMPA-EG_censier_p191_c34,SMPA-EG_censier_0034
place,Seint Remi,#SMPA-EG_censier_p191_c34,SMPA-EG_censier_0034
place,Seint Denis,#SMPA-EG_censier_p191_c34,SMPA-EG_censier_0034
place,Encloistre,#SMPA-EG_censier_p191_c34,SMPA-EG_censier_0034
person,Pierre,#SMPA-EG_censier_p191_c34,SMPA-EG_censier_0034
person,Estiene Malpas,#SMPA-EG_censier_p191_c34,SMPA-EG_censier_0034
person,Pierre,#SMPA-EG_censier_p191_c34,SMPA-EG_censier_0034
person,Pierre,#SMPA-EG_censier_p191_c34,SMPA-EG_censier_0034
place,Seint Estiene,#SMPA-EG_censier_p192_c34_6,SMPA-EG_censier_0034
person,Nicholaus de Rosai,#SMPA-EG_censier_p192_c34_6,SMPA-EG_censier_0034
person,Ancel,#SMPA-EG_censier_p192_c34_6,SMPA-EG_censier_0034
person,Pierre,#SMPA-EG_censier_p192_c34_6,SMPA-EG_censier_0034
person,Girart de Cul,#SMPA-EG_censier_p192_c34_6,SMPA-EG_censier_0034
person,Nicholaus de Rosai,#SMPA-EG_censier_p192_c34_6,SMPA-EG_censier_0034
person,Jehan,#SMPA-EG_censier_p192_c34_6,SMPA-EG_censier_0034
person,Lancelot,#SMPA-EG_censier_p192_c34_6,SMPA-EG_censier_0034
person,Jehan Marceu,#SMPA-EG_censier_p192_c34_6,SMPA-EG_censier_0034
person,Lancelot,#SMPA-EG_censier_p192_c34_6,SMPA-EG_censier_0034
person,Jaque de Columbiers,#SMPA-EG_censier_p192_c34_6,SMPA-EG_censier_0034
person,Jehan Marceu,#SMPA-EG_censier_p192_c34_6,SMPA-EG_censier_0034
person,Jehan Marceu,#SMPA-EG_censier_p192_c34_6,SMPA-EG_censier_0034
person,Guilleume le Mereschalc,#SMPA-EG_censier_p192_c34_6,SMPA-EG_censier_0034
person,Guilleume le Mereschalc,#SMPA-EG_censier_p192_c34_6,SMPA-EG_censier_0034
person,Heude Neuveu,#SMPA-EG_censier_p192_c34_6,SMPA-EG_censier_0034
person,Guilleume,#SMPA-EG_censier_p192_c34_6,SMPA-EG_censier_0034
person,Raoul de Seint Laurens,#SMPA-EG_censier_p192_c34_6,SMPA-EG_censier_0034
person,Jehane,#SMPA-EG_censier_p192_c34_6,SMPA-EG_censier_0034
person,Gile Maupas,#SMPA-EG_censier_p192_c34_6,SMPA-EG_censier_0034
person,Jehan Maupas,#SMPA-EG_censier_p192_c34_6,SMPA-EG_censier_0034
person,Pierre Marceu,#SMPA-EG_censier_p192_c34_6,SMPA-EG_censier_0034
person,Aubert le Linier,#SMPA-EG_censier_p193_c34_17,SMPA-EG_censier_0034
person,Basile,#SMPA-EG_censier_p193_c34_17,SMPA-EG_censier_0034
place,Encloistre,#SMPA-EG_censier_p193_c34_17,SMPA-EG_censier_0034
person,Richart,#SMPA-EG_censier_p193_c34_17,SMPA-EG_censier_0034
person,Gui,#SMPA-EG_censier_p193_c34_17,SMPA-EG_censier_0034
person,Jehan de Dueil,#SMPA-EG_censier_p193_c34_17,SMPA-EG_censier_0034
place,Encloistre,#SMPA-EG_censier_p193_c34_17,SMPA-EG_censier_0034
person,Pierre Verroquier,#SMPA-EG_censier_p193_c34_17,SMPA-EG_censier_0034
person,Pierre Ruble,#SMPA-EG_censier_p193_c34_17,SMPA-EG_censier_0034
person,Guilleume le Borgne,#SMPA-EG_censier_p193_c34_17,SMPA-EG_censier_0034
person,Jehan,#SMPA-EG_censier_p193_c34_17,SMPA-EG_censier_0034
person,Guilleume de Loviers,#SMPA-EG_censier_p193_c34_17,SMPA-EG_censier_0034
person,Jehan de Fossez,#SMPA-EG_censier_p193_c34_17,SMPA-EG_censier_0034
person,Guilleume le Borgne,#SMPA-EG_censier_p193_c34_17,SMPA-EG_censier_0034
person,Jehan des Vignes,#SMPA-EG_censier_p193_c34_17,SMPA-EG_censier_0034
person,Pierre Verroquier,#SMPA-EG_censier_p193_c34_17,SMPA-EG_censier_0034
person,Richart Anquetin,#SMPA-EG_censier_p193_c34_17,SMPA-EG_censier_0034
person,Richart Anquetin,#SMPA-EG_censier_p193_c34_17,SMPA-EG_censier_0034
person,Jehan Berenger,#SMPA-EG_censier_p193_c34_17,SMPA-EG_censier_0034
person,Guilleume le Borgne,#SMPA-EG_censier_p193_c34_17,SMPA-EG_censier_0034
person,Guilleume Lulier,#SMPA-EG_censier_p193_c34_17,SMPA-EG_censier_0034
person,Robert de Brueires,#SMPA-EG_censier_p193_c34_17,SMPA-EG_censier_0034
person,Marguerite,#SMPA-EG_censier_p193_c34_17,SMPA-EG_censier_0034
person,Estiene Audri,#SMPA-EG_censier_p193_c34_17,SMPA-EG_censier_0034
person,Jehan Haudry,#SMPA-EG_censier_p193_c34_17,SMPA-EG_censier_0034
person,Ysabieu le Macié,#SMPA-EG_censier_p193_c34_17,SMPA-EG_censier_0034
person,Robert de Brueires,#SMPA-EG_censier_p193_c34_17,SMPA-EG_censier_0034
person,Guilleume Langlois,#SMPA-EG_censier_p193_c34_17,SMPA-EG_censier_0034
person,Rogier,#SMPA-EG_censier_p194_c34_28,SMPA-EG_censier_0034
person,Gui de Dampmartin,#SMPA-EG_censier_p194_c34_28,SMPA-EG_censier_0034
person,Guilleume Langlois,#SMPA-EG_censier_p194_c34_28,SMPA-EG_censier_0034
person,Michiel Langel,#SMPA-EG_censier_p194_c34_28,SMPA-EG_censier_0034
person,Michiel Langel,#SMPA-EG_censier_p194_c34_28,SMPA-EG_censier_0034
person,Alain le Queusinier,#SMPA-EG_censier_p194_c34_28,SMPA-EG_censier_0034
person,Girart de Cul,#SMPA-EG_censier_p194_c34_28,SMPA-EG_censier_0034
person,Richart,#SMPA-EG_censier_p194_c34_28,SMPA-EG_censier_0034
person,Basile,#SMPA-EG_censier_p194_c34_28,SMPA-EG_censier_0034
place,Encloistre,#SMPA-EG_censier_p194_c34_28,SMPA-EG_censier_0034
person,Heude le Queuc,#SMPA-EG_censier_p194_c34_28,SMPA-EG_censier_0034
person,Heude le Queuc,#SMPA-EG_censier_p194_c34_28,SMPA-EG_censier_0034
person,Robert le Queusinier,#SMPA-EG_censier_p194_c34_28,SMPA-EG_censier_0034
person,Richart le Garsson,#SMPA-EG_censier_p194_c34_28,SMPA-EG_censier_0034
person,Robert le Queusinier,#SMPA-EG_censier_p194_c34_28,SMPA-EG_censier_0034
person,Robert,#SMPA-EG_censier_p194_c34_28,SMPA-EG_censier_0034
person,Jehan Coquagne,#SMPA-EG_censier_p194_c34_28,SMPA-EG_censier_0034
person,Guilleume Langlois,#SMPA-EG_censier_p194_c34_28,SMPA-EG_censier_0034
person,Jehan Arrode,#SMPA-EG_censier_p194_c34_28,SMPA-EG_censier_0034
person,Guilleume Langlois,#SMPA-EG_censier_p194_c34_28,SMPA-EG_censier_0034
person,Hue le Madelenier,#SMPA-EG_censier_p195_c34_37,SMPA-EG_censier_0034
person,Guilleume Langlois,#SMPA-EG_censier_p195_c34_37,SMPA-EG_censier_0034
place,S. Merri,#SMPA-EG_censier_p195_c34_37,SMPA-EG_censier_0034
place,Seint Merri,#SMPA-EG_censier_p195_c35,SMPA-EG_censier_0035
place,Seint Martin,#SMPA-EG_censier_p195_c35,SMPA-EG_censier_0035
person,Estiene de Peirone,#SMPA-EG_censier_p195_c35,SMPA-EG_censier_0035
person,Jehan le Chambellent,#SMPA-EG_censier_p195_c35,SMPA-EG_censier_0035
person,Jehan Bruneu,#SMPA-EG_censier_p195_c35,SMPA-EG_censier_0035
person,Jehan le Blont,#SMPA-EG_censier_p195_c35,SMPA-EG_censier_0035
person,Marie de Peirone,#SMPA-EG_censier_p195_c35,SMPA-EG_censier_0035
person,Pierre du Val,#SMPA-EG_censier_p195_c35,SMPA-EG_censier_0035
person,Jehan le Blont,#SMPA-EG_censier_p195_c35,SMPA-EG_censier_0035
person,Estiene de Peirone,#SMPA-EG_censier_p195_c35,SMPA-EG_censier_0035
person,Richart des Polies,#SMPA-EG_censier_p195_c35,SMPA-EG_censier_0035
person,Andri,#SMPA-EG_censier_p195_c35,SMPA-EG_censier_0035
person,Thomas,#SMPA-EG_censier_p195_c35,SMPA-EG_censier_0035
person,Andri Foace,#SMPA-EG_censier_p195_c35,SMPA-EG_censier_0035
person,Andri Foace,#SMPA-EG_censier_p195_c35,SMPA-EG_censier_0035
person,Rogier le Talleeur,#SMPA-EG_censier_p195_c35,SMPA-EG_censier_0035
person,Jehan de Biaumont,#SMPA-EG_censier_p195_c35,SMPA-EG_censier_0035
person,Pierre de Gornai,#SMPA-EG_censier_p195_c35,SMPA-EG_censier_0035
person,Jehan Langlois de Capite,#SMPA-EG_censier_p195_c35,SMPA-EG_censier_0035
person,Jehan du Chemin,#SMPA-EG_censier_p195_c35,SMPA-EG_censier_0035
person,Martin,#SMPA-EG_censier_p195_c35,SMPA-EG_censier_0035
person,Margarite Desnes,#SMPA-EG_censier_p195_c35,SMPA-EG_censier_0035
person,Jehan Langlois,#SMPA-EG_censier_p195_c35,SMPA-EG_censier_0035
person,Martin,#SMPA-EG_censier_p196_c35_7,SMPA-EG_censier_0035
person,Margarite,#SMPA-EG_censier_p196_c35_7,SMPA-EG_censier_0035
person,Pierre de Gornai,#SMPA-EG_censier_p196_c35_7,SMPA-EG_censier_0035
person,Guilleume de Loviers,#SMPA-EG_censier_p196_c35_7,SMPA-EG_censier_0035
person,Jehan de Fossez,#SMPA-EG_censier_p196_c35_7,SMPA-EG_censier_0035
person,Rogier du Fruit,#SMPA-EG_censier_p196_c35_7,SMPA-EG_censier_0035
person,Jehan,#SMPA-EG_censier_p196_c35_7,SMPA-EG_censier_0035
person,Maci Pizdoe,#SMPA-EG_censier_p196_c35_7,SMPA-EG_censier_0035
person,Jehan des Essarz,#SMPA-EG_censier_p196_c35_7,SMPA-EG_censier_0035
person,Rogier,#SMPA-EG_censier_p196_c35_7,SMPA-EG_censier_0035
person,Nicholaus de Pontayse,#SMPA-EG_censier_p196_c35_7,SMPA-EG_censier_0035
person,Pierre des Essarts,#SMPA-EG_censier_p196_c35_7,SMPA-EG_censier_0035
person,Rogier le Talleeur,#SMPA-EG_censier_p196_c36,SMPA-EG_censier_0036
person,Jehan Bignon,#SMPA-EG_censier_p196_c36,SMPA-EG_censier_0036
person,Andri Foace,#SMPA-EG_censier_p196_c36,SMPA-EG_censier_0036
person,Rogier Lulier,#SMPA-EG_censier_p196_c36,SMPA-EG_censier_0036
person,Jehan Beneit,#SMPA-EG_censier_p196_c36,SMPA-EG_censier_0036
place,Seint Merri,#SMPA-EG_censier_p196_c36,SMPA-EG_censier_0036
person,Rogier Lulier,#SMPA-EG_censier_p196_c36,SMPA-EG_censier_0036
person,Rogier le Talleeur,#SMPA-EG_censier_p196_c36,SMPA-EG_censier_0036
person,Andri,#SMPA-EG_censier_p196_c36,SMPA-EG_censier_0036
person,Thomas,#SMPA-EG_censier_p196_c36,SMPA-EG_censier_0036
person,Pierre Brice,#SMPA-EG_censier_p196_c36,SMPA-EG_censier_0036
person,Andri Langlois,#SMPA-EG_censier_p196_c36,SMPA-EG_censier_0036
person,Rogier Lulier,#SMPA-EG_censier_p196_c36,SMPA-EG_censier_0036
place,Seint Martin,#SMPA-EG_censier_p196_c36,SMPA-EG_censier_0036
person,Thomas,#SMPA-EG_censier_p196_c36,SMPA-EG_censier_0036
person,Symon,#SMPA-EG_censier_p196_c36,SMPA-EG_censier_0036
person,Guilleume le Cordoanier,#SMPA-EG_censier_p197_c36_5,SMPA-EG_censier_0036
person,Thomas,#SMPA-EG_censier_p197_c36_5,SMPA-EG_censier_0036
person,Symon,#SMPA-EG_censier_p197_c36_5,SMPA-EG_censier_0036
person,Jehan le Normant,#SMPA-EG_censier_p197_c36_5,SMPA-EG_censier_0036
person,Symon,#SMPA-EG_censier_p197_c36_5,SMPA-EG_censier_0036
person,Jaque le Prestre,#SMPA-EG_censier_p197_c36_5,SMPA-EG_censier_0036
person,Jehan le Prestre,#SMPA-EG_censier_p197_c36_5,SMPA-EG_censier_0036
person,Jehane,#SMPA-EG_censier_p197_c36_5,SMPA-EG_censier_0036
person,Raoul de Conches,#SMPA-EG_censier_p197_c36_5,SMPA-EG_censier_0036
person,Jehan le Blont,#SMPA-EG_censier_p197_c36_5,SMPA-EG_censier_0036
person,Maci Bordo,#SMPA-EG_censier_p197_c36_5,SMPA-EG_censier_0036
person,Marie le Blanchete,#SMPA-EG_censier_p197_c36_5,SMPA-EG_censier_0036
person,Raoul de Conches,#SMPA-EG_censier_p197_c36_5,SMPA-EG_censier_0036
person,Jehan le Prestre,#SMPA-EG_censier_p197_c36_5,SMPA-EG_censier_0036
person,Andri Langlois,#SMPA-EG_censier_p197_c36_5,SMPA-EG_censier_0036
person,Gieffre,#SMPA-EG_censier_p197_c36_5,SMPA-EG_censier_0036
person,Raoul,#SMPA-EG_censier_p197_c36_5,SMPA-EG_censier_0036
place,Trinité,#SMPA-EG_censier_p197_c36_5,SMPA-EG_censier_0036
place,Trinité,#SMPA-EG_censier_p197_c36_5,SMPA-EG_censier_0036
place,Seint Denis,#SMPA-EG_censier_p197_c36_5,SMPA-EG_censier_0036
person,Robert de Corbuell,#SMPA-EG_censier_p197_c36_5,SMPA-EG_censier_0036
place,Biaubourc,#SMPA-EG_censier_p197_c36_5,SMPA-EG_censier_0036
place,Seint Martin,#SMPA-EG_censier_p198_c36_14,SMPA-EG_censier_0036
place,Seint Merri,#SMPA-EG_censier_p198_c36_14,SMPA-EG_censier_0036
person,Jehan Maceu,#SMPA-EG_censier_p198_c36_14,SMPA-EG_censier_0036
person,Lancelot Barate,#SMPA-EG_censier_p198_c36_14,SMPA-EG_censier_0036
place,Seint Martin,#SMPA-EG_censier_p198_c36_14,SMPA-EG_censier_0036
person,Raoul de Conches,#SMPA-EG_censier_p198_c36_14,SMPA-EG_censier_0036
person,Jehan,#SMPA-EG_censier_p198_c36_14,SMPA-EG_censier_0036
person,Robert le Breto,#SMPA-EG_censier_p198_c36_14,SMPA-EG_censier_0036
person,Thierry,#SMPA-EG_censier_p198_c36_14,SMPA-EG_censier_0036
person,Robert le Breto,#SMPA-EG_censier_p198_c36_14,SMPA-EG_censier_0036
person,Raoul de Conches,#SMPA-EG_censier_p198_c36_14,SMPA-EG_censier_0036
person,Estiene de Conches,#SMPA-EG_censier_p198_c36_14,SMPA-EG_censier_0036
person,Heude de Corbuell,#SMPA-EG_censier_p198_c36_14,SMPA-EG_censier_0036
person,Estiene de Conches,#SMPA-EG_censier_p198_c36_14,SMPA-EG_censier_0036
person,Robert,#SMPA-EG_censier_p198_c36_14,SMPA-EG_censier_0036
person,Michel de Morgneval,#SMPA-EG_censier_p198_c36_14,SMPA-EG_censier_0036
person,Jehane la Regnaude,#SMPA-EG_censier_p198_c36_14,SMPA-EG_censier_0036
person,Jehan Harrode,#SMPA-EG_censier_p198_c36_14,SMPA-EG_censier_0036
person,Jehan des Essarz,#SMPA-EG_censier_p198_c36_14,SMPA-EG_censier_0036
person,Perrin Bourgois,#SMPA-EG_censier_p198_c36_14,SMPA-EG_censier_0036
person,Michiel de Morgneval,#SMPA-EG_censier_p198_c36_14,SMPA-EG_censier_0036
person,Jehane,#SMPA-EG_censier_p198_c36_14,SMPA-EG_censier_0036
person,Estiene,#SMPA-EG_censier_p198_c36_14,SMPA-EG_censier_0036
person,Nicholaus de Rosai,#SMPA-EG_censier_p198_c36_14,SMPA-EG_censier_0036
person,Ancel,#SMPA-EG_censier_p198_c36_14,SMPA-EG_censier_0036
person,Bertaut,#SMPA-EG_censier_p198_c36_14,SMPA-EG_censier_0036
person,Ancel,#SMPA-EG_censier_p198_c36_14,SMPA-EG_censier_0036
person,Nicholaus de Rosai,#SMPA-EG_censier_p198_c36_14,SMPA-EG_censier_0036
person,Michiel,#SMPA-EG_censier_p198_c36_14,SMPA-EG_censier_0036
person,Jehan Tibout,#SMPA-EG_censier_p198_c36_14,SMPA-EG_censier_0036
person,Ysabieu le Renarde,#SMPA-EG_censier_p198_c36_14,SMPA-EG_censier_0036
person,Guiart de Reins,#SMPA-EG_censier_p198_c36_14,SMPA-EG_censier_0036
person,Guiart de Reins,#SMPA-EG_censier_p199_c36_26,SMPA-EG_censier_0036
person,Petrus,#SMPA-EG_censier_p199_c36_26,SMPA-EG_censier_0036
place,Chastellet,#SMPA-EG_censier_p199_c36_26,SMPA-EG_censier_0036
place,Robert de Paris,#SMPA-EG_censier_p199_c36_26,SMPA-EG_censier_0036
person,Robert,#SMPA-EG_censier_p199_c36_26,SMPA-EG_censier_0036
person,Thomas le Chandelier,#SMPA-EG_censier_p199_c36_26,SMPA-EG_censier_0036
place,Chastellet,#SMPA-EG_censier_p199_c36_26,SMPA-EG_censier_0036
person,Symon Barbete,#SMPA-EG_censier_p199_c36_26,SMPA-EG_censier_0036
person,Andri Langlois,#SMPA-EG_censier_p199_c36_26,SMPA-EG_censier_0036
person,Johannes Lureii,#SMPA-EG_censier_p199_c36_26,SMPA-EG_censier_0036
person,Thomas le Chandelier,#SMPA-EG_censier_p199_c36_26,SMPA-EG_censier_0036
person,Jehan le Breto,#SMPA-EG_censier_p199_c36_26,SMPA-EG_censier_0036
person,Gandolfe,#SMPA-EG_censier_p199_c36_26,SMPA-EG_censier_0036
person,Jehan le Breto,#SMPA-EG_censier_p199_c36_26,SMPA-EG_censier_0036
person,Gandolfe,#SMPA-EG_censier_p199_c36_26,SMPA-EG_censier_0036
person,Hue le Corneeur,#SMPA-EG_censier_p199_c36_26,SMPA-EG_censier_0036
person,Jehane,#SMPA-EG_censier_p199_c36_26,SMPA-EG_censier_0036
place,Seint Merri,#SMPA-EG_censier_p199_c36_26,SMPA-EG_censier_0036
person,Guilleume Gales,#SMPA-EG_censier_p200_c36_35,SMPA-EG_censier_0036
place,Seinte Katherine,#SMPA-EG_censier_p200_c36_35,SMPA-EG_censier_0036
person,Jehane,#SMPA-EG_censier_p200_c36_35,SMPA-EG_censier_0036
person,Nicholaus de Meuns,#SMPA-EG_censier_p200_c36_35,SMPA-EG_censier_0036
place,Seinte Katherine,#SMPA-EG_censier_p200_c36_35,SMPA-EG_censier_0036
place,Seint Merri,#SMPA-EG_censier_p200_c36_35,SMPA-EG_censier_0036
place,Seint Martin,#SMPA-EG_censier_p200_c37,SMPA-EG_censier_0037
person,Jehan,#SMPA-EG_censier_p200_c37,SMPA-EG_censier_0037
person,Margarite,#SMPA-EG_censier_p200_c37,SMPA-EG_censier_0037
person,Robert le Descharcheur,#SMPA-EG_censier_p200_c37,SMPA-EG_censier_0037
person,Thomas,#SMPA-EG_censier_p200_c37,SMPA-EG_censier_0037
person,Guilleume,#SMPA-EG_censier_p200_c37,SMPA-EG_censier_0037
person,Guilleume,#SMPA-EG_censier_p200_c37,SMPA-EG_censier_0037
person,Jehan de Villeneuve,#SMPA-EG_censier_p200_c37,SMPA-EG_censier_0037
person,Jehan,#SMPA-EG_censier_p200_c37,SMPA-EG_censier_0037
person,Guilleume,#SMPA-EG_censier_p200_c37,SMPA-EG_censier_0037
person,Margarite,#SMPA-EG_censier_p200_c37,SMPA-EG_censier_0037
person,Guilleume,#SMPA-EG_censier_p200_c37,SMPA-EG_censier_0037
person,Margarite,#SMPA-EG_censier_p200_c37,SMPA-EG_censier_0037
person,Jaque le Flamenc de Grive,#SMPA-EG_censier_p200_c37,SMPA-EG_censier_0037
person,Jehane la Renaude,#SMPA-EG_censier_p200_c37,SMPA-EG_censier_0037
person,Pierre Bonart,#SMPA-EG_censier_p201_c37_7,SMPA-EG_censier_0037
person,Estiene de Suxi,#SMPA-EG_censier_p201_c37_7,SMPA-EG_censier_0037
person,Estiene de Suxi,#SMPA-EG_censier_p201_c37_7,SMPA-EG_censier_0037
person,Pierre Bonart,#SMPA-EG_censier_p201_c37_7,SMPA-EG_censier_0037
person,Guilleume Guillot,#SMPA-EG_censier_p201_c37_7,SMPA-EG_censier_0037
person,Aden,#SMPA-EG_censier_p201_c37_7,SMPA-EG_censier_0037
person,Jehan le Prestre,#SMPA-EG_censier_p201_c37_7,SMPA-EG_censier_0037
person,Guilleume Guillot,#SMPA-EG_censier_p201_c37_7,SMPA-EG_censier_0037
person,Estienne de Suxi,#SMPA-EG_censier_p201_c37_7,SMPA-EG_censier_0037
person,Robert,#SMPA-EG_censier_p201_c37_7,SMPA-EG_censier_0037
person,Robert,#SMPA-EG_censier_p201_c37_7,SMPA-EG_censier_0037
person,Jehan Blondieu,#SMPA-EG_censier_p201_c37_7,SMPA-EG_censier_0037
person,Guillaume Guillot,#SMPA-EG_censier_p201_c37_7,SMPA-EG_censier_0037
person,Symon le Mostardier,#SMPA-EG_censier_p201_c37_7,SMPA-EG_censier_0037
person,Pierre le Queu,#SMPA-EG_censier_p201_c37_7,SMPA-EG_censier_0037
person,Symon le Mostardier,#SMPA-EG_censier_p201_c37_7,SMPA-EG_censier_0037
person,Jehan Rocin,#SMPA-EG_censier_p201_c37_7,SMPA-EG_censier_0037
person,Jehan des Pavellons,#SMPA-EG_censier_p201_c37_7,SMPA-EG_censier_0037
person,Guilleume le Breto,#SMPA-EG_censier_p201_c37_7,SMPA-EG_censier_0037
person,Estiene Nenut,#SMPA-EG_censier_p201_c37_7,SMPA-EG_censier_0037
person,Thomas,#SMPA-EG_censier_p201_c37_7,SMPA-EG_censier_0037
person,Thomas,#SMPA-EG_censier_p201_c37_7,SMPA-EG_censier_0037
person,Martin de Chartres,#SMPA-EG_censier_p201_c37_7,SMPA-EG_censier_0037
person,Nicholaus Mallert,#SMPA-EG_censier_p201_c37_7,SMPA-EG_censier_0037
person,Thomas,#SMPA-EG_censier_p201_c37_7,SMPA-EG_censier_0037
person,Jehan Rocin,#SMPA-EG_censier_p201_c37_7,SMPA-EG_censier_0037
person,Thomas,#SMPA-EG_censier_p201_c37_7,SMPA-EG_censier_0037
person,Jehan de Compiegne,#SMPA-EG_censier_p201_c37_7,SMPA-EG_censier_0037
person,Thomas,#SMPA-EG_censier_p202_c37_16,SMPA-EG_censier_0037
person,Jehan de Compiegne,#SMPA-EG_censier_p202_c37_16,SMPA-EG_censier_0037
person,Jehan,#SMPA-EG_censier_p202_c37_16,SMPA-EG_censier_0037
person,Jehan,#SMPA-EG_censier_p202_c37_16,SMPA-EG_censier_0037
person,Petrus,#SMPA-EG_censier_p202_c37_16,SMPA-EG_censier_0037
person,Thomas,#SMPA-EG_censier_p202_c37_16,SMPA-EG_censier_0037
person,Thomas le Barbier,#SMPA-EG_censier_p202_c37_16,SMPA-EG_censier_0037
person,Guilleume Herveys de S,#SMPA-EG_censier_p202_c37_16,SMPA-EG_censier_0037
person,Thomas le Barbier,#SMPA-EG_censier_p202_c37_16,SMPA-EG_censier_0037
person,Jehan,#SMPA-EG_censier_p202_c37_16,SMPA-EG_censier_0037
person,Michiel,#SMPA-EG_censier_p202_c37_16,SMPA-EG_censier_0037
person,Jehan,#SMPA-EG_censier_p202_c37_16,SMPA-EG_censier_0037
person,Richart des Polies,#SMPA-EG_censier_p202_c37_16,SMPA-EG_censier_0037
person,Michiel,#SMPA-EG_censier_p202_c37_16,SMPA-EG_censier_0037
person,Jehan,#SMPA-EG_censier_p202_c37_16,SMPA-EG_censier_0037
person,Thomas,#SMPA-EG_censier_p202_c37_16,SMPA-EG_censier_0037
person,Daniel le Breto,#SMPA-EG_censier_p202_c37_16,SMPA-EG_censier_0037
person,Daniel,#SMPA-EG_censier_p202_c37_16,SMPA-EG_censier_0037
person,Michiel,#SMPA-EG_censier_p202_c37_16,SMPA-EG_censier_0037
person,Estiene le Recouvreeur,#SMPA-EG_censier_p202_c37_16,SMPA-EG_censier_0037
place,Seint Merri,#SMPA-EG_censier_p202_c37_16,SMPA-EG_censier_0037
person,Estiene le Recovreur,#SMPA-EG_censier_p202_c37_16,SMPA-EG_censier_0037
person,Daniel,#SMPA-EG_censier_p202_c37_16,SMPA-EG_censier_0037
person,Hervi le Breto,#SMPA-EG_censier_p202_c37_16,SMPA-EG_censier_0037
person,Gile Arrode,#SMPA-EG_censier_p202_c37_16,SMPA-EG_censier_0037
person,Hervi,#SMPA-EG_censier_p202_c37_16,SMPA-EG_censier_0037
person,Ysabieu le Renarde,#SMPA-EG_censier_p202_c37_16,SMPA-EG_censier_0037
person,Martin,#SMPA-EG_censier_p202_c37_16,SMPA-EG_censier_0037
person,Renaut,#SMPA-EG_censier_p203_c37_25,SMPA-EG_censier_0037
person,Ysabieu le Renarde,#SMPA-EG_censier_p203_c37_25,SMPA-EG_censier_0037
person,Martin,#SMPA-EG_censier_p203_c37_25,SMPA-EG_censier_0037
person,Hervi,#SMPA-EG_censier_p203_c37_25,SMPA-EG_censier_0037
place,S. Martin,#SMPA-EG_censier_p203_c37_25,SMPA-EG_censier_0037
person,Guilleume Espaulart,#SMPA-EG_censier_p203_c37_25,SMPA-EG_censier_0037
person,Guy,#SMPA-EG_censier_p203_c37_25,SMPA-EG_censier_0037
person,Margarite la Bolengiere,#SMPA-EG_censier_p203_c37_25,SMPA-EG_censier_0037
person,Margarite,#SMPA-EG_censier_p203_c37_25,SMPA-EG_censier_0037
person,Jehan Bolengier,#SMPA-EG_censier_p203_c37_25,SMPA-EG_censier_0037
person,Guilleume Espaulart,#SMPA-EG_censier_p203_c37_25,SMPA-EG_censier_0037
person,Margarite,#SMPA-EG_censier_p203_c37_25,SMPA-EG_censier_0037
person,Guilleume,#SMPA-EG_censier_p203_c37_25,SMPA-EG_censier_0037
person,Jaqueline le Barentine,#SMPA-EG_censier_p203_c37_25,SMPA-EG_censier_0037
person,Jehan Bolengier,#SMPA-EG_censier_p203_c37_25,SMPA-EG_censier_0037
person,Heude,#SMPA-EG_censier_p203_c37_25,SMPA-EG_censier_0037
person,Estiene de Monchauvet,#SMPA-EG_censier_p203_c37_25,SMPA-EG_censier_0037
person,Ysabieu le Beguine,#SMPA-EG_censier_p203_c37_25,SMPA-EG_censier_0037
person,Heude,#SMPA-EG_censier_p203_c37_25,SMPA-EG_censier_0037
person,Jaqueline le Barentine,#SMPA-EG_censier_p203_c37_25,SMPA-EG_censier_0037
place,Seint Jehan,#SMPA-EG_censier_p203_c38,SMPA-EG_censier_0038
person,Jehan Lulier,#SMPA-EG_censier_p203_c38,SMPA-EG_censier_0038
person,Robert,#SMPA-EG_censier_p203_c38,SMPA-EG_censier_0038
person,Jehan de Grive,#SMPA-EG_censier_p204_c38_2,SMPA-EG_censier_0038
person,Jehan Daupex,#SMPA-EG_censier_p204_c38_2,SMPA-EG_censier_0038
place,Seint Martin,#SMPA-EG_censier_p204_c38_2,SMPA-EG_censier_0038
person,Estiene le Charetier,#SMPA-EG_censier_p204_c38_2,SMPA-EG_censier_0038
person,Heude,#SMPA-EG_censier_p204_c38_2,SMPA-EG_censier_0038
person,Jehane,#SMPA-EG_censier_p204_c38_2,SMPA-EG_censier_0038
person,Alain le Bossu,#SMPA-EG_censier_p204_c38_2,SMPA-EG_censier_0038
person,Ancel,#SMPA-EG_censier_p204_c38_2,SMPA-EG_censier_0038
person,Guilleume Bonefille,#SMPA-EG_censier_p204_c38_2,SMPA-EG_censier_0038
person,Guy,#SMPA-EG_censier_p204_c38_2,SMPA-EG_censier_0038
place,Guilleume Espaulart,#SMPA-EG_censier_p204_c38_2,SMPA-EG_censier_0038
person,Jehan Lulier,#SMPA-EG_censier_p204_c38_2,SMPA-EG_censier_0038
person,Jehan,#SMPA-EG_censier_p204_c38_2,SMPA-EG_censier_0038
person,Pierre le Barbier,#SMPA-EG_censier_p204_c38_2,SMPA-EG_censier_0038
person,Pierre le Barbier,#SMPA-EG_censier_p204_c39,SMPA-EG_censier_0039
person,Guilleume des Gronhetz,#SMPA-EG_censier_p204_c39,SMPA-EG_censier_0039
person,Jehan Lulier,#SMPA-EG_censier_p204_c39,SMPA-EG_censier_0039
place,Seint Martin,#SMPA-EG_censier_p204_c39,SMPA-EG_censier_0039
person,Jehan Lulier,#SMPA-EG_censier_p204_c39,SMPA-EG_censier_0039
place,Seint Martin,#SMPA-EG_censier_p204_c39,SMPA-EG_censier_0039
place,Gieffre,#SMPA-EG_censier_p204_c40,SMPA-EG_censier_0040
place,Biaubourc,#SMPA-EG_censier_p204_c40,SMPA-EG_censier_0040
person,Yve des Pavellons,#SMPA-EG_censier_p204_c40,SMPA-EG_censier_0040
person,Gieffre le Chaucier,#SMPA-EG_censier_p204_c40,SMPA-EG_censier_0040
person,Guillaume de Boichi,#SMPA-EG_censier_p205_c40_2,SMPA-EG_censier_0040
person,Henri,#SMPA-EG_censier_p205_c40_2,SMPA-EG_censier_0040
person,Guilleume de Gremorte,#SMPA-EG_censier_p205_c40_2,SMPA-EG_censier_0040
person,Thomas le Fundeeur,#SMPA-EG_censier_p205_c40_2,SMPA-EG_censier_0040
person,Thomas,#SMPA-EG_censier_p205_c40_2,SMPA-EG_censier_0040
person,Guiart le Charpentier,#SMPA-EG_censier_p205_c40_2,SMPA-EG_censier_0040
person,Richart,#SMPA-EG_censier_p205_c40_2,SMPA-EG_censier_0040
person,Heude de Bonneull,#SMPA-EG_censier_p205_c40_2,SMPA-EG_censier_0040
person,Ysabieu de Glathini,#SMPA-EG_censier_p205_c40_2,SMPA-EG_censier_0040
person,Bertaut,#SMPA-EG_censier_p205_c40_2,SMPA-EG_censier_0040
person,Jehan du Choquet,#SMPA-EG_censier_p205_c40_2,SMPA-EG_censier_0040
person,Guilleume Berout,#SMPA-EG_censier_p205_c40_2,SMPA-EG_censier_0040
person,Henri le Charpentier,#SMPA-EG_censier_p205_c40_2,SMPA-EG_censier_0040
person,Nicholaus le Monoier,#SMPA-EG_censier_p205_c40_2,SMPA-EG_censier_0040
person,Jehan,#SMPA-EG_censier_p205_c40_2,SMPA-EG_censier_0040
person,Jehan de Bogival,#SMPA-EG_censier_p205_c40_2,SMPA-EG_censier_0040
person,Maci de Pierrefrite,#SMPA-EG_censier_p205_c40_2,SMPA-EG_censier_0040
person,Gile,#SMPA-EG_censier_p205_c40_2,SMPA-EG_censier_0040
person,Robert Beroust,#SMPA-EG_censier_p205_c40_2,SMPA-EG_censier_0040
person,Guilleume Niober,#SMPA-EG_censier_p205_c40_2,SMPA-EG_censier_0040
person,Adam Laguerre,#SMPA-EG_censier_p205_c40_2,SMPA-EG_censier_0040
person,Renaut de Verdu,#SMPA-EG_censier_p205_c40_2,SMPA-EG_censier_0040
person,Richart des Polies,#SMPA-EG_censier_p205_c40_2,SMPA-EG_censier_0040
person,Jaque,#SMPA-EG_censier_p205_c40_2,SMPA-EG_censier_0040
person,Jehan,#SMPA-EG_censier_p205_c40_2,SMPA-EG_censier_0040
person,Colin Thibout,#SMPA-EG_censier_p205_c40_2,SMPA-EG_censier_0040
person,Johannes de Hesdevilla,#SMPA-EG_censier_p205_c40_2,SMPA-EG_censier_0040
person,Raoul le Sarraurier,#SMPA-EG_censier_p205_c40_2,SMPA-EG_censier_0040
person,Thomas le Frapier,#SMPA-EG_censier_p205_c40_2,SMPA-EG_censier_0040
place,Symon Franc,#SMPA-EG_censier_p205_c41,SMPA-EG_censier_0041
person,Marie de Mullent,#SMPA-EG_censier_p205_c41,SMPA-EG_censier_0041
person,Robert Coquere,#SMPA-EG_censier_p205_c41,SMPA-EG_censier_0041
person,Jehan de Fossez,#SMPA-EG_censier_p205_c41,SMPA-EG_censier_0041
person,Katherine le Pizdoe,#SMPA-EG_censier_p205_c41,SMPA-EG_censier_0041
person,Maci Pido,#SMPA-EG_censier_p205_c41,SMPA-EG_censier_0041
person,Marie,#SMPA-EG_censier_p206_c41_2,SMPA-EG_censier_0041
place,Symon Franc,#SMPA-EG_censier_p206_c41_2,SMPA-EG_censier_0041
person,Michiel le Mason,#SMPA-EG_censier_p206_c41_2,SMPA-EG_censier_0041
person,Raoul le Breton,#SMPA-EG_censier_p206_c41_2,SMPA-EG_censier_0041
person,Pierre le Borssier des Ales,#SMPA-EG_censier_p206_c41_2,SMPA-EG_censier_0041
person,Jehan de Seint Tibaut,#SMPA-EG_censier_p206_c41_2,SMPA-EG_censier_0041
person,Evrart le Charpentier,#SMPA-EG_censier_p206_c41_2,SMPA-EG_censier_0041
person,Estiene le Gros,#SMPA-EG_censier_p206_c41_2,SMPA-EG_censier_0041
person,Jehan de Forges,#SMPA-EG_censier_p206_c41_2,SMPA-EG_censier_0041
person,Raoul de Romainvilla,#SMPA-EG_censier_p206_c41_2,SMPA-EG_censier_0041
person,Pierre le Linier,#SMPA-EG_censier_p206_c41_2,SMPA-EG_censier_0041
place,Pierre Aulart,#SMPA-EG_censier_p206_c42,SMPA-EG_censier_0042
person,Guilleume de Loviers,#SMPA-EG_censier_p206_c42,SMPA-EG_censier_0042
person,Johannes de Fossatis,#SMPA-EG_censier_p206_c42,SMPA-EG_censier_0042
person,Hervi le Breto,#SMPA-EG_censier_p206_c42,SMPA-EG_censier_0042
person,Symon le Mostardier,#SMPA-EG_censier_p206_c42,SMPA-EG_censier_0042
place,Symon Franc,#SMPA-EG_censier_p206_c42,SMPA-EG_censier_0042
person,Jehan de Forges,#SMPA-EG_censier_p206_c42,SMPA-EG_censier_0042
person,Margarite,#SMPA-EG_censier_p206_c42,SMPA-EG_censier_0042
person,Johannes de Fossatis,#SMPA-EG_censier_p206_c42,SMPA-EG_censier_0042
person,Jehan Roucin,#SMPA-EG_censier_p206_c42,SMPA-EG_censier_0042
person,Thomas,#SMPA-EG_censier_p206_c42,SMPA-EG_censier_0042
person,Hervi le Breto,#SMPA-EG_censier_p206_c42,SMPA-EG_censier_0042
person,Alain le Pelletier,#SMPA-EG_censier_p206_c42,SMPA-EG_censier_0042
place,Symon Franc,#SMPA-EG_censier_p206_c42,SMPA-EG_censier_0042
person,Jehan,#SMPA-EG_censier_p206_c42,SMPA-EG_censier_0042
person,Pierre de Bougival,#SMPA-EG_censier_p206_c42,SMPA-EG_censier_0042
person,Thibaut le Picart,#SMPA-EG_censier_p206_c42,SMPA-EG_censier_0042
person,Estiene,#SMPA-EG_censier_p207_c42_5,SMPA-EG_censier_0042
person,Jehane,#SMPA-EG_censier_p207_c42_5,SMPA-EG_censier_0042
person,Symon le Coc,#SMPA-EG_censier_p207_c42_5,SMPA-EG_censier_0042
person,Jehane,#SMPA-EG_censier_p207_c42_5,SMPA-EG_censier_0042
person,Symon les Espinguiers,#SMPA-EG_censier_p207_c42_5,SMPA-EG_censier_0042
person,Symon,#SMPA-EG_censier_p207_c42_5,SMPA-EG_censier_0042
person,Pierre Marceu,#SMPA-EG_censier_p207_c42_5,SMPA-EG_censier_0042
person,Gieffre le Molleur,#SMPA-EG_censier_p207_c42_5,SMPA-EG_censier_0042
person,Symon,#SMPA-EG_censier_p207_c42_5,SMPA-EG_censier_0042
person,Marie de Mullent,#SMPA-EG_censier_p207_c42_5,SMPA-EG_censier_0042
person,Symon,#SMPA-EG_censier_p207_c42_5,SMPA-EG_censier_0042
person,Jehan Arrode,#SMPA-EG_censier_p207_c42_5,SMPA-EG_censier_0042
person,Robert,#SMPA-EG_censier_p207_c42_5,SMPA-EG_censier_0042
person,Gieffre de Compiegne,#SMPA-EG_censier_p207_c42_5,SMPA-EG_censier_0042
person,Marie de Monfort,#SMPA-EG_censier_p207_c42_5,SMPA-EG_censier_0042
person,Guilleume le Mercier,#SMPA-EG_censier_p207_c42_5,SMPA-EG_censier_0042
person,Estiene de Nuefchastieu,#SMPA-EG_censier_p207_c42_5,SMPA-EG_censier_0042
person,Ancel de Morgneval,#SMPA-EG_censier_p207_c42_5,SMPA-EG_censier_0042
person,Estienne de Nuefchastieu,#SMPA-EG_censier_p207_c42_5,SMPA-EG_censier_0042
person,Guilleume Espaulart,#SMPA-EG_censier_p207_c42_5,SMPA-EG_censier_0042
person,Gautier Taupin,#SMPA-EG_censier_p208_c43,SMPA-EG_censier_0043
person,Raoul de Conches,#SMPA-EG_censier_p208_c43,SMPA-EG_censier_0043
person,Jehan Daupiex,#SMPA-EG_censier_p208_c43,SMPA-EG_censier_0043
person,Jaqueline Malpas,#SMPA-EG_censier_p208_c43,SMPA-EG_censier_0043
person,Jaqueline,#SMPA-EG_censier_p208_c43,SMPA-EG_censier_0043
person,Gile Maupas,#SMPA-EG_censier_p208_c43,SMPA-EG_censier_0043
person,Jehan de Villeneuve,#SMPA-EG_censier_p208_c43,SMPA-EG_censier_0043
person,Jehan de Villeneuve,#SMPA-EG_censier_p208_c43,SMPA-EG_censier_0043
person,Jaqueline,#SMPA-EG_censier_p208_c43,SMPA-EG_censier_0043
person,Robert de Paris,#SMPA-EG_censier_p208_c44,SMPA-EG_censier_0044
person,Jehan Gresillon,#SMPA-EG_censier_p208_c44,SMPA-EG_censier_0044
person,Jaque Brichart,#SMPA-EG_censier_p208_c44,SMPA-EG_censier_0044
person,Renier Bordo,#SMPA-EG_censier_p208_c44,SMPA-EG_censier_0044
person,Phelippe Bonnetin,#SMPA-EG_censier_p208_c44,SMPA-EG_censier_0044
person,Bertaut,#SMPA-EG_censier_p208_c44,SMPA-EG_censier_0044
person,Pierre de Moncuc,#SMPA-EG_censier_p208_c44,SMPA-EG_censier_0044
person,Pierre de Moncuc,#SMPA-EG_censier_p208_c44,SMPA-EG_censier_0044
place,Lambert de Chielle,#SMPA-EG_censier_p209_c45,SMPA-EG_censier_0045
person,Pierre Gencien,#SMPA-EG_censier_p209_c45,SMPA-EG_censier_0045
person,Gieffre Coquatris,#SMPA-EG_censier_p209_c45,SMPA-EG_censier_0045
person,Jehan Palée,#SMPA-EG_censier_p209_c45,SMPA-EG_censier_0045
person,Gieffre,#SMPA-EG_censier_p209_c45,SMPA-EG_censier_0045
person,Geufroi de Savegni,#SMPA-EG_censier_p209_c45,SMPA-EG_censier_0045
person,Gieffre,#SMPA-EG_censier_p209_c45,SMPA-EG_censier_0045
person,Jehan de Chielle,#SMPA-EG_censier_p209_c45,SMPA-EG_censier_0045
person,Geufroi,#SMPA-EG_censier_p209_c45,SMPA-EG_censier_0045
person,Jehan de Chielle,#SMPA-EG_censier_p209_c45,SMPA-EG_censier_0045
person,Geufroi,#SMPA-EG_censier_p209_c45,SMPA-EG_censier_0045
person,Jehan,#SMPA-EG_censier_p209_c45,SMPA-EG_censier_0045
place,Chastellet,#SMPA-EG_censier_p209_c45,SMPA-EG_censier_0045
person,Geufroi,#SMPA-EG_censier_p209_c45,SMPA-EG_censier_0045
person,Margarite,#SMPA-EG_censier_p209_c45,SMPA-EG_censier_0045
person,Pierre Gencien,#SMPA-EG_censier_p209_c45,SMPA-EG_censier_0045
person,Margarite,#SMPA-EG_censier_p209_c45,SMPA-EG_censier_0045
person,Pierre Gencien,#SMPA-EG_censier_p209_c45,SMPA-EG_censier_0045
person,Pierre Gencien,#SMPA-EG_censier_p209_c45,SMPA-EG_censier_0045
person,Marie Laugiere,#SMPA-EG_censier_p209_c45,SMPA-EG_censier_0045
person,Robert,#SMPA-EG_censier_p209_c45,SMPA-EG_censier_0045
person,Marie Laugiere,#SMPA-EG_censier_p209_c45,SMPA-EG_censier_0045
place,Seint Merri,#SMPA-EG_censier_p209_c46,SMPA-EG_censier_0046
place,Encloistre,#SMPA-EG_censier_p209_c46,SMPA-EG_censier_0046
place,Seint Anthoine,#SMPA-EG_censier_p209_c46,SMPA-EG_censier_0046
person,Pierre Leber,#SMPA-EG_censier_p210_c46_3,SMPA-EG_censier_0046
place,Seint Anthoine,#SMPA-EG_censier_p210_c46_3,SMPA-EG_censier_0046
person,Richart de Forest,#SMPA-EG_censier_p210_c46_3,SMPA-EG_censier_0046
person,Marie le Conversse,#SMPA-EG_censier_p210_c46_3,SMPA-EG_censier_0046
person,Marie,#SMPA-EG_censier_p210_c46_3,SMPA-EG_censier_0046
person,Gieffre de Vitri,#SMPA-EG_censier_p210_c46_3,SMPA-EG_censier_0046
person,Aden Boucel,#SMPA-EG_censier_p210_c46_3,SMPA-EG_censier_0046
person,Jaque Gencien,#SMPA-EG_censier_p210_c46_3,SMPA-EG_censier_0046
person,Jehan le Paumier,#SMPA-EG_censier_p210_c46_3,SMPA-EG_censier_0046
person,Richart le Talleeur,#SMPA-EG_censier_p210_c46_3,SMPA-EG_censier_0046
person,Jehan Brichart,#SMPA-EG_censier_p210_c46_3,SMPA-EG_censier_0046
person,Jehan Baugart,#SMPA-EG_censier_p210_c46_3,SMPA-EG_censier_0046
person,Richart le Talleeur,#SMPA-EG_censier_p210_c46_3,SMPA-EG_censier_0046
person,Jaque Gencien,#SMPA-EG_censier_p210_c46_3,SMPA-EG_censier_0046
person,Jehan Brichart,#SMPA-EG_censier_p210_c46_3,SMPA-EG_censier_0046
person,Jehan Brichart,#SMPA-EG_censier_p210_c46_3,SMPA-EG_censier_0046
person,Perrin,#SMPA-EG_censier_p210_c46_3,SMPA-EG_censier_0046
place,Robert de Paris,#SMPA-EG_censier_p210_c46_3,SMPA-EG_censier_0046
person,Richart le Talleur,#SMPA-EG_censier_p210_c46_3,SMPA-EG_censier_0046
person,Jehan Baugart,#SMPA-EG_censier_p210_c46_3,SMPA-EG_censier_0046
person,Jehan Arrode,#SMPA-EG_censier_p210_c46_3,SMPA-EG_censier_0046
person,Perrin,#SMPA-EG_censier_p210_c46_3,SMPA-EG_censier_0046
person,Pierre de Moncuc,#SMPA-EG_censier_p211_c46_12,SMPA-EG_censier_0046
person,Pierre Petit,#SMPA-EG_censier_p211_c46_12,SMPA-EG_censier_0046
person,Pierre,#SMPA-EG_censier_p211_c46_12,SMPA-EG_censier_0046
person,Estiene Malpas,#SMPA-EG_censier_p211_c46_12,SMPA-EG_censier_0046
person,Pierre de Moncuc,#SMPA-EG_censier_p211_c46_12,SMPA-EG_censier_0046
person,Nicholaus le Tuillier,#SMPA-EG_censier_p211_c46_12,SMPA-EG_censier_0046
person,Nicholaus le Tuillier,#SMPA-EG_censier_p211_c46_12,SMPA-EG_censier_0046
person,Thomas le Tuilier,#SMPA-EG_censier_p211_c46_12,SMPA-EG_censier_0046
place,Encloistre,#SMPA-EG_censier_p211_c46_12,SMPA-EG_censier_0046
person,Estiene Malpas,#SMPA-EG_censier_p211_c46_12,SMPA-EG_censier_0046
person,Jehan,#SMPA-EG_censier_p211_c46_12,SMPA-EG_censier_0046
person,Jehane la Roine,#SMPA-EG_censier_p211_c46_12,SMPA-EG_censier_0046
place,Encloistre,#SMPA-EG_censier_p211_c46_12,SMPA-EG_censier_0046
place,Encloistre,#SMPA-EG_censier_p211_c46_12,SMPA-EG_censier_0046
person,Pierre Marceu,#SMPA-EG_censier_p211_c46_12,SMPA-EG_censier_0046
person,Pierre Marceu,#SMPA-EG_censier_p211_c46_12,SMPA-EG_censier_0046
place,Encloistre,#SMPA-EG_censier_p211_c46_12,SMPA-EG_censier_0046
person,Jehan Roy,#SMPA-EG_censier_p211_c46_12,SMPA-EG_censier_0046
person,Jehane la Reine,#SMPA-EG_censier_p211_c46_12,SMPA-EG_censier_0046
person,Symon Marceu,#SMPA-EG_censier_p211_c46_12,SMPA-EG_censier_0046
person,Jehan Marcel,#SMPA-EG_censier_p211_c46_12,SMPA-EG_censier_0046
person,Symon Marceu,#SMPA-EG_censier_p211_c46_12,SMPA-EG_censier_0046
person,Jehan Marcel,#SMPA-EG_censier_p211_c46_12,SMPA-EG_censier_0046
place,Encloistre,#SMPA-EG_censier_p211_c46_12,SMPA-EG_censier_0046
person,Pierre Marceu,#SMPA-EG_censier_p211_c46_12,SMPA-EG_censier_0046
person,Jehan Marcel,#SMPA-EG_censier_p211_c46_12,SMPA-EG_censier_0046
person,Gile,#SMPA-EG_censier_p211_c46_12,SMPA-EG_censier_0046
place,Encloistre,#SMPA-EG_censier_p211_c46_12,SMPA-EG_censier_0046
person,Phelippe Bonetin,#SMPA-EG_censier_p211_c46_12,SMPA-EG_censier_0046
person,Jehan de Lions,#SMPA-EG_censier_p211_c46_12,SMPA-EG_censier_0046
person,Estiene Malpas,#SMPA-EG_censier_p211_c46_12,SMPA-EG_censier_0046
person,Estiene Malpas,#SMPA-EG_censier_p211_c46_12,SMPA-EG_censier_0046
place,Seint Denis du Pas,#SMPA-EG_censier_p212_c47,SMPA-EG_censier_0047
place,Seinte Katherine,#SMPA-EG_censier_p212_c47,SMPA-EG_censier_0047
person,Evrart le Nerou,#SMPA-EG_censier_p212_c47,SMPA-EG_censier_0047
person,Pierre de Tornay,#SMPA-EG_censier_p212_c47,SMPA-EG_censier_0047
place,Seint Merri,#SMPA-EG_censier_p212_c47,SMPA-EG_censier_0047
person,Guilleume,#SMPA-EG_censier_p212_c47,SMPA-EG_censier_0047
person,Robert le Vinetier,#SMPA-EG_censier_p212_c47,SMPA-EG_censier_0047
person,Pierre de Tornai,#SMPA-EG_censier_p212_c47,SMPA-EG_censier_0047
person,Margarite le Boucelle,#SMPA-EG_censier_p212_c47,SMPA-EG_censier_0047
person,Guillaume Boucel,#SMPA-EG_censier_p212_c47,SMPA-EG_censier_0047
person,Robert le Cloetier,#SMPA-EG_censier_p212_c47,SMPA-EG_censier_0047
person,Pierre,#SMPA-EG_censier_p212_c47,SMPA-EG_censier_0047
place,Jehan Pain Mollet,#SMPA-EG_censier_p212_c48,SMPA-EG_censier_0048
person,Guilleume Deschans,#SMPA-EG_censier_p212_c48,SMPA-EG_censier_0048
person,Guiart le Porchier,#SMPA-EG_censier_p212_c48,SMPA-EG_censier_0048
person,Robert Basin,#SMPA-EG_censier_p212_c48,SMPA-EG_censier_0048
person,Jehan Fornié,#SMPA-EG_censier_p212_c48,SMPA-EG_censier_0048
person,Jehan Bourdon,#SMPA-EG_censier_p212_c48,SMPA-EG_censier_0048
person,Jaque,#SMPA-EG_censier_p212_c49,SMPA-EG_censier_0049
person,Henri le Fornier,#SMPA-EG_censier_p212_c49,SMPA-EG_censier_0049
person,Jehan Fiqueit,#SMPA-EG_censier_p212_c49,SMPA-EG_censier_0049
person,Michiel le Tonnelier,#SMPA-EG_censier_p212_c49,SMPA-EG_censier_0049
person,Pierre de Dieppe,#SMPA-EG_censier_p212_c49,SMPA-EG_censier_0049
person,Gieffre Morise,#SMPA-EG_censier_p212_c49,SMPA-EG_censier_0049
place,Seint Jaque,#SMPA-EG_censier_p212_c50,SMPA-EG_censier_0050
person,Symon Paien,#SMPA-EG_censier_p212_c50,SMPA-EG_censier_0050
person,Symon Quidonpnaie,#SMPA-EG_censier_p212_c50,SMPA-EG_censier_0050
person,Pierre de Mante,#SMPA-EG_censier_p212_c50,SMPA-EG_censier_0050
person,Jehan le Sirier,#SMPA-EG_censier_p212_c50,SMPA-EG_censier_0050
person,Estiene de Tria,#SMPA-EG_censier_p213_c50_3,SMPA-EG_censier_0050
person,Symon Paien,#SMPA-EG_censier_p213_c50_3,SMPA-EG_censier_0050
person,Laurens Quidonpnaie,#SMPA-EG_censier_p213_c50_3,SMPA-EG_censier_0050
person,Pierre,#SMPA-EG_censier_p213_c50_3,SMPA-EG_censier_0050
person,Estiene,#SMPA-EG_censier_p213_c50_3,SMPA-EG_censier_0050
person,Maci,#SMPA-EG_censier_p213_c50_3,SMPA-EG_censier_0050
person,Pierre de Montevrain,#SMPA-EG_censier_p213_c50_3,SMPA-EG_censier_0050
person,Pierre de Mante,#SMPA-EG_censier_p213_c50_3,SMPA-EG_censier_0050
person,Laurens Quidonpnaie,#SMPA-EG_censier_p213_c50_3,SMPA-EG_censier_0050
person,Symon Quidonpnaie,#SMPA-EG_censier_p213_c50_3,SMPA-EG_censier_0050
person,Jaque le Pevrier,#SMPA-EG_censier_p213_c50_3,SMPA-EG_censier_0050
person,Agnès la Bordone,#SMPA-EG_censier_p213_c50_3,SMPA-EG_censier_0050
person,Estiene le Picart,#SMPA-EG_censier_p213_c51,SMPA-EG_censier_0051
person,Jehan Poillevilain,#SMPA-EG_censier_p213_c51,SMPA-EG_censier_0051
person,Laurens Quidonpnaye,#SMPA-EG_censier_p213_c51,SMPA-EG_censier_0051
person,Pierre de Manta,#SMPA-EG_censier_p213_c51,SMPA-EG_censier_0051
person,Jehan de Lueu,#SMPA-EG_censier_p213_c51,SMPA-EG_censier_0051
person,Hue le Restore,#SMPA-EG_censier_p213_c51,SMPA-EG_censier_0051
person,Pierre Tibert,#SMPA-EG_censier_p213_c51,SMPA-EG_censier_0051
person,Jehane,#SMPA-EG_censier_p213_c51,SMPA-EG_censier_0051
person,Jehan Rouciau,#SMPA-EG_censier_p213_c51,SMPA-EG_censier_0051
person,Pierre Tibert,#SMPA-EG_censier_p213_c51,SMPA-EG_censier_0051
person,Jehane,#SMPA-EG_censier_p213_c51,SMPA-EG_censier_0051
person,Jehan,#SMPA-EG_censier_p213_c51,SMPA-EG_censier_0051
person,Jehan Rouciau,#SMPA-EG_censier_p213_c51,SMPA-EG_censier_0051
person,Jehan le Lueu,#SMPA-EG_censier_p213_c51,SMPA-EG_censier_0051
person,Pierre,#SMPA-EG_censier_p213_c52,SMPA-EG_censier_0052
person,Pierre de Veires,#SMPA-EG_censier_p213_c52,SMPA-EG_censier_0052
person,Jehan Dupin,#SMPA-EG_censier_p214_c52_2,SMPA-EG_censier_0052
place,Seint Denis,#SMPA-EG_censier_p214_c53,SMPA-EG_censier_0053
person,Alain le Chaucier,#SMPA-EG_censier_p214_c53,SMPA-EG_censier_0053
person,Raoul Lescot,#SMPA-EG_censier_p214_c53,SMPA-EG_censier_0053
person,Alain,#SMPA-EG_censier_p214_c53,SMPA-EG_censier_0053
person,Raoul,#SMPA-EG_censier_p214_c53,SMPA-EG_censier_0053
person,Hue le Boulvegne,#SMPA-EG_censier_p214_c53,SMPA-EG_censier_0053
person,Jaque le Chapellier,#SMPA-EG_censier_p214_c53,SMPA-EG_censier_0053
person,Jehan Aspicier,#SMPA-EG_censier_p214_c53,SMPA-EG_censier_0053
person,Yves le Breton,#SMPA-EG_censier_p214_c53,SMPA-EG_censier_0053
person,Robert Beroust,#SMPA-EG_censier_p214_c53,SMPA-EG_censier_0053
person,Evrart du Wer,#SMPA-EG_censier_p214_c53,SMPA-EG_censier_0053
place,Chastellet,#SMPA-EG_censier_p214_c53,SMPA-EG_censier_0053
place,Seint Denis,#SMPA-EG_censier_p214_c54,SMPA-EG_censier_0054
place,Seint Merri,#SMPA-EG_censier_p214_c54,SMPA-EG_censier_0054
person,Jehane,#SMPA-EG_censier_p214_c54,SMPA-EG_censier_0054
person,Pierre Boucou,#SMPA-EG_censier_p214_c54,SMPA-EG_censier_0054
person,Jaquet Boucel,#SMPA-EG_censier_p214_c54,SMPA-EG_censier_0054
place,Saint Martin,#SMPA-EG_censier_p214_c54,SMPA-EG_censier_0054
person,Bertaut Arrode,#SMPA-EG_censier_p214_c54,SMPA-EG_censier_0054
person,Jehan Garnier,#SMPA-EG_censier_p214_c54,SMPA-EG_censier_0054
person,Agnès la Bardelle,#SMPA-EG_censier_p214_c54,SMPA-EG_censier_0054
person,Jehan Bordo,#SMPA-EG_censier_p214_c54,SMPA-EG_censier_0054
person,Nicholaus Sance,#SMPA-EG_censier_p214_c54,SMPA-EG_censier_0054
person,Andri Sance,#SMPA-EG_censier_p214_c54,SMPA-EG_censier_0054
person,Gieffre de Donpmartin,#SMPA-EG_censier_p215_c54_6,SMPA-EG_censier_0054
person,Hue Guerin,#SMPA-EG_censier_p215_c54_6,SMPA-EG_censier_0054
person,Estiene Piquet,#SMPA-EG_censier_p215_c54_6,SMPA-EG_censier_0054
person,Thibaut,#SMPA-EG_censier_p215_c54_6,SMPA-EG_censier_0054
person,Pierre le Miere,#SMPA-EG_censier_p215_c54_6,SMPA-EG_censier_0054
person,Pierre le Myere,#SMPA-EG_censier_p215_c54_6,SMPA-EG_censier_0054
person,Estiene Le Mire,#SMPA-EG_censier_p215_c54_6,SMPA-EG_censier_0054
person,Estiene de Riviere,#SMPA-EG_censier_p215_c54_6,SMPA-EG_censier_0054
person,Gieffre,#SMPA-EG_censier_p215_c54_6,SMPA-EG_censier_0054
person,Jehan de Buci,#SMPA-EG_censier_p215_c54_6,SMPA-EG_censier_0054
person,Jehan de Buci,#SMPA-EG_censier_p215_c54_6,SMPA-EG_censier_0054
person,Hue Guerin,#SMPA-EG_censier_p215_c54_6,SMPA-EG_censier_0054
person,Pierre,#SMPA-EG_censier_p215_c54_6,SMPA-EG_censier_0054
person,Andri Bigue,#SMPA-EG_censier_p215_c54_6,SMPA-EG_censier_0054
person,Jehan Brice,#SMPA-EG_censier_p215_c54_6,SMPA-EG_censier_0054
person,Jehan de Riviers,#SMPA-EG_censier_p215_c54_6,SMPA-EG_censier_0054
place,Seint Martin des Chans,#SMPA-EG_censier_p215_c54_6,SMPA-EG_censier_0054
person,Guilleume Gallo,#SMPA-EG_censier_p215_c54_6,SMPA-EG_censier_0054
person,Gieffre de Donpmartin,#SMPA-EG_censier_p215_c54_6,SMPA-EG_censier_0054
person,Guilleume le Mereschalc,#SMPA-EG_censier_p215_c54_6,SMPA-EG_censier_0054
person,Pierre,#SMPA-EG_censier_p215_c54_6,SMPA-EG_censier_0054
place,Encloistre,#SMPA-EG_censier_p215_c54_6,SMPA-EG_censier_0054
person,Robert le Messier,#SMPA-EG_censier_p215_c54_6,SMPA-EG_censier_0054
person,Maci de Grosbois,#SMPA-EG_censier_p215_c54_6,SMPA-EG_censier_0054
person,Hue,#SMPA-EG_censier_p215_c54_6,SMPA-EG_censier_0054
person,Jehan Lecomte,#SMPA-EG_censier_p215_c54_6,SMPA-EG_censier_0054
person,Colin Baube,#SMPA-EG_censier_p215_c54_6,SMPA-EG_censier_0054
person,Jehane,#SMPA-EG_censier_p215_c54_6,SMPA-EG_censier_0054
person,Gautier le Boutonier,#SMPA-EG_censier_p215_c54_6,SMPA-EG_censier_0054
person,Hue,#SMPA-EG_censier_p215_c54_6,SMPA-EG_censier_0054
person,Jehan Murié,#SMPA-EG_censier_p215_c54_6,SMPA-EG_censier_0054
person,Jehan Murié,#SMPA-EG_censier_p216_c54_15,SMPA-EG_censier_0054
person,Jehane,#SMPA-EG_censier_p216_c54_15,SMPA-EG_censier_0054
person,Jehan Murié,#SMPA-EG_censier_p216_c54_15,SMPA-EG_censier_0054
person,Hue Guerin,#SMPA-EG_censier_p216_c54_15,SMPA-EG_censier_0054
person,Pierre de Chambelin,#SMPA-EG_censier_p216_c54_15,SMPA-EG_censier_0054
person,Maci de Grosbois,#SMPA-EG_censier_p216_c54_15,SMPA-EG_censier_0054
person,Hue Guerin,#SMPA-EG_censier_p216_c54_15,SMPA-EG_censier_0054
person,Enjoren le Fournier,#SMPA-EG_censier_p216_c54_15,SMPA-EG_censier_0054
person,Marie de Murllent,#SMPA-EG_censier_p216_c54_15,SMPA-EG_censier_0054
person,Pierre de Chambelli,#SMPA-EG_censier_p216_c54_15,SMPA-EG_censier_0054
person,Jehan Murié de Poitronville,#SMPA-EG_censier_p216_c54_15,SMPA-EG_censier_0054
person,Aubert Murié,#SMPA-EG_censier_p216_c54_15,SMPA-EG_censier_0054
person,Estiene Bonefille,#SMPA-EG_censier_p216_c54_15,SMPA-EG_censier_0054
person,Gile,#SMPA-EG_censier_p216_c54_15,SMPA-EG_censier_0054
place,Seint Ladre,#SMPA-EG_censier_p216_c54_15,SMPA-EG_censier_0054
person,Jehan Berengier,#SMPA-EG_censier_p216_c54_15,SMPA-EG_censier_0054
place,Seint Ladre,#SMPA-EG_censier_p216_c54_15,SMPA-EG_censier_0054
place,Seint Martin,#SMPA-EG_censier_p216_c54_15,SMPA-EG_censier_0054
person,Jehan le Convers,#SMPA-EG_censier_p216_c54_15,SMPA-EG_censier_0054
person,Renier Viellet,#SMPA-EG_censier_p216_c54_15,SMPA-EG_censier_0054
person,Jehan Poupin,#SMPA-EG_censier_p216_c54_15,SMPA-EG_censier_0054
person,Perrin Brice,#SMPA-EG_censier_p216_c54_15,SMPA-EG_censier_0054
person,Adam Picalesne,#SMPA-EG_censier_p217_c54_23,SMPA-EG_censier_0054
place,Seint Ladre,#SMPA-EG_censier_p217_c54_23,SMPA-EG_censier_0054
person,Estiene Bonefille,#SMPA-EG_censier_p217_c54_23,SMPA-EG_censier_0054
person,Henri Berangier,#SMPA-EG_censier_p217_c54_23,SMPA-EG_censier_0054
person,Ernoul Pigno La Rue,#SMPA-EG_censier_p217_c54_23,SMPA-EG_censier_0054
person,Guilleume de Sanz,#SMPA-EG_censier_p217_c54_23,SMPA-EG_censier_0054
person,Gautier de Mons,#SMPA-EG_censier_p217_c54_23,SMPA-EG_censier_0054
place,Seint Martin,#SMPA-EG_censier_p217_c54_23,SMPA-EG_censier_0054
place,Seint Martin,#SMPA-EG_censier_p217_c54_23,SMPA-EG_censier_0054
person,Thomas Brichart,#SMPA-EG_censier_p217_c54_23,SMPA-EG_censier_0054
person,Jehan Billouart,#SMPA-EG_censier_p217_c54_23,SMPA-EG_censier_0054
place,Seint Ladre,#SMPA-EG_censier_p217_c54_23,SMPA-EG_censier_0054
place,Seint Martin,#SMPA-EG_censier_p217_c54_23,SMPA-EG_censier_0054
person,Guilleume de Sanz,#SMPA-EG_censier_p217_c54_23,SMPA-EG_censier_0054
person,Aubert Murié,#SMPA-EG_censier_p217_c54_23,SMPA-EG_censier_0054
person,Jaque Bouceu,#SMPA-EG_censier_p217_c54_23,SMPA-EG_censier_0054
person,Aden Point La Rue,#SMPA-EG_censier_p217_c54_23,SMPA-EG_censier_0054
person,Bertaut Poupin,#SMPA-EG_censier_p217_c54_23,SMPA-EG_censier_0054
place,Seint Merri,#SMPA-EG_censier_p217_c54_23,SMPA-EG_censier_0054
person,Jehan le Cordier,#SMPA-EG_censier_p217_c54_23,SMPA-EG_censier_0054
person,Lambert de Seint Laurens,#SMPA-EG_censier_p217_c54_23,SMPA-EG_censier_0054
person,Jehan Viel,#SMPA-EG_censier_p217_c54_23,SMPA-EG_censier_0054
person,Geufroi Viel,#SMPA-EG_censier_p217_c54_23,SMPA-EG_censier_0054
place,Seint Martin des Champs,#SMPA-EG_censier_p217_c54_23,SMPA-EG_censier_0054
person,Jehan Viel,#SMPA-EG_censier_p217_c54_23,SMPA-EG_censier_0054
person,Jehan le Convers,#SMPA-EG_censier_p217_c54_23,SMPA-EG_censier_0054
person,Robert Lescriven,#SMPA-EG_censier_p217_c54_23,SMPA-EG_censier_0054
place,Seint Martin des Champs,#SMPA-EG_censier_p217_c54_23,SMPA-EG_censier_0054
place,Seint Martin de Pierre,#SMPA-EG_censier_p217_c54_23,SMPA-EG_censier_0054
person,Hervi,#SMPA-EG_censier_p217_c54_23,SMPA-EG_censier_0054
place,Trinité,#SMPA-EG_censier_p217_c54_23,SMPA-EG_censier_0054
person,Hervi,#SMPA-EG_censier_p218_c54_33,SMPA-EG_censier_0054
place,Trinité,#SMPA-EG_censier_p218_c54_33,SMPA-EG_censier_0054
place,Seint Denis,#SMPA-EG_censier_p218_c54_33,SMPA-EG_censier_0054
person,Robert Lescrivenz,#SMPA-EG_censier_p218_c54_33,SMPA-EG_censier_0054
person,Jehan,#SMPA-EG_censier_p218_c54_33,SMPA-EG_censier_0054
person,Hervi,#SMPA-EG_censier_p218_c54_33,SMPA-EG_censier_0054
place,Trinité,#SMPA-EG_censier_p218_c54_33,SMPA-EG_censier_0054
place,Seint Denis,#SMPA-EG_censier_p218_c54_33,SMPA-EG_censier_0054
person,Jehan le Convers,#SMPA-EG_censier_p218_c54_33,SMPA-EG_censier_0054
person,Alain de Seint Benoist,#SMPA-EG_censier_p218_c54_33,SMPA-EG_censier_0054
person,Thomas Viellet,#SMPA-EG_censier_p218_c54_33,SMPA-EG_censier_0054
person,Jehan Poupin,#SMPA-EG_censier_p218_c54_33,SMPA-EG_censier_0054
place,Seint Martin,#SMPA-EG_censier_p218_c54_33,SMPA-EG_censier_0054
person,Estiene Bonefille,#SMPA-EG_censier_p218_c54_33,SMPA-EG_censier_0054
person,Jehan Lecomte,#SMPA-EG_censier_p218_c54_33,SMPA-EG_censier_0054
place,Seint Ladre,#SMPA-EG_censier_p218_c54_33,SMPA-EG_censier_0054
person,Nicholaus des Chans,#SMPA-EG_censier_p218_c54_33,SMPA-EG_censier_0054
place,Seint Denis,#SMPA-EG_censier_p218_c54_33,SMPA-EG_censier_0054
person,Jehan le Convers,#SMPA-EG_censier_p218_c54_33,SMPA-EG_censier_0054
person,Henri de Neys,#SMPA-EG_censier_p218_c54_33,SMPA-EG_censier_0054
person,Arnoul,#SMPA-EG_censier_p218_c54_33,SMPA-EG_censier_0054
place,Seint Ladre,#SMPA-EG_censier_p218_c54_33,SMPA-EG_censier_0054
place,Seint Merri,#SMPA-EG_censier_p218_c54_33,SMPA-EG_censier_0054
person,Guiart de Lagni,#SMPA-EG_censier_p218_c54_33,SMPA-EG_censier_0054
place,Seint Denis,#SMPA-EG_censier_p218_c54_33,SMPA-EG_censier_0054
person,Estiene le Barrois,#SMPA-EG_censier_p218_c54_33,SMPA-EG_censier_0054
person,Adam Coquinnier,#SMPA-EG_censier_p218_c54_33,SMPA-EG_censier_0054
person,Estiene,#SMPA-EG_censier_p218_c54_33,SMPA-EG_censier_0054
person,Girart de Breiben,#SMPA-EG_censier_p218_c54_33,SMPA-EG_censier_0054
person,Jehan Teillier,#SMPA-EG_censier_p218_c54_33,SMPA-EG_censier_0054
person,Jehan,#SMPA-EG_censier_p218_c54_33,SMPA-EG_censier_0054
person,Estiene le Barrois,#SMPA-EG_censier_p218_c54_33,SMPA-EG_censier_0054
person,Ysabieu,#SMPA-EG_censier_p218_c54_33,SMPA-EG_censier_0054
person,Ysabieu,#SMPA-EG_censier_p219_c54_42,SMPA-EG_censier_0054
person,Guillaume Teillier,#SMPA-EG_censier_p219_c54_42,SMPA-EG_censier_0054
person,Jehan Teillier,#SMPA-EG_censier_p219_c54_42,SMPA-EG_censier_0054
person,Estiene le Barrois,#SMPA-EG_censier_p219_c54_42,SMPA-EG_censier_0054
person,Estiene le Barois,#SMPA-EG_censier_p219_c54_42,SMPA-EG_censier_0054
person,Ysabieu,#SMPA-EG_censier_p219_c54_42,SMPA-EG_censier_0054
person,Estiene,#SMPA-EG_censier_p219_c54_42,SMPA-EG_censier_0054
person,Jehan,#SMPA-EG_censier_p219_c54_42,SMPA-EG_censier_0054
person,Jehan le Douz,#SMPA-EG_censier_p219_c54_42,SMPA-EG_censier_0054
person,Estiene le Barrois,#SMPA-EG_censier_p219_c54_42,SMPA-EG_censier_0054
person,Guillaume Caourci de Monsturel,#SMPA-EG_censier_p219_c54_42,SMPA-EG_censier_0054
person,Jehan le Maçon,#SMPA-EG_censier_p219_c54_42,SMPA-EG_censier_0054
person,Thibaut Cardon,#SMPA-EG_censier_p219_c54_42,SMPA-EG_censier_0054
person,Thibaut,#SMPA-EG_censier_p219_c54_42,SMPA-EG_censier_0054
person,Jehan Becheron,#SMPA-EG_censier_p219_c54_42,SMPA-EG_censier_0054
person,Jehan le Larron,#SMPA-EG_censier_p219_c54_42,SMPA-EG_censier_0054
person,Robert de Monstreul,#SMPA-EG_censier_p219_c54_42,SMPA-EG_censier_0054
person,Jehan Tient,#SMPA-EG_censier_p219_c54_42,SMPA-EG_censier_0054
person,Guilleume,#SMPA-EG_censier_p219_c54_42,SMPA-EG_censier_0054
person,Clement Tioust,#SMPA-EG_censier_p219_c54_42,SMPA-EG_censier_0054
person,Guilleume,#SMPA-EG_censier_p219_c54_42,SMPA-EG_censier_0054
person,Yve des Pavellons,#SMPA-EG_censier_p219_c54_42,SMPA-EG_censier_0054
person,Marie,#SMPA-EG_censier_p219_c54_42,SMPA-EG_censier_0054
person,Robert Turost,#SMPA-EG_censier_p220_c54_50,SMPA-EG_censier_0054
person,Pierre Cutin,#SMPA-EG_censier_p220_c54_50,SMPA-EG_censier_0054
person,Jehan de Bonneul,#SMPA-EG_censier_p220_c54_50,SMPA-EG_censier_0054
person,Jehan le Clerc de Charanto,#SMPA-EG_censier_p220_c54_50,SMPA-EG_censier_0054
person,Mace,#SMPA-EG_censier_p220_c54_50,SMPA-EG_censier_0054
person,Estiene Asce,#SMPA-EG_censier_p220_c54_50,SMPA-EG_censier_0054
person,Ameline,#SMPA-EG_censier_p220_c54_50,SMPA-EG_censier_0054
person,Nicholaus de Rosai,#SMPA-EG_censier_p220_c54_50,SMPA-EG_censier_0054
person,Jehan le Clerc,#SMPA-EG_censier_p220_c54_50,SMPA-EG_censier_0054
person,Odart,#SMPA-EG_censier_p220_c54_50,SMPA-EG_censier_0054
person,Robert Blanchet,#SMPA-EG_censier_p220_c54_50,SMPA-EG_censier_0054
person,Adam Ranier,#SMPA-EG_censier_p220_c54_50,SMPA-EG_censier_0054
person,Pierre,#SMPA-EG_censier_p220_c54_50,SMPA-EG_censier_0054
person,Nicholaus,#SMPA-EG_censier_p220_c54_50,SMPA-EG_censier_0054
person,Maci,#SMPA-EG_censier_p220_c54_50,SMPA-EG_censier_0054
person,Symon,#SMPA-EG_censier_p220_c54_50,SMPA-EG_censier_0054
person,Odart le Rousse,#SMPA-EG_censier_p220_c54_50,SMPA-EG_censier_0054
person,Richart,#SMPA-EG_censier_p220_c54_50,SMPA-EG_censier_0054
person,Nicholaus de Rosai,#SMPA-EG_censier_p220_c54_50,SMPA-EG_censier_0054
person,Estiene Asse,#SMPA-EG_censier_p220_c54_50,SMPA-EG_censier_0054
person,Jehan Augier,#SMPA-EG_censier_p221_c54_58,SMPA-EG_censier_0054
place,Seint Ladre,#SMPA-EG_censier_p221_c54_58,SMPA-EG_censier_0054
person,Guillaume,#SMPA-EG_censier_p221_c54_58,SMPA-EG_censier_0054
person,Marie Laugière,#SMPA-EG_censier_p221_c54_58,SMPA-EG_censier_0054
person,Jehan de Vaubenon,#SMPA-EG_censier_p221_c54_58,SMPA-EG_censier_0054
person,Jehan Otren,#SMPA-EG_censier_p221_c54_58,SMPA-EG_censier_0054
person,Guilleume,#SMPA-EG_censier_p221_c54_58,SMPA-EG_censier_0054
person,Estienne Alorge,#SMPA-EG_censier_p221_c54_58,SMPA-EG_censier_0054
person,Jehan Augier,#SMPA-EG_censier_p221_c54_58,SMPA-EG_censier_0054
person,Richart des Polies,#SMPA-EG_censier_p221_c54_58,SMPA-EG_censier_0054
place,Seint Merri,#SMPA-EG_censier_p221_c54_58,SMPA-EG_censier_0054
place,Seint Denis,#SMPA-EG_censier_p221_c54_58,SMPA-EG_censier_0054
person,Adam Arenc,#SMPA-EG_censier_p221_c54_58,SMPA-EG_censier_0054
person,Richart des Polies,#SMPA-EG_censier_p222_c54_66,SMPA-EG_censier_0054
place,Seint Denis du Vau,#SMPA-EG_censier_p222_c54_66,SMPA-EG_censier_0054
person,Guilleume Bordo,#SMPA-EG_censier_p222_c54_66,SMPA-EG_censier_0054
person,Jehan Poislaysne,#SMPA-EG_censier_p222_c54_66,SMPA-EG_censier_0054
person,Estienne de Monteigne,#SMPA-EG_censier_p222_c54_66,SMPA-EG_censier_0054
person,Adam Arenc,#SMPA-EG_censier_p222_c54_66,SMPA-EG_censier_0054
place,Seint Merri,#SMPA-EG_censier_p222_c54_66,SMPA-EG_censier_0054
place,Seint Denis,#SMPA-EG_censier_p222_c54_66,SMPA-EG_censier_0054
place,Seinte Katherine,#SMPA-EG_censier_p222_c54_66,SMPA-EG_censier_0054
place,Seint Ladre,#SMPA-EG_censier_p222_c54_66,SMPA-EG_censier_0054
person,Agnes,#SMPA-EG_censier_p222_c54_66,SMPA-EG_censier_0054
person,Raoul de Mafliers,#SMPA-EG_censier_p222_c54_66,SMPA-EG_censier_0054
person,Adam Aranc,#SMPA-EG_censier_p222_c54_66,SMPA-EG_censier_0054
place,Seint Merri,#SMPA-EG_censier_p222_c54_66,SMPA-EG_censier_0054
person,Pierre Marceu,#SMPA-EG_censier_p222_c54_66,SMPA-EG_censier_0054
person,Jehan de Devisze,#SMPA-EG_censier_p222_c54_66,SMPA-EG_censier_0054
person,Jehan,#SMPA-EG_censier_p222_c54_66,SMPA-EG_censier_0054
person,Pierre Marceu,#SMPA-EG_censier_p222_c54_66,SMPA-EG_censier_0054
person,Jehan Russel,#SMPA-EG_censier_p223_c54_72,SMPA-EG_censier_0054
person,Yve,#SMPA-EG_censier_p223_c54_72,SMPA-EG_censier_0054
place,Saint Merry de Paris,#SMPA-EG_censier_p223_c54_72,SMPA-EG_censier_0054
person,Jehan,#SMPA-EG_censier_p223_c54_72,SMPA-EG_censier_0054
person,Andrieu de Villenes,#SMPA-EG_censier_p223_c54_72,SMPA-EG_censier_0054
person,Jehan,#SMPA-EG_censier_p223_c54_72,SMPA-EG_censier_0054
place,Seint Remi,#SMPA-EG_censier_p223_c55,SMPA-EG_censier_0055
place,Encloistre,#SMPA-EG_censier_p223_c55,SMPA-EG_censier_0055
place,Encloistre,#SMPA-EG_censier_p223_c55,SMPA-EG_censier_0055
person,Nicholaus de Rosay,#SMPA-EG_censier_p223_c55,SMPA-EG_censier_0055
person,Jaque,#SMPA-EG_censier_p223_c55,SMPA-EG_censier_0055
person,Jehan de Montegni,#SMPA-EG_censier_p223_c55,SMPA-EG_censier_0055
place,Seint Germain,#SMPA-EG_censier_p224_c55_9,SMPA-EG_censier_0055
person,Aubert le Linier,#SMPA-EG_censier_p224_c55_9,SMPA-EG_censier_0055
person,Basile,#SMPA-EG_censier_p224_c55_9,SMPA-EG_censier_0055
person,Adam Olivier,#SMPA-EG_censier_p224_c56,SMPA-EG_censier_0056
person,Adam Olivier,#SMPA-EG_censier_p224_c56,SMPA-EG_censier_0056
person,Guilleume Guillot,#SMPA-EG_censier_p224_c56,SMPA-EG_censier_0056
person,Aden Olivier,#SMPA-EG_censier_p224_c56,SMPA-EG_censier_0056
person,Guilleume Olivier,#SMPA-EG_censier_p224_c56,SMPA-EG_censier_0056
person,Guilleume Guillot de Darenci,#SMPA-EG_censier_p224_c56,SMPA-EG_censier_0056
person,Guilleume Olivier,#SMPA-EG_censier_p224_c56,SMPA-EG_censier_0056
person,Guilleume Guillot,#SMPA-EG_censier_p224_c56,SMPA-EG_censier_0056
person,Adam Boulart de Darenci,#SMPA-EG_censier_p224_c56,SMPA-EG_censier_0056
person,Jehan Chevalier de Darenci,#SMPA-EG_censier_p224_c56,SMPA-EG_censier_0056
person,Jehan le Normant,#SMPA-EG_censier_p224_c56,SMPA-EG_censier_0056
person,Jehan le Breton,#SMPA-EG_censier_p225_c56_9,SMPA-EG_censier_0056
person,Jehan Boitvin,#SMPA-EG_censier_p225_c56_9,SMPA-EG_censier_0056
person,Guilleume Guillot,#SMPA-EG_censier_p225_c56_9,SMPA-EG_censier_0056
person,Jehan Aulart de Darenci,#SMPA-EG_censier_p225_c56_9,SMPA-EG_censier_0056
place,Encloistre,#SMPA-EG_censier_p225_c58,SMPA-EG_censier_0058
place,Seint Merri,#SMPA-EG_censier_p225_c58,SMPA-EG_censier_0058
person,Nicholaus de Rosai,#SMPA-EG_censier_p225_c58,SMPA-EG_censier_0058
person,Jaque de Columbiers,#SMPA-EG_censier_p225_c58,SMPA-EG_censier_0058
person,Simon Sepinel,#SMPA-EG_censier_p225_c58,SMPA-EG_censier_0058
person,Aubert le Linier,#SMPA-EG_censier_p225_c58,SMPA-EG_censier_0058
person,Estiene de Suci,#SMPA-EG_censier_p225_c58,SMPA-EG_censier_0058
person,Jehan de Dueul,#SMPA-EG_censier_p225_c58,SMPA-EG_censier_0058
person,Guilleume Langlois,#SMPA-EG_censier_p225_c58,SMPA-EG_censier_0058
person,Geufroi le Madelinier,#SMPA-EG_censier_p225_c58,SMPA-EG_censier_0058
person,Basile,#SMPA-EG_censier_p225_c58,SMPA-EG_censier_0058
place,Encloistre,#SMPA-EG_censier_p225_c58,SMPA-EG_censier_0058
person,Guilleume le Clerc,#SMPA-EG_censier_p225_c58,SMPA-EG_censier_0058
person,Richart,#SMPA-EG_censier_p225_c58,SMPA-EG_censier_0058
person,Gui,#SMPA-EG_censier_p225_c58,SMPA-EG_censier_0058
person,Heude le Queuc,#SMPA-EG_censier_p225_c58,SMPA-EG_censier_0058
person,Estiene,#SMPA-EG_censier_p225_c58,SMPA-EG_censier_0058
person,Hue le Madelinier,#SMPA-EG_censier_p226_c58_16,SMPA-EG_censier_0058
person,Andriu Quenel,#SMPA-EG_censier_p226_c58_16,SMPA-EG_censier_0058
place,Seint Martin,#SMPA-EG_censier_p226_c59,SMPA-EG_censier_0059
place,Symon Franc,#SMPA-EG_censier_p226_c59,SMPA-EG_censier_0059
person,Maci Pizdoe,#SMPA-EG_censier_p226_c59,SMPA-EG_censier_0059
person,Rogier du Fruit le Roy,#SMPA-EG_censier_p226_c59,SMPA-EG_censier_0059
person,Jehan,#SMPA-EG_censier_p226_c59,SMPA-EG_censier_0059
person,Jehan de Vanves,#SMPA-EG_censier_p226_c59,SMPA-EG_censier_0059
person,Guilleume de Loviers,#SMPA-EG_censier_p226_c59,SMPA-EG_censier_0059
person,Jehan Viel,#SMPA-EG_censier_p226_c59,SMPA-EG_censier_0059
person,Guilleume de Freines,#SMPA-EG_censier_p226_c59,SMPA-EG_censier_0059
person,Jaque,#SMPA-EG_censier_p226_c59,SMPA-EG_censier_0059
person,Jehan le Bodinier,#SMPA-EG_censier_p226_c59,SMPA-EG_censier_0059
person,Jehan le Bodinier,#SMPA-EG_censier_p226_c59,SMPA-EG_censier_0059
person,Maci de Pierrefrite,#SMPA-EG_censier_p226_c59,SMPA-EG_censier_0059
person,Richart des Polies,#SMPA-EG_censier_p226_c59,SMPA-EG_censier_0059
person,Maci de Pierrefrite,#SMPA-EG_censier_p226_c59,SMPA-EG_censier_0059
person,Jehan le Romain,#SMPA-EG_censier_p226_c59,SMPA-EG_censier_0059
person,Raoul de Romainville,#SMPA-EG_censier_p226_c59,SMPA-EG_censier_0059
person,Adam le Flamenc de Grive,#SMPA-EG_censier_p226_c59,SMPA-EG_censier_0059
person,Raoul de Romainville,#SMPA-EG_censier_p226_c59,SMPA-EG_censier_0059
person,Thomas,#SMPA-EG_censier_p227_c60,SMPA-EG_censier_0060
person,Jehan Poian,#SMPA-EG_censier_p227_c60,SMPA-EG_censier_0060
person,Estiene de Conches,#SMPA-EG_censier_p227_c60,SMPA-EG_censier_0060
person,Estiene,#SMPA-EG_censier_p227_c60,SMPA-EG_censier_0060
person,Michiel Boulengier,#SMPA-EG_censier_p227_c60,SMPA-EG_censier_0060
person,Jehan Michiel,#SMPA-EG_censier_p227_c60,SMPA-EG_censier_0060
person,Thomas le Chandelier,#SMPA-EG_censier_p227_c60,SMPA-EG_censier_0060
person,Guilleume Thoumas,#SMPA-EG_censier_p227_c60,SMPA-EG_censier_0060
person,Margarite le Boulangiere,#SMPA-EG_censier_p227_c60,SMPA-EG_censier_0060
person,Ysabieu,#SMPA-EG_censier_p227_c60,SMPA-EG_censier_0060
person,Daniel le Breton,#SMPA-EG_censier_p227_c61,SMPA-EG_censier_0061
person,Baudouin le Riche,#SMPA-EG_censier_p227_c61,SMPA-EG_censier_0061
person,Jehan de Sezane,#SMPA-EG_censier_p227_c61,SMPA-EG_censier_0061
person,Aden le Derame,#SMPA-EG_censier_p227_c61,SMPA-EG_censier_0061
person,Gui,#SMPA-EG_censier_p227_c62,SMPA-EG_censier_0062
person,Henri,#SMPA-EG_censier_p228_c62_4,SMPA-EG_censier_0062
person,Jehan le Potier,#SMPA-EG_censier_p228_c62_4,SMPA-EG_censier_0062
person,Jehan de Peirone,#SMPA-EG_censier_p228_c62_4,SMPA-EG_censier_0062
person,Ernoul le Pelerin,#SMPA-EG_censier_p228_c62_4,SMPA-EG_censier_0062
person,Guillaume le Potier,#SMPA-EG_censier_p228_c62_4,SMPA-EG_censier_0062
place,Biaubourc,#SMPA-EG_censier_p228_c63,SMPA-EG_censier_0063
person,Robert de Corbuell,#SMPA-EG_censier_p228_c63,SMPA-EG_censier_0063
person,Jehan de Rouan,#SMPA-EG_censier_p228_c63,SMPA-EG_censier_0063
person,Guillaume Quinenier,#SMPA-EG_censier_p228_c63,SMPA-EG_censier_0063
person,Phelippe de Limoges,#SMPA-EG_censier_p228_c63,SMPA-EG_censier_0063
person,Guillaume Quoquere,#SMPA-EG_censier_p228_c63,SMPA-EG_censier_0063
person,Robert Chevalier,#SMPA-EG_censier_p228_c64,SMPA-EG_censier_0064
person,Gui,#SMPA-EG_censier_p228_c64,SMPA-EG_censier_0064
person,Jehan Bobelin,#SMPA-EG_censier_p228_c64,SMPA-EG_censier_0064
person,Gile,#SMPA-EG_censier_p228_c64,SMPA-EG_censier_0064
person,Richart le Charpentier,#SMPA-EG_censier_p228_c64,SMPA-EG_censier_0064
person,Marguerite la Parierre,#SMPA-EG_censier_p228_c64,SMPA-EG_censier_0064
person,Richart Grisillon,#SMPA-EG_censier_p228_c65,SMPA-EG_censier_0065
person,Guillaume Langlois,#SMPA-EG_censier_p228_c65,SMPA-EG_censier_0065
person,Gui,#SMPA-EG_censier_p228_c65,SMPA-EG_censier_0065
person,Thomas le Frapier,#SMPA-EG_censier_p229_c65_5,SMPA-EG_censier_0065
place,Symon Franc,#SMPA-EG_censier_p229_c66,SMPA-EG_censier_0066
person,Pierre le Borcier,#SMPA-EG_censier_p229_c66,SMPA-EG_censier_0066
person,Estiene le Gros,#SMPA-EG_censier_p229_c66,SMPA-EG_censier_0066
person,Jaque le Breton,#SMPA-EG_censier_p229_c66,SMPA-EG_censier_0066
person,Jehan,#SMPA-EG_censier_p229_c66,SMPA-EG_censier_0066
person,Pierre de Pontoise,#SMPA-EG_censier_p229_c66,SMPA-EG_censier_0066
place,Seint Merri,#SMPA-EG_censier_p229_c66,SMPA-EG_censier_0066
person,Guillaume Langlois,#SMPA-EG_censier_p229_c66,SMPA-EG_censier_0066
person,Simon de Denmertin,#SMPA-EG_censier_p229_c66,SMPA-EG_censier_0066
person,Daniel le Breton,#SMPA-EG_censier_p229_c66,SMPA-EG_censier_0066
place,Seint Denis,#SMPA-EG_censier_p229_c66,SMPA-EG_censier_0066
person,Guy,#SMPA-EG_censier_p229_c66,SMPA-EG_censier_0066
person,Estiene de Nuef Chastieu,#SMPA-EG_censier_p229_c66,SMPA-EG_censier_0066
person,Gile,#SMPA-EG_censier_p229_c66,SMPA-EG_censier_0066
person,Jehan Velut,#SMPA-EG_censier_p229_c66,SMPA-EG_censier_0066
person,Jehan Bolin,#SMPA-EG_censier_p229_c66,SMPA-EG_censier_0066
place,Guilleume Espaulart,#SMPA-EG_censier_p229_c67,SMPA-EG_censier_0067
place,Pierre Aulart,#SMPA-EG_censier_p229_c67,SMPA-EG_censier_0067
person,Ancel de Morgenvel,#SMPA-EG_censier_p229_c67,SMPA-EG_censier_0067
person,Gui,#SMPA-EG_censier_p229_c67,SMPA-EG_censier_0067
place,Lambert de Chielle,#SMPA-EG_censier_p229_c68,SMPA-EG_censier_0068
person,Pierre Gencien,#SMPA-EG_censier_p229_c68,SMPA-EG_censier_0068
person,Geufroy de Saveny,#SMPA-EG_censier_p229_c68,SMPA-EG_censier_0068
place,Seint Anthoine,#SMPA-EG_censier_p230_c69,SMPA-EG_censier_0069
person,Pierre Leber,#SMPA-EG_censier_p230_c69,SMPA-EG_censier_0069
place,Seinte Katherine,#SMPA-EG_censier_p230_c70,SMPA-EG_censier_0070
place,Seint Jaque,#SMPA-EG_censier_p230_c71,SMPA-EG_censier_0071
person,Robert des Villes,#SMPA-EG_censier_p230_c71,SMPA-EG_censier_0071
person,Philippe des Ylles,#SMPA-EG_censier_p230_c71,SMPA-EG_censier_0071
place,Seint Jaques,#SMPA-EG_censier_p230_c71,SMPA-EG_censier_0071
person,Jaque,#SMPA-EG_censier_p230_c71,SMPA-EG_censier_0071
person,Pierre de Dieppe,#SMPA-EG_censier_p230_c71,SMPA-EG_censier_0071
person,Maci de Montfleurain,#SMPA-EG_censier_p230_c71,SMPA-EG_censier_0071
person,Pierre Tibert,#SMPA-EG_censier_p230_c72,SMPA-EG_censier_0072
person,Marie,#SMPA-EG_censier_p230_c72,SMPA-EG_censier_0072
person,Jehan Rouciau,#SMPA-EG_censier_p230_c72,SMPA-EG_censier_0072
place,Saint Denis,#SMPA-EG_censier_p230_c73,SMPA-EG_censier_0073
person,Alain le Chaucier,#SMPA-EG_censier_p230_c73,SMPA-EG_censier_0073
person,Jehan le Coc,#SMPA-EG_censier_p230_c73,SMPA-EG_censier_0073
person,Jehan Qussac,#SMPA-EG_censier_p230_c73,SMPA-EG_censier_0073
place,Seint Merri,#SMPA-EG_censier_p231_c74,SMPA-EG_censier_0074
place,Seint Martin,#SMPA-EG_censier_p231_c74,SMPA-EG_censier_0074
person,Guilleume,#SMPA-EG_censier_p231_c74,SMPA-EG_censier_0074
person,Henri de Laon,#SMPA-EG_censier_p231_c74,SMPA-EG_censier_0074
person,Jehan de Champiaus,#SMPA-EG_censier_p231_c74,SMPA-EG_censier_0074
person,Guilleume Gales,#SMPA-EG_censier_p231_c74,SMPA-EG_censier_0074
person,Henri du Presseur,#SMPA-EG_censier_p231_c74,SMPA-EG_censier_0074
person,Guillelmus Drocaus,#SMPA-EG_censier_p231_c74,SMPA-EG_censier_0074
place,Encloistre,#SMPA-EG_censier_p231_c75,SMPA-EG_censier_0075
person,Girart de Cul,#SMPA-EG_censier_p231_c75,SMPA-EG_censier_0075
person,Jaque de Columbiers,#SMPA-EG_censier_p231_c75,SMPA-EG_censier_0075
person,Jehan de Montegni,#SMPA-EG_censier_p231_c75,SMPA-EG_censier_0075
person,Thomas le Frapier,#SMPA-EG_censier_p231_c75,SMPA-EG_censier_0075
place,Seint Denis,#SMPA-EG_censier_p232_c76,SMPA-EG_censier_0076
place,Seint Innocent,#SMPA-EG_censier_p232_c76,SMPA-EG_censier_0076
place,Aubert le Bouchier,#SMPA-EG_censier_p232_c76,SMPA-EG_censier_0076
person,Jehan le Gales,#SMPA-EG_censier_p232_c76,SMPA-EG_censier_0076
person,Jaque le Chapellier,#SMPA-EG_censier_p232_c76,SMPA-EG_censier_0076
person,Raoul Lescot,#SMPA-EG_censier_p232_c76,SMPA-EG_censier_0076
person,Marie le Cordiere,#SMPA-EG_censier_p232_c76,SMPA-EG_censier_0076
person,Jaque,#SMPA-EG_censier_p232_c76,SMPA-EG_censier_0076
person,Jehan,#SMPA-EG_censier_p232_c76,SMPA-EG_censier_0076
place,Seint Germain,#SMPA-EG_censier_p232_c76,SMPA-EG_censier_0076
person,Andri Poucheron,#SMPA-EG_censier_p232_c76,SMPA-EG_censier_0076
person,Jehan Pocheron,#SMPA-EG_censier_p232_c76,SMPA-EG_censier_0076
person,Rogier le Mareschal,#SMPA-EG_censier_p232_c76,SMPA-EG_censier_0076
person,Jehan,#SMPA-EG_censier_p232_c76,SMPA-EG_censier_0076
person,Jehan Qussac,#SMPA-EG_censier_p232_c76,SMPA-EG_censier_0076
person,Renaut de Cheri,#SMPA-EG_censier_p232_c76,SMPA-EG_censier_0076
person,Jehan Qussac,#SMPA-EG_censier_p232_c76,SMPA-EG_censier_0076
person,Jehan,#SMPA-EG_censier_p232_c76,SMPA-EG_censier_0076
person,Thomas de Meuns,#SMPA-EG_censier_p232_c76,SMPA-EG_censier_0076
person,Thomas de Meuns,#SMPA-EG_censier_p233_c76_7,SMPA-EG_censier_0076
person,Jehan Cussac,#SMPA-EG_censier_p233_c76_7,SMPA-EG_censier_0076
person,Heude Mainche-Veire,#SMPA-EG_censier_p233_c76_7,SMPA-EG_censier_0076
person,Jehan de Lyons,#SMPA-EG_censier_p233_c76_7,SMPA-EG_censier_0076
person,Gui,#SMPA-EG_censier_p233_c76_7,SMPA-EG_censier_0076
place,Seint Jaque,#SMPA-EG_censier_p233_c76_7,SMPA-EG_censier_0076
person,Heude Meinche-Veire,#SMPA-EG_censier_p233_c76_7,SMPA-EG_censier_0076
person,Jehan de Lions,#SMPA-EG_censier_p233_c76_7,SMPA-EG_censier_0076
person,Ameline de Pasci,#SMPA-EG_censier_p233_c76_7,SMPA-EG_censier_0076
place,Seint Jaque,#SMPA-EG_censier_p233_c76_7,SMPA-EG_censier_0076
person,Thomas de Meuns,#SMPA-EG_censier_p233_c76_7,SMPA-EG_censier_0076
person,Jehan Deys,#SMPA-EG_censier_p233_c76_7,SMPA-EG_censier_0076
place,Seint Merri,#SMPA-EG_censier_p233_c76_7,SMPA-EG_censier_0076
person,Jehan Deys,#SMPA-EG_censier_p233_c76_7,SMPA-EG_censier_0076
person,Robert le Lanier,#SMPA-EG_censier_p233_c76_7,SMPA-EG_censier_0076
person,Robert le Lanier,#SMPA-EG_censier_p233_c76_7,SMPA-EG_censier_0076
person,Jehan Deys,#SMPA-EG_censier_p233_c76_7,SMPA-EG_censier_0076
person,Jehan le Gales,#SMPA-EG_censier_p233_c76_7,SMPA-EG_censier_0076
person,Jehan,#SMPA-EG_censier_p233_c76_7,SMPA-EG_censier_0076
person,Guillaume Bordo,#SMPA-EG_censier_p233_c76_7,SMPA-EG_censier_0076
person,Girart Daudieu,#SMPA-EG_censier_p233_c76_7,SMPA-EG_censier_0076
person,Jehan le Guales,#SMPA-EG_censier_p233_c76_7,SMPA-EG_censier_0076
person,Robert le Lanier,#SMPA-EG_censier_p233_c76_7,SMPA-EG_censier_0076
person,Jehan Cussac,#SMPA-EG_censier_p233_c76_7,SMPA-EG_censier_0076
person,Jaque,#SMPA-EG_censier_p233_c76_7,SMPA-EG_censier_0076
person,Aubert,#SMPA-EG_censier_p233_c76_7,SMPA-EG_censier_0076
person,Erembourc,#SMPA-EG_censier_p233_c76_7,SMPA-EG_censier_0076
person,Marie le Chandeliere,#SMPA-EG_censier_p233_c76_7,SMPA-EG_censier_0076
person,Henri des Nes,#SMPA-EG_censier_p234_c77,SMPA-EG_censier_0077
place,Seint Merri,#SMPA-EG_censier_p234_c77,SMPA-EG_censier_0077
place,Seint Ladre,#SMPA-EG_censier_p234_c77,SMPA-EG_censier_0077
person,Henri des Nes,#SMPA-EG_censier_p234_c77,SMPA-EG_censier_0077
person,Pierre de Montegni,#SMPA-EG_censier_p234_c77,SMPA-EG_censier_0077
person,Henri des Nes,#SMPA-EG_censier_p234_c77,SMPA-EG_censier_0077
place,Seint Ladre,#SMPA-EG_censier_p234_c77,SMPA-EG_censier_0077
place,Seint Merri,#SMPA-EG_censier_p234_c79,SMPA-EG_censier_0079
person,Nicholaus de Rosai,#SMPA-EG_censier_p234_c79,SMPA-EG_censier_0079
person,Ancel,#SMPA-EG_censier_p234_c79,SMPA-EG_censier_0079
person,Simon Sepinel,#SMPA-EG_censier_p234_c79,SMPA-EG_censier_0079
person,Aubert le Linier,#SMPA-EG_censier_p234_c79,SMPA-EG_censier_0079
person,Estienne,#SMPA-EG_censier_p234_c79,SMPA-EG_censier_0079
person,Basile,#SMPA-EG_censier_p234_c79,SMPA-EG_censier_0079
person,Guillaume le Clerc,#SMPA-EG_censier_p234_c79,SMPA-EG_censier_0079
person,Guilleume Langlois,#SMPA-EG_censier_p235_c79_8,SMPA-EG_censier_0079
person,Geufroi le Madelinier,#SMPA-EG_censier_p235_c79_8,SMPA-EG_censier_0079
person,Richart,#SMPA-EG_censier_p235_c79_8,SMPA-EG_censier_0079
person,Gui,#SMPA-EG_censier_p235_c79_8,SMPA-EG_censier_0079
person,Heude le Queusinier,#SMPA-EG_censier_p235_c79_8,SMPA-EG_censier_0079
person,Estiene de Suci,#SMPA-EG_censier_p235_c79_8,SMPA-EG_censier_0079
person,Robert le Queusinier,#SMPA-EG_censier_p235_c79_8,SMPA-EG_censier_0079
person,Richart le Garçon,#SMPA-EG_censier_p235_c79_8,SMPA-EG_censier_0079
person,Jehan le Gros,#SMPA-EG_censier_p235_c79_8,SMPA-EG_censier_0079
person,Hue le Madellinier,#SMPA-EG_censier_p235_c79_8,SMPA-EG_censier_0079
person,Andriu Quenel,#SMPA-EG_censier_p235_c79_8,SMPA-EG_censier_0079
person,Pierre Warroquier,#SMPA-EG_censier_p235_c79_8,SMPA-EG_censier_0079
place,Seint Martin,#SMPA-EG_censier_p235_c80,SMPA-EG_censier_0080
person,Jehan,#SMPA-EG_censier_p235_c80,SMPA-EG_censier_0080
person,Thomas,#SMPA-EG_censier_p235_c81,SMPA-EG_censier_0081
person,Jehan Paian,#SMPA-EG_censier_p235_c81,SMPA-EG_censier_0081
person,Estienne de Conches,#SMPA-EG_censier_p235_c81,SMPA-EG_censier_0081
person,Adam,#SMPA-EG_censier_p235_c81,SMPA-EG_censier_0081
person,Estiene de Conches,#SMPA-EG_censier_p235_c81,SMPA-EG_censier_0081
person,Robert de Paris,#SMPA-EG_censier_p235_c81,SMPA-EG_censier_0081
person,Thomas le Chandellier,#SMPA-EG_censier_p235_c81,SMPA-EG_censier_0081
person,Jehan Boulengier,#SMPA-EG_censier_p236_c81_6,SMPA-EG_censier_0081
person,Daniel le Breto,#SMPA-EG_censier_p236_c82,SMPA-EG_censier_0082
person,Baudoin le Riche,#SMPA-EG_censier_p236_c82,SMPA-EG_censier_0082
person,Jehan de Sezanne,#SMPA-EG_censier_p236_c82,SMPA-EG_censier_0082
place,Gieffre,#SMPA-EG_censier_p236_c83,SMPA-EG_censier_0083
place,Biaubourc,#SMPA-EG_censier_p236_c83,SMPA-EG_censier_0083
person,Yve des Pavellons,#SMPA-EG_censier_p236_c83,SMPA-EG_censier_0083
person,Gui,#SMPA-EG_censier_p236_c83,SMPA-EG_censier_0083
person,Henri,#SMPA-EG_censier_p236_c83,SMPA-EG_censier_0083
person,Jehan le Potier,#SMPA-EG_censier_p236_c83,SMPA-EG_censier_0083
person,Guillaume,#SMPA-EG_censier_p236_c83,SMPA-EG_censier_0083
person,Thomas le Fundeur,#SMPA-EG_censier_p236_c83,SMPA-EG_censier_0083
person,Guillaume,#SMPA-EG_censier_p236_c83,SMPA-EG_censier_0083
person,Jehan de Peirone,#SMPA-EG_censier_p236_c83,SMPA-EG_censier_0083
person,Ernoul Pellerin,#SMPA-EG_censier_p236_c83,SMPA-EG_censier_0083
place,Seint Estiene,#SMPA-EG_censier_p236_c83,SMPA-EG_censier_0083
person,Guillaume le Potier,#SMPA-EG_censier_p236_c83,SMPA-EG_censier_0083
place,Biaubourc,#SMPA-EG_censier_p236_c84,SMPA-EG_censier_0084
person,Robert de Corbuelh,#SMPA-EG_censier_p236_c84,SMPA-EG_censier_0084
person,Phelippe,#SMPA-EG_censier_p236_c84,SMPA-EG_censier_0084
person,Richart Gresillon,#SMPA-EG_censier_p237_c84_6,SMPA-EG_censier_0084
person,Guillaume Langlois,#SMPA-EG_censier_p237_c84_6,SMPA-EG_censier_0084
person,Gile,#SMPA-EG_censier_p237_c85,SMPA-EG_censier_0085
person,Jehan de Rouan,#SMPA-EG_censier_p237_c85,SMPA-EG_censier_0085
person,Jehane la Charbonniere,#SMPA-EG_censier_p237_c85,SMPA-EG_censier_0085
person,Thomas le Frapier,#SMPA-EG_censier_p237_c85,SMPA-EG_censier_0085
place,Symon Franc,#SMPA-EG_censier_p237_c86,SMPA-EG_censier_0086
person,Estiene le Gros,#SMPA-EG_censier_p237_c86,SMPA-EG_censier_0086
person,Jehan,#SMPA-EG_censier_p237_c86,SMPA-EG_censier_0086
person,Pierre de Pontoise,#SMPA-EG_censier_p237_c86,SMPA-EG_censier_0086
person,Jaque le Breto,#SMPA-EG_censier_p237_c86,SMPA-EG_censier_0086
person,Guillaume Langlois,#SMPA-EG_censier_p237_c86,SMPA-EG_censier_0086
person,Simon de Denmertin,#SMPA-EG_censier_p237_c86,SMPA-EG_censier_0086
place,Seint Denis,#SMPA-EG_censier_p237_c86,SMPA-EG_censier_0086
person,Guy,#SMPA-EG_censier_p237_c86,SMPA-EG_censier_0086
person,Estiene de Neuf Chastieu,#SMPA-EG_censier_p237_c86,SMPA-EG_censier_0086
person,Jehan du Neuf Catel,#SMPA-EG_censier_p237_c86,SMPA-EG_censier_0086
person,Gile,#SMPA-EG_censier_p237_c86,SMPA-EG_censier_0086
person,Jehan,#SMPA-EG_censier_p237_c86,SMPA-EG_censier_0086
person,Jehan Belin,#SMPA-EG_censier_p237_c86,SMPA-EG_censier_0086
place,Seint Leu,#SMPA-EG_censier_p237_c86,SMPA-EG_censier_0086
place,Guilleume Espaulart,#SMPA-EG_censier_p237_c87,SMPA-EG_censier_0087
person,Ancel de Morgneval,#SMPA-EG_censier_p237_c87,SMPA-EG_censier_0087
person,Guy,#SMPA-EG_censier_p237_c87,SMPA-EG_censier_0087
place,Lambert de Chielle,#SMPA-EG_censier_p238_c89,SMPA-EG_censier_0089
person,Jehan de Chielle,#SMPA-EG_censier_p238_c89,SMPA-EG_censier_0089
person,Geufroi de Saveni,#SMPA-EG_censier_p238_c89,SMPA-EG_censier_0089
place,Seint Anthoine,#SMPA-EG_censier_p238_c90,SMPA-EG_censier_0090
place,Seinte Katherine,#SMPA-EG_censier_p238_c91,SMPA-EG_censier_0091
place,Seint Jaque,#SMPA-EG_censier_p238_c92,SMPA-EG_censier_0092
place,Seint Jaques,#SMPA-EG_censier_p238_c92,SMPA-EG_censier_0092
person,Jaque,#SMPA-EG_censier_p238_c92,SMPA-EG_censier_0092
person,Jehan Poillevilain,#SMPA-EG_censier_p238_c92,SMPA-EG_censier_0092
person,Pierre de Dieppe,#SMPA-EG_censier_p238_c92,SMPA-EG_censier_0092
person,Maci de Montévrain,#SMPA-EG_censier_p238_c92,SMPA-EG_censier_0092
person,Pierre Tibert,#SMPA-EG_censier_p238_c93,SMPA-EG_censier_0093
person,Marie,#SMPA-EG_censier_p238_c93,SMPA-EG_censier_0093
person,Jehan Rouciau,#SMPA-EG_censier_p238_c93,SMPA-EG_censier_0093
place,Seint Denis,#SMPA-EG_censier_p239_c94,SMPA-EG_censier_0094
person,Alain le Chaucier,#SMPA-EG_censier_p239_c94,SMPA-EG_censier_0094
place,Seint Merri,#SMPA-EG_censier_p239_c95,SMPA-EG_censier_0095
place,Seint Martin,#SMPA-EG_censier_p239_c95,SMPA-EG_censier_0095
person,Guilleume,#SMPA-EG_censier_p239_c95,SMPA-EG_censier_0095
person,Henri de Laon,#SMPA-EG_censier_p239_c95,SMPA-EG_censier_0095
person,Jehan de Champiaus,#SMPA-EG_censier_p239_c95,SMPA-EG_censier_0095
place,Seinte Katherine,#SMPA-EG_censier_p239_c95,SMPA-EG_censier_0095
person,Guilleume Gales,#SMPA-EG_censier_p239_c95,SMPA-EG_censier_0095
person,Henri du Presseur,#SMPA-EG_censier_p239_c95,SMPA-EG_censier_0095
place,Seint Germain,#SMPA-EG_censier_p239_c96,SMPA-EG_censier_0096
place,Seint Germain,#SMPA-EG_censier_p239_c96,SMPA-EG_censier_0096
person,Guillaume de Dreueus,#SMPA-EG_censier_p239_c96,SMPA-EG_censier_0096
place,Encloistre,#SMPA-EG_censier_p239_c97,SMPA-EG_censier_0097
person,Jehan de Montegni,#SMPA-EG_censier_p240_c97_6,SMPA-EG_censier_0097
place,Seint Germain,#SMPA-EG_censier_p240_c97_6,SMPA-EG_censier_0097
place,Seint Martin,#SMPA-EG_censier_p240_c98,SMPA-EG_censier_0098
place,Seint Martin,#SMPA-EG_censier_p240_c98,SMPA-EG_censier_0098
place,Seint Denis,#SMPA-EG_censier_p240_c98,SMPA-EG_censier_0098
person,Jehan Langlois,#SMPA-EG_censier_p240_c98,SMPA-EG_censier_0098
place,Seint Martin,#SMPA-EG_censier_p240_c98,SMPA-EG_censier_0098
person,Hervi,#SMPA-EG_censier_p240_c98,SMPA-EG_censier_0098
place,Trinité,#SMPA-EG_censier_p240_c98,SMPA-EG_censier_0098
place,Seint Martin de Pierre,#SMPA-EG_censier_p240_c98,SMPA-EG_censier_0098
person,Robert,#SMPA-EG_censier_p240_c98,SMPA-EG_censier_0098
person,Jehan le Convers,#SMPA-EG_censier_p240_c98,SMPA-EG_censier_0098
place,Seint Denis,#SMPA-EG_censier_p240_c98,SMPA-EG_censier_0098
person,Hervi,#SMPA-EG_censier_p240_c98,SMPA-EG_censier_0098
place,Trinité,#SMPA-EG_censier_p240_c98,SMPA-EG_censier_0098
person,Hervi,#SMPA-EG_censier_p240_c98,SMPA-EG_censier_0098
place,Trinité,#SMPA-EG_censier_p240_c98,SMPA-EG_censier_0098
place,Seint Ladre de Biauchamp,#SMPA-EG_censier_p240_c98,SMPA-EG_censier_0098
place,Seint Martin des Champs,#SMPA-EG_censier_p241_c98_8,SMPA-EG_censier_0098
place,Seint Martin,#SMPA-EG_censier_p241_c98_8,SMPA-EG_censier_0098
place,Seint Martin,#SMPA-EG_censier_p241_c98_8,SMPA-EG_censier_0098
person,Estiene Bonefille,#SMPA-EG_censier_p241_c98_8,SMPA-EG_censier_0098
person,Lambert de Seint Lourens,#SMPA-EG_censier_p241_c98_8,SMPA-EG_censier_0098
person,Erembourc de Seint Lourens,#SMPA-EG_censier_p241_c98_8,SMPA-EG_censier_0098
place,Seint Martin des Champs,#SMPA-EG_censier_p241_c98_8,SMPA-EG_censier_0098
place,Seint Jehan,#SMPA-EG_censier_p241_c100,SMPA-EG_censier_0100
place,Encloistre,#SMPA-EG_censier_p241_c100,SMPA-EG_censier_0100
person,Nicholaus de Rosai,#SMPA-EG_censier_p241_c100,SMPA-EG_censier_0100
person,Jaque de Columbiers,#SMPA-EG_censier_p241_c100,SMPA-EG_censier_0100
person,Simon Sepinel,#SMPA-EG_censier_p241_c100,SMPA-EG_censier_0100
person,Aubert le Linier,#SMPA-EG_censier_p241_c100,SMPA-EG_censier_0100
person,Estienne de Sucy,#SMPA-EG_censier_p241_c100,SMPA-EG_censier_0100
person,Alain de Pontayse,#SMPA-EG_censier_p241_c100,SMPA-EG_censier_0100
person,Jehan de Dueul,#SMPA-EG_censier_p241_c100,SMPA-EG_censier_0100
person,Basile,#SMPA-EG_censier_p242_c100_11,SMPA-EG_censier_0100
place,Encloistre,#SMPA-EG_censier_p242_c100_11,SMPA-EG_censier_0100
person,Guilleume le Clerc,#SMPA-EG_censier_p242_c100_11,SMPA-EG_censier_0100
person,Richart,#SMPA-EG_censier_p242_c100_11,SMPA-EG_censier_0100
person,Gui,#SMPA-EG_censier_p242_c100_11,SMPA-EG_censier_0100
person,Heude le Queusinier,#SMPA-EG_censier_p242_c100_11,SMPA-EG_censier_0100
person,Estienne de Suci,#SMPA-EG_censier_p242_c100_11,SMPA-EG_censier_0100
person,Robert le Queusinier,#SMPA-EG_censier_p242_c100_11,SMPA-EG_censier_0100
person,Richart le Garcon,#SMPA-EG_censier_p242_c100_11,SMPA-EG_censier_0100
person,Hue le Madelinier,#SMPA-EG_censier_p242_c100_11,SMPA-EG_censier_0100
person,Andriu Quenel,#SMPA-EG_censier_p242_c100_11,SMPA-EG_censier_0100
person,Pierre Warroquier,#SMPA-EG_censier_p242_c100_11,SMPA-EG_censier_0100
place,Seint Martin,#SMPA-EG_censier_p242_c101,SMPA-EG_censier_0101
place,Seint Merri,#SMPA-EG_censier_p242_c101,SMPA-EG_censier_0101
person,Jehan,#SMPA-EG_censier_p242_c101,SMPA-EG_censier_0101
person,Thomas,#SMPA-EG_censier_p242_c102,SMPA-EG_censier_0102
person,Jehan Paian,#SMPA-EG_censier_p242_c102,SMPA-EG_censier_0102
person,Michiel le Boulengier,#SMPA-EG_censier_p242_c102,SMPA-EG_censier_0102
person,Estiene de Conches,#SMPA-EG_censier_p242_c102,SMPA-EG_censier_0102
person,Aden,#SMPA-EG_censier_p242_c102,SMPA-EG_censier_0102
person,Estiene de Conches,#SMPA-EG_censier_p242_c102,SMPA-EG_censier_0102
person,Thomas le Chandelier,#SMPA-EG_censier_p242_c102,SMPA-EG_censier_0102
person,Guillaume Thomas,#SMPA-EG_censier_p242_c102,SMPA-EG_censier_0102
person,Jehan Boulengier,#SMPA-EG_censier_p242_c102,SMPA-EG_censier_0102
place,Symon Franc,#SMPA-EG_censier_p243_c103,SMPA-EG_censier_0103
person,Daniel le Breto,#SMPA-EG_censier_p243_c103,SMPA-EG_censier_0103
person,Baudoin le Riche,#SMPA-EG_censier_p243_c103,SMPA-EG_censier_0103
person,Jehan de Sezanne,#SMPA-EG_censier_p243_c103,SMPA-EG_censier_0103
place,Gieffre,#SMPA-EG_censier_p243_c104,SMPA-EG_censier_0104
person,Yve des Pavellons,#SMPA-EG_censier_p243_c104,SMPA-EG_censier_0104
person,Colin le Begue,#SMPA-EG_censier_p243_c104,SMPA-EG_censier_0104
person,Henri,#SMPA-EG_censier_p243_c104,SMPA-EG_censier_0104
person,Jehan le Potier,#SMPA-EG_censier_p243_c104,SMPA-EG_censier_0104
person,Thomas le Fundeeur,#SMPA-EG_censier_p243_c104,SMPA-EG_censier_0104
person,Jehan de Peirone,#SMPA-EG_censier_p243_c104,SMPA-EG_censier_0104
person,Ernoul Pellerin,#SMPA-EG_censier_p243_c104,SMPA-EG_censier_0104
person,Guilleume le Potier,#SMPA-EG_censier_p243_c104,SMPA-EG_censier_0104
place,Biaubourc,#SMPA-EG_censier_p243_c105,SMPA-EG_censier_0105
person,Robert de Corbuelh,#SMPA-EG_censier_p243_c105,SMPA-EG_censier_0105
person,Phelippe de Limoges,#SMPA-EG_censier_p243_c105,SMPA-EG_censier_0105
person,Guillaume Quoquiere,#SMPA-EG_censier_p243_c105,SMPA-EG_censier_0105
person,Jehan,#SMPA-EG_censier_p243_c105,SMPA-EG_censier_0105
person,Richart le Charpentier,#SMPA-EG_censier_p244_c106,SMPA-EG_censier_0106
person,Marie la Pariere,#SMPA-EG_censier_p244_c106,SMPA-EG_censier_0106
person,Gile,#SMPA-EG_censier_p244_c106,SMPA-EG_censier_0106
person,Richart Gresillon,#SMPA-EG_censier_p244_c106,SMPA-EG_censier_0106
person,Guillaume Langlois,#SMPA-EG_censier_p244_c106,SMPA-EG_censier_0106
person,Thomas le Frapier,#SMPA-EG_censier_p244_c106,SMPA-EG_censier_0106
person,Guillaume Langlois,#SMPA-EG_censier_p244_c106,SMPA-EG_censier_0106
place,Symon Franc,#SMPA-EG_censier_p244_c107,SMPA-EG_censier_0107
person,Pierre de Pontoise,#SMPA-EG_censier_p244_c107,SMPA-EG_censier_0107
person,Pierre le Borcier,#SMPA-EG_censier_p244_c107,SMPA-EG_censier_0107
person,Estiene le Gros,#SMPA-EG_censier_p244_c107,SMPA-EG_censier_0107
person,Jaque le Breton,#SMPA-EG_censier_p244_c107,SMPA-EG_censier_0107
person,Jehan,#SMPA-EG_censier_p244_c107,SMPA-EG_censier_0107
person,Guillaume Langlois,#SMPA-EG_censier_p244_c107,SMPA-EG_censier_0107
person,Simon de Damertin,#SMPA-EG_censier_p244_c107,SMPA-EG_censier_0107
place,Seint Denis,#SMPA-EG_censier_p244_c107,SMPA-EG_censier_0107
person,Guy Loubert,#SMPA-EG_censier_p244_c107,SMPA-EG_censier_0107
person,Estiene de Nuef Chastieu,#SMPA-EG_censier_p244_c107,SMPA-EG_censier_0107
person,Jehan,#SMPA-EG_censier_p244_c107,SMPA-EG_censier_0107
person,Emeline,#SMPA-EG_censier_p244_c107,SMPA-EG_censier_0107
person,Erembourc de Saint-Lo,#SMPA-EG_censier_p244_c107,SMPA-EG_censier_0107
person,Gile,#SMPA-EG_censier_p244_c107,SMPA-EG_censier_0107
person,Jehan le Velut,#SMPA-EG_censier_p244_c107,SMPA-EG_censier_0107
person,Jehan Belin,#SMPA-EG_censier_p244_c107,SMPA-EG_censier_0107
place,Guilleume Espaulart,#SMPA-EG_censier_p245_c108,SMPA-EG_censier_0108
place,Pierre Aulart,#SMPA-EG_censier_p245_c108,SMPA-EG_censier_0108
person,Ancel de Morgneval,#SMPA-EG_censier_p245_c108,SMPA-EG_censier_0108
person,Gui,#SMPA-EG_censier_p245_c108,SMPA-EG_censier_0108
place,Lambert de Chielle,#SMPA-EG_censier_p245_c109,SMPA-EG_censier_0109
person,Pierre Gencien,#SMPA-EG_censier_p245_c109,SMPA-EG_censier_0109
person,Geufroi de Saveni,#SMPA-EG_censier_p245_c109,SMPA-EG_censier_0109
person,Jehan de Chielle,#SMPA-EG_censier_p245_c109,SMPA-EG_censier_0109
person,Geufroi de Saveni,#SMPA-EG_censier_p245_c109,SMPA-EG_censier_0109
person,Pierre Leber,#SMPA-EG_censier_p245_c110,SMPA-EG_censier_0110
place,Seint Merri,#SMPA-EG_censier_p245_c111,SMPA-EG_censier_0111
place,Seinte Katherine,#SMPA-EG_censier_p245_c111,SMPA-EG_censier_0111
place,Seint Jaque,#SMPA-EG_censier_p245_c112,SMPA-EG_censier_0112
person,Robert des Villes,#SMPA-EG_censier_p245_c112,SMPA-EG_censier_0112
person,Margarite,#SMPA-EG_censier_p245_c112,SMPA-EG_censier_0112
person,Jehan le Tays,#SMPA-EG_censier_p245_c112,SMPA-EG_censier_0112
person,Marie,#SMPA-EG_censier_p245_c112,SMPA-EG_censier_0112
place,Seint Jaques,#SMPA-EG_censier_p245_c112,SMPA-EG_censier_0112
person,Jaque,#SMPA-EG_censier_p245_c112,SMPA-EG_censier_0112
person,Pierre Tibert,#SMPA-EG_censier_p245_c113,SMPA-EG_censier_0113
person,Marie,#SMPA-EG_censier_p245_c113,SMPA-EG_censier_0113
person,Jehan Rouciau,#SMPA-EG_censier_p245_c113,SMPA-EG_censier_0113
place,Seint Denis,#SMPA-EG_censier_p246_c114,SMPA-EG_censier_0114
person,Alain le Chaucier,#SMPA-EG_censier_p246_c114,SMPA-EG_censier_0114
person,Jehan Qussac,#SMPA-EG_censier_p246_c114,SMPA-EG_censier_0114
person,Guillaume,#SMPA-EG_censier_p246_c114,SMPA-EG_censier_0114
place,Seint Merri,#SMPA-EG_censier_p246_c115,SMPA-EG_censier_0115
place,Seint Merri,#SMPA-EG_censier_p246_c115,SMPA-EG_censier_0115
place,Seint Martin,#SMPA-EG_censier_p246_c115,SMPA-EG_censier_0115
person,Guilleume,#SMPA-EG_censier_p246_c115,SMPA-EG_censier_0115
place,Seint Merri,#SMPA-EG_censier_p246_c115,SMPA-EG_censier_0115
place,Seint Martin,#SMPA-EG_censier_p246_c115,SMPA-EG_censier_0115
person,Henri de Laon,#SMPA-EG_censier_p246_c115,SMPA-EG_censier_0115
person,Jehan de Champiaus,#SMPA-EG_censier_p246_c115,SMPA-EG_censier_0115
place,Seinte Katherine,#SMPA-EG_censier_p246_c115,SMPA-EG_censier_0115
person,Guilleume Gales,#SMPA-EG_censier_p246_c115,SMPA-EG_censier_0115
person,Henri du Pressoeur,#SMPA-EG_censier_p246_c115,SMPA-EG_censier_0115
person,Guillaume de Dreueus,#SMPA-EG_censier_p246_c115,SMPA-EG_censier_0115
place,Seint Germain,#SMPA-EG_censier_p246_c116,SMPA-EG_censier_0116
place,Seint Germain,#SMPA-EG_censier_p246_c116,SMPA-EG_censier_0116
place,Chastellet,#SMPA-EG_censier_p246_c117,SMPA-EG_censier_0117
place,Chastellet,#SMPA-EG_censier_p246_c117,SMPA-EG_censier_0117
place,Seint Merry de Paris,#SMPA-EG_censier_p247_c118,SMPA-EG_censier_0118
person,Pierre de Laigny,#SMPA-EG_censier_p247_c118,SMPA-EG_censier_0118
place,Seint Jehan,#SMPA-EG_censier_p247_c118,SMPA-EG_censier_0118
place,Seint Remy,#SMPA-EG_censier_p247_c118,SMPA-EG_censier_0118
person,Pierre de Pontoise,#SMPA-EG_censier_p247_c118,SMPA-EG_censier_0118
place,Symon le Franc,#SMPA-EG_censier_p247_c118,SMPA-EG_censier_0118
person,Jehan le Pasticier,#SMPA-EG_censier_p247_c118,SMPA-EG_censier_0118
person,Pierre Langlois,#SMPA-EG_censier_p247_c118,SMPA-EG_censier_0118
place,Chastellet,#SMPA-EG_censier_p247_c118,SMPA-EG_censier_0118
person,Pierre,#SMPA-EG_censier_p247_c118,SMPA-EG_censier_0118
place,Seint Jehan,#SMPA-EG_censier_p248_c119,SMPA-EG_censier_0119
place,Encloistre,#SMPA-EG_censier_p248_c119,SMPA-EG_censier_0119
person,Nicholaus de Rosai,#SMPA-EG_censier_p248_c119,SMPA-EG_censier_0119
person,Girart de Cul,#SMPA-EG_censier_p248_c119,SMPA-EG_censier_0119
person,Jaque de Columbiers,#SMPA-EG_censier_p248_c119,SMPA-EG_censier_0119
person,Jehan de Monttegni,#SMPA-EG_censier_p248_c119,SMPA-EG_censier_0119
person,Thomas le Frapier,#SMPA-EG_censier_p248_c119,SMPA-EG_censier_0119
place,Seint Germain,#SMPA-EG_censier_p248_c119,SMPA-EG_censier_0119
person,Estiene du Cloistre,#SMPA-EG_censier_p248_c119,SMPA-EG_censier_0119
