category,kind,name,target,source,matches
new,place,Seint Merri de Paris,#SMPA-EG_censier_p171_c2,SMPA-EG_censier_0002,
new,place,Encloistre,#SMPA-EG_censier_p171_c2,SMPA-EG_censier_0002,
new,place,Seint Merri,#SMPA-EG_censier_p171_c2,SMPA-EG_censier_0002,
new,person,Nicholaus de Rosai,#SMPA-EG_censier_p171_c2,SMPA-EG_censier_0002,
exact_multi,person,Ameline,#SMPA-EG_censier_p171_c2,SMPA-EG_censier_0002,SMPA-AB-01_rs_0079 :: Ameline | HDPAR-HD_rs_0297 :: Ameline
new,place,S. Estiene,#SMPA-EG_censier_p171_c2,SMPA-EG_censier_0002,
new,person,Nicholas,#SMPA-EG_censier_p171_c2,SMPA-EG_censier_0002,
new,person,Jehan Marceu,#SMPA-EG_censier_p171_c2,SMPA-EG_censier_0002,
new,person,Girart de Cul,#SMPA-EG_censier_p171_c2,SMPA-EG_censier_0002,
new,person,Jaque de Columbiers,#SMPA-EG_censier_p171_c2,SMPA-EG_censier_0002,
new,person,Jehan Marceu,#SMPA-EG_censier_p171_c2,SMPA-EG_censier_0002,
new,person,Guilleume le Mereschalc,#SMPA-EG_censier_p171_c2,SMPA-EG_censier_0002,
new,person,Basile,#SMPA-EG_censier_p172_c2_12,SMPA-EG_censier_0002,
new,person,Basile,#SMPA-EG_censier_p172_c2_12,SMPA-EG_censier_0002,
new,person,Alain de Pontayse,#SMPA-EG_censier_p172_c2_12,SMPA-EG_censier_0002,
new,place,Encloistre,#SMPA-EG_censier_p172_c2_12,SMPA-EG_censier_0002,
new,person,Jaque le Bouchier,#SMPA-EG_censier_p172_c2_12,SMPA-EG_censier_0002,
new,person,Geufroy Lefevre,#SMPA-EG_censier_p172_c2_12,SMPA-EG_censier_0002,
new,person,Eude le Queuc,#SMPA-EG_censier_p173_c2_26,SMPA-EG_censier_0002,
new,person,Estienne de Cuci,#SMPA-EG_censier_p173_c2_26,SMPA-EG_censier_0002,
new,person,Richart le Garçon,#SMPA-EG_censier_p173_c2_26,SMPA-EG_censier_0002,
exact_multi,person,Robert,#SMPA-EG_censier_p173_c2_26,SMPA-EG_censier_0002,SCHA-PR_rs_465 :: Robert | SMPA-AB-02_rs_2703 :: Robert
new,person,Tiebout,#SMPA-EG_censier_p173_c2_26,SMPA-EG_censier_0002,
new,person,Jehan le Gros,#SMPA-EG_censier_p173_c2_26,SMPA-EG_censier_0002,
new,person,Andriu Quenel,#SMPA-EG_censier_p173_c2_26,SMPA-EG_censier_0002,
new,place,S. Merri,#SMPA-EG_censier_p173_c2_26,SMPA-EG_censier_0002,
new,place,Seint Martin,#SMPA-EG_censier_p173_c3,SMPA-EG_censier_0003,
new,place,Seint Merri,#SMPA-EG_censier_p173_c3,SMPA-EG_censier_0003,
exact_multi,person,Jehan,#SMPA-EG_censier_p173_c3,SMPA-EG_censier_0003,HDPAR-HD_rs_3297 :: Jehan | SMPA-AB-03_rs_1969 :: Jehan…
new,person,Rogier du Fruit le Roy,#SMPA-EG_censier_p173_c3,SMPA-EG_censier_0003,
new,person,Margarite,#SMPA-EG_censier_p173_c3,SMPA-EG_censier_0003,
exact_multi,person,Thomas,#SMPA-EG_censier_p173_c4,SMPA-EG_censier_0004,SMPA-AB-01_rs_2439 :: Thomas | HDPAR-HD_rs_6732 :: Thomas | HDPAR-HD_rs_6770 :: Thomas | STEP-AB_rs_0551 :: Thomas
new,place,S. Estiene,#SMPA-EG_censier_p173_c4,SMPA-EG_censier_0004,
new,person,Robert de Paris,#SMPA-EG_censier_p174_c4_3,SMPA-EG_censier_0004,
new,person,Margarite,#SMPA-EG_censier_p174_c4_3,SMPA-EG_censier_0004,
new,person,Jehan Bolengier,#SMPA-EG_censier_p174_c4_3,SMPA-EG_censier_0004,
new,person,Jaqueline le Barentine,#SMPA-EG_censier_p174_c4_3,SMPA-EG_censier_0004,
new,person,Jehan de Seint Quentin,#SMPA-EG_censier_p174_c4_3,SMPA-EG_censier_0004,
new,person,Henri du Presseur,#SMPA-EG_censier_p174_c4_3,SMPA-EG_censier_0004,
new,place,Seint Merri,#SMPA-EG_censier_p174_c4_3,SMPA-EG_censier_0004,
new,person,Estiene de Conches,#SMPA-EG_censier_p174_c4_3,SMPA-EG_censier_0004,
new,person,Aden,#SMPA-EG_censier_p174_c4_3,SMPA-EG_censier_0004,
new,person,Ysabieu,#SMPA-EG_censier_p174_c4_3,SMPA-EG_censier_0004,
new,person,Jehan Lulier,#SMPA-EG_censier_p174_c4_3,SMPA-EG_censier_0004,
new,person,Ysabieu,#SMPA-EG_censier_p174_c4_3,SMPA-EG_censier_0004,
new,person,Daniel le Breto,#SMPA-EG_censier_p174_c5,SMPA-EG_censier_0005,
new,person,Jehan de Sezanne,#SMPA-EG_censier_p175_c5_5,SMPA-EG_censier_0005,
new,person,Ysabieu le Beguine,#SMPA-EG_censier_p175_c5_5,SMPA-EG_censier_0005,
new,person,Aden Deraime,#SMPA-EG_censier_p175_c5_5,SMPA-EG_censier_0005,
new,place,Gieffroi,#SMPA-EG_censier_p175_c6,SMPA-EG_censier_0006,
new,person,Yve des Pavellons,#SMPA-EG_censier_p175_c6,SMPA-EG_censier_0006,
new,person,Michiel le Blont,#SMPA-EG_censier_p175_c6,SMPA-EG_censier_0006,
new,person,Henri Lelement,#SMPA-EG_censier_p175_c6,SMPA-EG_censier_0006,
new,person,Jehan le Potier,#SMPA-EG_censier_p175_c6,SMPA-EG_censier_0006,
new,person,Thomas le Fundeur,#SMPA-EG_censier_p175_c6,SMPA-EG_censier_0006,
exact_multi,person,Thomas,#SMPA-EG_censier_p175_c6,SMPA-EG_censier_0006,SMPA-AB-01_rs_2439 :: Thomas | HDPAR-HD_rs_6732 :: Thomas | HDPAR-HD_rs_6770 :: Thomas | STEP-AB_rs_0551 :: Thomas
new,person,Jehan de Peirone,#SMPA-EG_censier_p175_c6,SMPA-EG_censier_0006,
new,person,Jehan le Mire,#SMPA-EG_censier_p175_c6,SMPA-EG_censier_0006,
new,place,Biaubourc,#SMPA-EG_censier_p176_c7,SMPA-EG_censier_0007,
new,place,Biaubourc,#SMPA-EG_censier_p176_c7,SMPA-EG_censier_0007,
new,person,Jehan le Mire,#SMPA-EG_censier_p176_c7,SMPA-EG_censier_0007,
new,place,Seint Merri,#SMPA-EG_censier_p176_c7,SMPA-EG_censier_0007,
new,person,Robert de Corbuelh,#SMPA-EG_censier_p176_c7,SMPA-EG_censier_0007,
new,person,Maci de Pierrefite,#SMPA-EG_censier_p176_c7,SMPA-EG_censier_0007,
exact_multi,person,Jehan,#SMPA-EG_censier_p176_c7,SMPA-EG_censier_0007,HDPAR-HD_rs_3297 :: Jehan | SMPA-AB-03_rs_1969 :: Jehan…
new,person,Perronelle le Boullipote,#SMPA-EG_censier_p176_c7,SMPA-EG_censier_0007,
new,place,Seint Merri,#SMPA-EG_censier_p176_c7,SMPA-EG_censier_0007,
new,person,Jehan de Rouan,#SMPA-EG_censier_p176_c7,SMPA-EG_censier_0007,
new,person,Jehane la Charbonnierre,#SMPA-EG_censier_p176_c7,SMPA-EG_censier_0007,
new,person,Jehan Bobelin,#SMPA-EG_censier_p177_c7_9,SMPA-EG_censier_0007,
new,person,Laurens,#SMPA-EG_censier_p177_c7_9,SMPA-EG_censier_0007,
new,person,Estiene des Prés,#SMPA-EG_censier_p177_c7_9,SMPA-EG_censier_0007,
exact_multi,person,Guillaume,#SMPA-EG_censier_p177_c7_9,SMPA-EG_censier_0007,SLES-PR_rs_0851 :: Guillaume | SMPA-AB-02_rs_1364 :: Guillaume | SMPA-AB-02_rs_1369 :: Guillaume | SMPA-AB-03_rs_1785 :: Guillaume | SMPA-AB-03_rs_1786 :: Guillaume | SMPA-EG_rs_0752 :: Guillaume
new,person,Guillaume Quinevint,#SMPA-EG_censier_p177_c7_9,SMPA-EG_censier_0007,
new,place,Seint Merri,#SMPA-EG_censier_p177_c7_9,SMPA-EG_censier_0007,
new,person,Jehan Bobelin,#SMPA-EG_censier_p177_c8,SMPA-EG_censier_0008,
exact_multi,person,Robert,#SMPA-EG_censier_p177_c8,SMPA-EG_censier_0008,SCHA-PR_rs_465 :: Robert | SMPA-AB-02_rs_2703 :: Robert
new,person,Richart le Charpentier,#SMPA-EG_censier_p177_c8,SMPA-EG_censier_0008,
exact_multi,person,Guillaume,#SMPA-EG_censier_p177_c8,SMPA-EG_censier_0008,SLES-PR_rs_0851 :: Guillaume | SMPA-AB-02_rs_1364 :: Guillaume | SMPA-AB-02_rs_1369 :: Guillaume | SMPA-AB-03_rs_1785 :: Guillaume | SMPA-AB-03_rs_1786 :: Guillaume | SMPA-EG_rs_0752 :: Guillaume
new,person,Bertaut,#SMPA-EG_censier_p177_c8,SMPA-EG_censier_0008,
new,place,Baudoel,#SMPA-EG_censier_p177_c8,SMPA-EG_censier_0008,
new,person,Guillot le Charbonier,#SMPA-EG_censier_p177_c8,SMPA-EG_censier_0008,
exact_multi,person,Symon,#SMPA-EG_censier_p177_c8,SMPA-EG_censier_0008,SMPA-AB-01_rs_2398 :: Symon | HDPAR-HD_rs_6556 :: Symon | HDPAR-HD_rs_6612 :: Symon | SAPC-AB_rs_1147 :: Symon
new,place,Seint Martin,#SMPA-EG_censier_p177_c8,SMPA-EG_censier_0008,
new,person,Nicholaus de Veires,#SMPA-EG_censier_p177_c8,SMPA-EG_censier_0008,
new,place,Seint Merri,#SMPA-EG_censier_p178_c8_9,SMPA-EG_censier_0008,
new,person,Jehan de Gaire,#SMPA-EG_censier_p178_c8_9,SMPA-EG_censier_0008,
new,place,Symon Franc,#SMPA-EG_censier_p178_c9,SMPA-EG_censier_0009,
new,person,Pierre le Borcier des Ales,#SMPA-EG_censier_p178_c9,SMPA-EG_censier_0009,
new,person,Jehan de Seint Tybaut,#SMPA-EG_censier_p178_c9,SMPA-EG_censier_0009,
new,person,Evrart le Charpentier,#SMPA-EG_censier_p178_c9,SMPA-EG_censier_0009,
new,person,Estiene le Gros,#SMPA-EG_censier_p178_c9,SMPA-EG_censier_0009,
new,person,Estiene le Gros,#SMPA-EG_censier_p178_c9,SMPA-EG_censier_0009,
new,person,Estiene le Gros,#SMPA-EG_censier_p178_c9,SMPA-EG_censier_0009,
new,person,Michiel,#SMPA-EG_censier_p178_c9,SMPA-EG_censier_0009,
new,person,Jaque le Breto,#SMPA-EG_censier_p178_c9,SMPA-EG_censier_0009,
exact_multi,person,Jehan,#SMPA-EG_censier_p178_c9,SMPA-EG_censier_0009,HDPAR-HD_rs_3297 :: Jehan | SMPA-AB-03_rs_1969 :: Jehan…
new,person,Estiene de Conches,#SMPA-EG_censier_p178_c9,SMPA-EG_censier_0009,
new,person,Simon de Denmertin,#SMPA-EG_censier_p179_c9_8,SMPA-EG_censier_0009,
new,place,Chastellet,#SMPA-EG_censier_p179_c9_8,SMPA-EG_censier_0009,
new,place,Seint Denis,#SMPA-EG_censier_p179_c9_8,SMPA-EG_censier_0009,
new,place,Chastellet,#SMPA-EG_censier_p179_c9_8,SMPA-EG_censier_0009,
new,person,Estiene de Nuefchastieu,#SMPA-EG_censier_p179_c9_8,SMPA-EG_censier_0009,
new,person,Jehan de Neufcastel,#SMPA-EG_censier_p179_c9_8,SMPA-EG_censier_0009,
new,person,Estiene de Conches,#SMPA-EG_censier_p179_c9_8,SMPA-EG_censier_0009,
new,place,S. Merri,#SMPA-EG_censier_p179_c9_8,SMPA-EG_censier_0009,
new,person,Jehan le Velut,#SMPA-EG_censier_p179_c9_8,SMPA-EG_censier_0009,
new,person,Jehan Belin,#SMPA-EG_censier_p179_c9_8,SMPA-EG_censier_0009,
new,person,Andri,#SMPA-EG_censier_p179_c9_8,SMPA-EG_censier_0009,
new,person,Jehan le Gros,#SMPA-EG_censier_p179_c9_8,SMPA-EG_censier_0009,
new,place,Pierre Aulart,#SMPA-EG_censier_p179_c10,SMPA-EG_censier_0010,
new,place,Seint Jaque,#SMPA-EG_censier_p179_c10,SMPA-EG_censier_0010,
new,place,Seint Denis,#SMPA-EG_censier_p179_c10,SMPA-EG_censier_0010,
new,place,Lambert de Chielle,#SMPA-EG_censier_p179_c11,SMPA-EG_censier_0011,
new,person,Geufroi de Savenis,#SMPA-EG_censier_p179_c11,SMPA-EG_censier_0011,
new,person,Jehan de Chielle,#SMPA-EG_censier_p180_c11_4,SMPA-EG_censier_0011,
new,person,Geufroi de Savenis,#SMPA-EG_censier_p180_c11_4,SMPA-EG_censier_0011,
new,person,Gieffre Coquatrex,#SMPA-EG_censier_p180_c11_4,SMPA-EG_censier_0011,
new,place,Seint Anthoine,#SMPA-EG_censier_p180_c12,SMPA-EG_censier_0012,
new,place,Seint Remi,#SMPA-EG_censier_p180_c12,SMPA-EG_censier_0012,
new,place,Seint Merri,#SMPA-EG_censier_p180_c12,SMPA-EG_censier_0012,
exact_multi,person,Gautier,#SMPA-EG_censier_p180_c12,SMPA-EG_censier_0012,SMPO-AB_rs_0571 :: Gautier | SLES-PR_rs_0772 :: Gautier
new,person,Richart de Forest,#SMPA-EG_censier_p180_c12,SMPA-EG_censier_0012,
new,person,Marie le Conversse,#SMPA-EG_censier_p180_c12,SMPA-EG_censier_0012,
new,place,Seint Merri,#SMPA-EG_censier_p180_c13,SMPA-EG_censier_0013,
exact_multi,person,Robert,#SMPA-EG_censier_p180_c13,SMPA-EG_censier_0013,SCHA-PR_rs_465 :: Robert | SMPA-AB-02_rs_2703 :: Robert
new,person,Bertaut,#SMPA-EG_censier_p180_c13,SMPA-EG_censier_0013,
new,person,Girart le Tyais,#SMPA-EG_censier_p180_c13,SMPA-EG_censier_0013,
new,person,Pierre de Tornai,#SMPA-EG_censier_p180_c13,SMPA-EG_censier_0013,
new,person,Perronelle,#SMPA-EG_censier_p180_c13,SMPA-EG_censier_0013,
exact_multi,person,Marguerite,#SMPA-EG_censier_p180_c13,SMPA-EG_censier_0013,SAPC-AB_rs_0721 :: Marguerite | SLES-PR_rs_1102 :: Marguerite
new,person,Jehan le Tays,#SMPA-EG_censier_p181_c13_7,SMPA-EG_censier_0013,
new,person,Marie,#SMPA-EG_censier_p181_c13_7,SMPA-EG_censier_0013,
exact_multi,person,Robert,#SMPA-EG_censier_p181_c13_7,SMPA-EG_censier_0013,SCHA-PR_rs_465 :: Robert | SMPA-AB-02_rs_2703 :: Robert
new,person,Marie,#SMPA-EG_censier_p181_c14,SMPA-EG_censier_0014,
exact_multi,person,Jehan,#SMPA-EG_censier_p181_c14,SMPA-EG_censier_0014,HDPAR-HD_rs_3297 :: Jehan | SMPA-AB-03_rs_1969 :: Jehan…
new,place,Encloistre,#SMPA-EG_censier_p181_c14,SMPA-EG_censier_0014,
new,person,Jehan Rouciau,#SMPA-EG_censier_p181_c14,SMPA-EG_censier_0014,
new,person,Jehan le Lueu,#SMPA-EG_censier_p181_c14,SMPA-EG_censier_0014,
new,place,Seint Denis,#SMPA-EG_censier_p181_c15,SMPA-EG_censier_0015,
new,person,Jehan Cussac le Provencel,#SMPA-EG_censier_p181_c15,SMPA-EG_censier_0015,
exact_multi,person,Jehan,#SMPA-EG_censier_p181_c15,SMPA-EG_censier_0015,HDPAR-HD_rs_3297 :: Jehan | SMPA-AB-03_rs_1969 :: Jehan…
new,place,Seint Merri,#SMPA-EG_censier_p181_c16,SMPA-EG_censier_0016,
exact_multi,person,Guillaume,#SMPA-EG_censier_p181_c16,SMPA-EG_censier_0016,SLES-PR_rs_0851 :: Guillaume | SMPA-AB-02_rs_1364 :: Guillaume | SMPA-AB-02_rs_1369 :: Guillaume | SMPA-AB-03_rs_1785 :: Guillaume | SMPA-AB-03_rs_1786 :: Guillaume | SMPA-EG_rs_0752 :: Guillaume
new,person,Jehan de Champiaus,#SMPA-EG_censier_p182_c16_6,SMPA-EG_censier_0016,
new,place,Seint Martin,#SMPA-EG_censier_p182_c16_6,SMPA-EG_censier_0016,
new,person,Guilleume Gales,#SMPA-EG_censier_p182_c16_6,SMPA-EG_censier_0016,
new,person,Guilleume de Meuns,#SMPA-EG_censier_p182_c16_6,SMPA-EG_censier_0016,
new,person,Henri du Pressoeur,#SMPA-EG_censier_p182_c16_6,SMPA-EG_censier_0016,
new,place,Seint Germain,#SMPA-EG_censier_p182_c17,SMPA-EG_censier_0017,
new,place,Seint Germain,#SMPA-EG_censier_p182_c17,SMPA-EG_censier_0017,
new,place,Seint Merri,#SMPA-EG_censier_p182_c17,SMPA-EG_censier_0017,
new,place,Seint Merri,#SMPA-EG_censier_p182_c17,SMPA-EG_censier_0017,
new,place,Seint Germain,#SMPA-EG_censier_p182_c17,SMPA-EG_censier_0017,
new,place,Chastellet,#SMPA-EG_censier_p182_c17,SMPA-EG_censier_0017,
new,place,Seint Jehan,#SMPA-EG_censier_p182_c17,SMPA-EG_censier_0017,
new,place,Symon Franc,#SMPA-EG_censier_p183_c17_5,SMPA-EG_censier_0017,
new,person,Evrart le Charpentier,#SMPA-EG_censier_p183_c17_5,SMPA-EG_censier_0017,
new,place,S. Germain,#SMPA-EG_censier_p183_c17_5,SMPA-EG_censier_0017,
new,place,Seint Remi,#SMPA-EG_censier_p183_c19,SMPA-EG_censier_0019,
new,place,Encloistre,#SMPA-EG_censier_p183_c19,SMPA-EG_censier_0019,
new,person,Nicholas de Rosai,#SMPA-EG_censier_p183_c19,SMPA-EG_censier_0019,
new,person,Jaque de Columbiers,#SMPA-EG_censier_p183_c19,SMPA-EG_censier_0019,
new,person,Basile,#SMPA-EG_censier_p183_c19,SMPA-EG_censier_0019,
new,person,Alain de Pontayse,#SMPA-EG_censier_p183_c19,SMPA-EG_censier_0019,
new,person,Jehan de Dueul,#SMPA-EG_censier_p183_c19,SMPA-EG_censier_0019,
new,person,Guilleume Langlois,#SMPA-EG_censier_p183_c19,SMPA-EG_censier_0019,
new,person,Geufroi le Madelinier,#SMPA-EG_censier_p183_c19,SMPA-EG_censier_0019,
new,person,Heude le Queuc,#SMPA-EG_censier_p183_c19,SMPA-EG_censier_0019,
new,person,Estiene de Suci,#SMPA-EG_censier_p183_c19,SMPA-EG_censier_0019,
new,person,Andriu Quenel,#SMPA-EG_censier_p184_c19_15,SMPA-EG_censier_0019,
new,person,Pierre Warroquier,#SMPA-EG_censier_p184_c19_15,SMPA-EG_censier_0019,
new,place,Seint Martin,#SMPA-EG_censier_p184_c20,SMPA-EG_censier_0020,
new,place,Seint Merri,#SMPA-EG_censier_p184_c20,SMPA-EG_censier_0020,
exact_multi,person,Jehan,#SMPA-EG_censier_p184_c20,SMPA-EG_censier_0020,HDPAR-HD_rs_3297 :: Jehan | SMPA-AB-03_rs_1969 :: Jehan…
exact_multi,person,Thomas,#SMPA-EG_censier_p184_c21,SMPA-EG_censier_0021,SMPA-AB-01_rs_2439 :: Thomas | HDPAR-HD_rs_6732 :: Thomas | HDPAR-HD_rs_6770 :: Thomas | STEP-AB_rs_0551 :: Thomas
new,person,Jehan Boulengier,#SMPA-EG_censier_p184_c21,SMPA-EG_censier_0021,
new,person,Ysabieu,#SMPA-EG_censier_p184_c21,SMPA-EG_censier_0021,
new,person,Estiene de Conches,#SMPA-EG_censier_p184_c21,SMPA-EG_censier_0021,
new,person,Aden le Derame,#SMPA-EG_censier_p184_c22,SMPA-EG_censier_0022,
new,person,Daniel le Breto,#SMPA-EG_censier_p184_c22,SMPA-EG_censier_0022,
new,person,Jehan de Sezanne,#SMPA-EG_censier_p184_c22,SMPA-EG_censier_0022,
new,place,Gieffre,#SMPA-EG_censier_p184_c23,SMPA-EG_censier_0023,
new,person,Yve des Pavellons,#SMPA-EG_censier_p184_c23,SMPA-EG_censier_0023,
new,person,Jehan de Peronne,#SMPA-EG_censier_p185_c23_7,SMPA-EG_censier_0023,
new,person,Nicholaus Hydellon,#SMPA-EG_censier_p185_c24,SMPA-EG_censier_0024,
new,person,Robert de Corbuelh,#SMPA-EG_censier_p185_c24,SMPA-EG_censier_0024,
new,place,Seint Merry,#SMPA-EG_censier_p185_c24,SMPA-EG_censier_0024,
new,person,Jehan de Ro,#SMPA-EG_censier_p185_c24,SMPA-EG_censier_0024,
new,person,Guillaume Quinevint,#SMPA-EG_censier_p185_c24,SMPA-EG_censier_0024,
new,person,Guillaume Lenglois,#SMPA-EG_censier_p185_c25,SMPA-EG_censier_0025,
new,person,Pierre de Pontoize,#SMPA-EG_censier_p185_c26,SMPA-EG_censier_0026,
new,person,Estiene le Gros,#SMPA-EG_censier_p185_c26,SMPA-EG_censier_0026,
new,person,Jaque le Breto,#SMPA-EG_censier_p185_c26,SMPA-EG_censier_0026,
exact_multi,person,Jehan,#SMPA-EG_censier_p185_c26,SMPA-EG_censier_0026,HDPAR-HD_rs_3297 :: Jehan | SMPA-AB-03_rs_1969 :: Jehan…
new,person,Guilleume Langlois,#SMPA-EG_censier_p185_c26,SMPA-EG_censier_0026,
new,person,Simon de Denmertin,#SMPA-EG_censier_p185_c26,SMPA-EG_censier_0026,
new,person,Estiene de Nuefchastieu,#SMPA-EG_censier_p185_c26,SMPA-EG_censier_0026,
new,place,Seint Denis,#SMPA-EG_censier_p186_c26_12,SMPA-EG_censier_0026,
new,person,Emeline la Fauconniere,#SMPA-EG_censier_p186_c26_12,SMPA-EG_censier_0026,
new,place,Pierre Aulart,#SMPA-EG_censier_p186_c27,SMPA-EG_censier_0027,
new,person,Gui Loubert,#SMPA-EG_censier_p186_c27,SMPA-EG_censier_0027,
new,place,Lambert de Chielle,#SMPA-EG_censier_p186_c28,SMPA-EG_censier_0028,
new,person,Jehan de Chielle,#SMPA-EG_censier_p186_c28,SMPA-EG_censier_0028,
new,person,Geufroi de Saveni,#SMPA-EG_censier_p186_c28,SMPA-EG_censier_0028,
new,place,Seinte Katherine,#SMPA-EG_censier_p186_c29,SMPA-EG_censier_0029,
new,person,Maci de Mont Evrain,#SMPA-EG_censier_p186_c29,SMPA-EG_censier_0029,
new,person,Jaquet Bourgois,#SMPA-EG_censier_p186_c29,SMPA-EG_censier_0029,
new,person,Jehan Poillevilein,#SMPA-EG_censier_p186_c29,SMPA-EG_censier_0029,
new,person,Marie,#SMPA-EG_censier_p186_c30,SMPA-EG_censier_0030,
new,person,Jehan Roucel,#SMPA-EG_censier_p186_c30,SMPA-EG_censier_0030,
new,place,Seint Denis,#SMPA-EG_censier_p186_c31,SMPA-EG_censier_0031,
new,person,Jehan le Cot,#SMPA-EG_censier_p186_c31,SMPA-EG_censier_0031,
new,person,Jehan de Champiaus,#SMPA-EG_censier_p187_c31_9,SMPA-EG_censier_0031,
new,person,Guilleume Gales,#SMPA-EG_censier_p187_c31_9,SMPA-EG_censier_0031,
new,person,Henri du Pressoeur,#SMPA-EG_censier_p187_c31_9,SMPA-EG_censier_0031,
new,place,Seint Germain,#SMPA-EG_censier_p187_c31_9,SMPA-EG_censier_0031,
new,place,Seint Remi,#SMPA-EG_censier_p187_c32,SMPA-EG_censier_0032,
new,place,Seint Merri,#SMPA-EG_censier_p187_c32,SMPA-EG_censier_0032,
new,place,Seint Remi,#SMPA-EG_censier_p187_c32,SMPA-EG_censier_0032,
new,person,Hue Toustée de Darenci,#SMPA-EG_censier_p187_c32,SMPA-EG_censier_0032,
new,person,Guilleume Moute de Darenci,#SMPA-EG_censier_p187_c32,SMPA-EG_censier_0032,
new,person,Estiene de Lecue,#SMPA-EG_censier_p187_c32,SMPA-EG_censier_0032,
new,person,Jehan Aulart de Darenci,#SMPA-EG_censier_p188_c32_7,SMPA-EG_censier_0032,
new,place,Seint Germain,#SMPA-EG_censier_p188_c32_7,SMPA-EG_censier_0032,
new,person,Thomas le Lonc,#SMPA-EG_censier_p188_c32_7,SMPA-EG_censier_0032,
new,person,Jehan Bouillie de Darenci,#SMPA-EG_censier_p188_c32_7,SMPA-EG_censier_0032,
new,person,Jehan Guoguet,#SMPA-EG_censier_p188_c32_7,SMPA-EG_censier_0032,
new,person,Petrus Heudin de Darenci,#SMPA-EG_censier_p188_c32_7,SMPA-EG_censier_0032,
new,person,Raoul Chenel de Darenci,#SMPA-EG_censier_p188_c32_7,SMPA-EG_censier_0032,
new,person,Adam Boulart de Darenci,#SMPA-EG_censier_p188_c32_7,SMPA-EG_censier_0032,
new,person,Nicholaus le Charpentier de Darenci,#SMPA-EG_censier_p188_c32_7,SMPA-EG_censier_0032,
new,person,Jehan le Moine,#SMPA-EG_censier_p188_c32_7,SMPA-EG_censier_0032,
new,person,Mace,#SMPA-EG_censier_p188_c32_7,SMPA-EG_censier_0032,
exact_multi,person,Jehan,#SMPA-EG_censier_p188_c32_7,SMPA-EG_censier_0032,HDPAR-HD_rs_3297 :: Jehan | SMPA-AB-03_rs_1969 :: Jehan…
new,person,Odart le Boucher du Borgeel,#SMPA-EG_censier_p188_c32_7,SMPA-EG_censier_0032,
new,person,Jehane de Amet de Bondis,#SMPA-EG_censier_p188_c32_7,SMPA-EG_censier_0032,
new,person,Jehanne Loliviere,#SMPA-EG_censier_p188_c32_7,SMPA-EG_censier_0032,
new,person,Pierre Aulart de Darenci,#SMPA-EG_censier_p188_c32_7,SMPA-EG_censier_0032,
new,person,Nicholaus le Charpentier,#SMPA-EG_censier_p188_c32_7,SMPA-EG_censier_0032,
new,person,Guilleume le Boulengier du Borgeel,#SMPA-EG_censier_p188_c32_7,SMPA-EG_censier_0032,
new,person,Heude le Bouchier du Borgeel,#SMPA-EG_censier_p189_c32_19,SMPA-EG_censier_0032,
new,person,Hervi le Coc du Borgeel,#SMPA-EG_censier_p189_c32_19,SMPA-EG_censier_0032,
exact_multi,person,Robert Bernier,#SMPA-EG_censier_p189_c32_19,SMPA-EG_censier_0032,"SMPA-EG_rs_1939 :: Robert Bernier | SLES-PR_rs_1370 :: Robert , Bernier"
new,person,Hervi le Coc du Borgeel,#SMPA-EG_censier_p189_c32_19,SMPA-EG_censier_0032,
new,person,Girart,#SMPA-EG_censier_p189_c32_19,SMPA-EG_censier_0032,
new,place,Seint Germain,#SMPA-EG_censier_p189_c32_19,SMPA-EG_censier_0032,
new,person,Jehan Guoguet de Baubegni,#SMPA-EG_censier_p189_c32_19,SMPA-EG_censier_0032,
new,person,Adam le Meire de Darenci,#SMPA-EG_censier_p189_c32_19,SMPA-EG_censier_0032,
exact_multi,person,Jehan,#SMPA-EG_censier_p189_c32_19,SMPA-EG_censier_0032,HDPAR-HD_rs_3297 :: Jehan | SMPA-AB-03_rs_1969 :: Jehan…
new,person,Girart,#SMPA-EG_censier_p189_c32_19,SMPA-EG_censier_0032,
new,person,Perronelle,#SMPA-EG_censier_p189_c32_19,SMPA-EG_censier_0032,
new,person,Jehan Guoguet,#SMPA-EG_censier_p189_c32_19,SMPA-EG_censier_0032,
new,person,Guillaume Guillot Trosziane de Darenci,#SMPA-EG_censier_p189_c32_19,SMPA-EG_censier_0032,
new,person,Jehan Mouton,#SMPA-EG_censier_p189_c32_19,SMPA-EG_censier_0032,
new,place,Seint Germain,#SMPA-EG_censier_p189_c32_19,SMPA-EG_censier_0032,
new,person,Jehan Toustée,#SMPA-EG_censier_p189_c32_19,SMPA-EG_censier_0032,
new,person,Nicholaus le Charpentier,#SMPA-EG_censier_p189_c32_19,SMPA-EG_censier_0032,
new,person,Jehane,#SMPA-EG_censier_p190_c32_28,SMPA-EG_censier_0032,
new,person,Thomas le Long du Borgeel,#SMPA-EG_censier_p190_c32_28,SMPA-EG_censier_0032,
new,place,Trinité,#SMPA-EG_censier_p190_c32_28,SMPA-EG_censier_0032,
new,person,Martin Briquet de Baubegni,#SMPA-EG_censier_p190_c32_28,SMPA-EG_censier_0032,
new,person,Pierre le Fievre,#SMPA-EG_censier_p190_c32_28,SMPA-EG_censier_0032,
new,person,Guillot le Coc du Borgeel,#SMPA-EG_censier_p190_c32_28,SMPA-EG_censier_0032,
new,person,Odart le Bouchier,#SMPA-EG_censier_p190_c32_28,SMPA-EG_censier_0032,
new,person,Maci Lorier,#SMPA-EG_censier_p190_c32_28,SMPA-EG_censier_0032,
new,person,Jehane,#SMPA-EG_censier_p190_c32_28,SMPA-EG_censier_0032,
new,person,Jehane Amet de Bondis,#SMPA-EG_censier_p190_c32_28,SMPA-EG_censier_0032,
exact_multi,person,Jehan,#SMPA-EG_censier_p190_c32_28,SMPA-EG_censier_0032,HDPAR-HD_rs_3297 :: Jehan | SMPA-AB-03_rs_1969 :: Jehan…
exact_multi,person,Agnes,#SMPA-EG_censier_p190_c32_28,SMPA-EG_censier_0032,SAPC-AB_rs_0045 :: Agnes | SAPC-AB_rs_0046 :: Agnes | SAPC-AB_rs_0048 :: Agnes | SAPC-AB_rs_0049 :: Agnes | SAPC-AB_rs_0050 :: Agnes | SAPC-AB_rs_0051 :: Agnes | SAPC-AB_rs_0052 :: Agnes | SAPC-AB_rs_0053 :: Agnes | SAPC-AB_rs_0054 :: Agnes | SAPC-AB_rs_0056 :: Agnes | SAPC-AB_rs_0058 :: Agnes | SAPC-AB_rs_0059 :: Agnes | SAPC-AB_rs_0060 :: Agnes | SAPC-AB_rs_0063 :: Agnes | SMPA-AB-02_rs_0025 :: † Agnes | SMPA-AB-03_rs_0013 :: Agnés
new,person,Jehan le Breto,#SMPA-EG_censier_p190_c32_28,SMPA-EG_censier_0032,
new,person,Estienne Loisellet de Paris,#SMPA-EG_censier_p191_c32_35,SMPA-EG_censier_0032,
new,person,Jehan de Aironville,#SMPA-EG_censier_p191_c32_35,SMPA-EG_censier_0032,
new,person,Guillaume le Boulengier,#SMPA-EG_censier_p191_c32_35,SMPA-EG_censier_0032,
new,place,Seint Denis,#SMPA-EG_censier_p191_c32_35,SMPA-EG_censier_0032,
new,person,Raoul le Chastellein de Livri,#SMPA-EG_censier_p191_c32_35,SMPA-EG_censier_0032,
new,person,Jehan le Charpentier,#SMPA-EG_censier_p191_c32_35,SMPA-EG_censier_0032,
exact_multi,person,Jehan,#SMPA-EG_censier_p191_c32_35,SMPA-EG_censier_0032,HDPAR-HD_rs_3297 :: Jehan | SMPA-AB-03_rs_1969 :: Jehan…
new,person,Maci Lorier,#SMPA-EG_censier_p191_c32_35,SMPA-EG_censier_0032,
new,person,Estienne Loisellet,#SMPA-EG_censier_p191_c32_35,SMPA-EG_censier_0032,
new,place,Seint Merri de Paris,#SMPA-EG_censier_p191_c34,SMPA-EG_censier_0034,
new,place,Seint Remi,#SMPA-EG_censier_p191_c34,SMPA-EG_censier_0034,
new,place,Seint Denis,#SMPA-EG_censier_p191_c34,SMPA-EG_censier_0034,
new,place,Encloistre,#SMPA-EG_censier_p191_c34,SMPA-EG_censier_0034,
exact_multi,person,Pierre,#SMPA-EG_censier_p191_c34,SMPA-EG_censier_0034,HDPAR-HD_rs_5538 :: Pierre | NDPR-AB_rs_0680 :: Pierre | SLES-PR_rs_1270 :: Pierre | SMPA-AB-03_rs_2858 :: Pierre | STEP-AB_rs_0251 :: Pierre
new,person,Estiene Malpas,#SMPA-EG_censier_p191_c34,SMPA-EG_censier_0034,
exact_multi,person,Pierre,#SMPA-EG_censier_p191_c34,SMPA-EG_censier_0034,HDPAR-HD_rs_5538 :: Pierre | NDPR-AB_rs_0680 :: Pierre | SLES-PR_rs_1270 :: Pierre | SMPA-AB-03_rs_2858 :: Pierre | STEP-AB_rs_0251 :: Pierre
exact_multi,person,Pierre,#SMPA-EG_censier_p191_c34,SMPA-EG_censier_0034,HDPAR-HD_rs_5538 :: Pierre | NDPR-AB_rs_0680 :: Pierre | SLES-PR_rs_1270 :: Pierre | SMPA-AB-03_rs_2858 :: Pierre | STEP-AB_rs_0251 :: Pierre
new,place,Seint Estiene,#SMPA-EG_censier_p192_c34_6,SMPA-EG_censier_0034,
new,person,Nicholaus de Rosai,#SMPA-EG_censier_p192_c34_6,SMPA-EG_censier_0034,
new,person,Ancel,#SMPA-EG_censier_p192_c34_6,SMPA-EG_censier_0034,
exact_multi,person,Pierre,#SMPA-EG_censier_p192_c34_6,SMPA-EG_censier_0034,HDPAR-HD_rs_5538 :: Pierre | NDPR-AB_rs_0680 :: Pierre | SLES-PR_rs_1270 :: Pierre | SMPA-AB-03_rs_2858 :: Pierre | STEP-AB_rs_0251 :: Pierre
new,person,Girart de Cul,#SMPA-EG_censier_p192_c34_6,SMPA-EG_censier_0034,
new,person,Nicholaus de Rosai,#SMPA-EG_censier_p192_c34_6,SMPA-EG_censier_0034,
exact_multi,person,Jehan,#SMPA-EG_censier_p192_c34_6,SMPA-EG_censier_0034,HDPAR-HD_rs_3297 :: Jehan | SMPA-AB-03_rs_1969 :: Jehan…
new,person,Jehan Marceu,#SMPA-EG_censier_p192_c34_6,SMPA-EG_censier_0034,
new,person,Jaque de Columbiers,#SMPA-EG_censier_p192_c34_6,SMPA-EG_censier_0034,
new,person,Jehan Marceu,#SMPA-EG_censier_p192_c34_6,SMPA-EG_censier_0034,
new,person,Jehan Marceu,#SMPA-EG_censier_p192_c34_6,SMPA-EG_censier_0034,
new,person,Guilleume le Mereschalc,#SMPA-EG_censier_p192_c34_6,SMPA-EG_censier_0034,
new,person,Guilleume le Mereschalc,#SMPA-EG_censier_p192_c34_6,SMPA-EG_censier_0034,
new,person,Heude Neuveu,#SMPA-EG_censier_p192_c34_6,SMPA-EG_censier_0034,
new,person,Guilleume,#SMPA-EG_censier_p192_c34_6,SMPA-EG_censier_0034,
new,person,Raoul de Seint Laurens,#SMPA-EG_censier_p192_c34_6,SMPA-EG_censier_0034,
new,person,Jehane,#SMPA-EG_censier_p192_c34_6,SMPA-EG_censier_0034,
new,person,Gile Maupas,#SMPA-EG_censier_p192_c34_6,SMPA-EG_censier_0034,
new,person,Jehan Maupas,#SMPA-EG_censier_p192_c34_6,SMPA-EG_censier_0034,
new,person,Basile,#SMPA-EG_censier_p193_c34_17,SMPA-EG_censier_0034,
new,place,Encloistre,#SMPA-EG_censier_p193_c34_17,SMPA-EG_censier_0034,
new,person,Jehan de Dueil,#SMPA-EG_censier_p193_c34_17,SMPA-EG_censier_0034,
new,place,Encloistre,#SMPA-EG_censier_p193_c34_17,SMPA-EG_censier_0034,
new,person,Pierre Verroquier,#SMPA-EG_censier_p193_c34_17,SMPA-EG_censier_0034,
new,person,Guilleume le Borgne,#SMPA-EG_censier_p193_c34_17,SMPA-EG_censier_0034,
exact_multi,person,Jehan,#SMPA-EG_censier_p193_c34_17,SMPA-EG_censier_0034,HDPAR-HD_rs_3297 :: Jehan | SMPA-AB-03_rs_1969 :: Jehan…
new,person,Guilleume de Loviers,#SMPA-EG_censier_p193_c34_17,SMPA-EG_censier_0034,
new,person,Jehan de Fossez,#SMPA-EG_censier_p193_c34_17,SMPA-EG_censier_0034,
new,person,Guilleume le Borgne,#SMPA-EG_censier_p193_c34_17,SMPA-EG_censier_0034,
new,person,Jehan des Vignes,#SMPA-EG_censier_p193_c34_17,SMPA-EG_censier_0034,
new,person,Pierre Verroquier,#SMPA-EG_censier_p193_c34_17,SMPA-EG_censier_0034,
new,person,Richart Anquetin,#SMPA-EG_censier_p193_c34_17,SMPA-EG_censier_0034,
new,person,Richart Anquetin,#SMPA-EG_censier_p193_c34_17,SMPA-EG_censier_0034,
new,person,Jehan Berenger,#SMPA-EG_censier_p193_c34_17,SMPA-EG_censier_0034,
new,person,Guilleume le Borgne,#SMPA-EG_censier_p193_c34_17,SMPA-EG_censier_0034,
new,person,Guilleume Lulier,#SMPA-EG_censier_p193_c34_17,SMPA-EG_censier_0034,
exact_multi,person,Marguerite,#SMPA-EG_censier_p193_c34_17,SMPA-EG_censier_0034,SAPC-AB_rs_0721 :: Marguerite | SLES-PR_rs_1102 :: Marguerite
new,person,Estiene Audri,#SMPA-EG_censier_p193_c34_17,SMPA-EG_censier_0034,
new,person,Jehan Haudry,#SMPA-EG_censier_p193_c34_17,SMPA-EG_censier_0034,
new,person,Ysabieu le Macié,#SMPA-EG_censier_p193_c34_17,SMPA-EG_censier_0034,
new,person,Guilleume Langlois,#SMPA-EG_censier_p193_c34_17,SMPA-EG_censier_0034,
new,person,Rogier,#SMPA-EG_censier_p194_c34_28,SMPA-EG_censier_0034,
new,person,Gui de Dampmartin,#SMPA-EG_censier_p194_c34_28,SMPA-EG_censier_0034,
new,person,Guilleume Langlois,#SMPA-EG_censier_p194_c34_28,SMPA-EG_censier_0034,
new,person,Michiel Langel,#SMPA-EG_censier_p194_c34_28,SMPA-EG_censier_0034,
new,person,Michiel Langel,#SMPA-EG_censier_p194_c34_28,SMPA-EG_censier_0034,
new,person,Girart de Cul,#SMPA-EG_censier_p194_c34_28,SMPA-EG_censier_0034,
new,person,Basile,#SMPA-EG_censier_p194_c34_28,SMPA-EG_censier_0034,
new,place,Encloistre,#SMPA-EG_censier_p194_c34_28,SMPA-EG_censier_0034,
new,person,Heude le Queuc,#SMPA-EG_censier_p194_c34_28,SMPA-EG_censier_0034,
new,person,Heude le Queuc,#SMPA-EG_censier_p194_c34_28,SMPA-EG_censier_0034,
new,person,Richart le Garsson,#SMPA-EG_censier_p194_c34_28,SMPA-EG_censier_0034,
exact_multi,person,Robert,#SMPA-EG_censier_p194_c34_28,SMPA-EG_censier_0034,SCHA-PR_rs_465 :: Robert | SMPA-AB-02_rs_2703 :: Robert
new,person,Jehan Coquagne,#SMPA-EG_censier_p194_c34_28,SMPA-EG_censier_0034,
new,person,Guilleume Langlois,#SMPA-EG_censier_p194_c34_28,SMPA-EG_censier_0034,
new,person,Jehan Arrode,#SMPA-EG_censier_p194_c34_28,SMPA-EG_censier_0034,
new,person,Guilleume Langlois,#SMPA-EG_censier_p194_c34_28,SMPA-EG_censier_0034,
new,person,Hue le Madelenier,#SMPA-EG_censier_p195_c34_37,SMPA-EG_censier_0034,
new,person,Guilleume Langlois,#SMPA-EG_censier_p195_c34_37,SMPA-EG_censier_0034,
new,place,S. Merri,#SMPA-EG_censier_p195_c34_37,SMPA-EG_censier_0034,
new,place,Seint Merri,#SMPA-EG_censier_p195_c35,SMPA-EG_censier_0035,
new,place,Seint Martin,#SMPA-EG_censier_p195_c35,SMPA-EG_censier_0035,
new,person,Estiene de Peirone,#SMPA-EG_censier_p195_c35,SMPA-EG_censier_0035,
new,person,Jehan le Chambellent,#SMPA-EG_censier_p195_c35,SMPA-EG_censier_0035,
new,person,Jehan Bruneu,#SMPA-EG_censier_p195_c35,SMPA-EG_censier_0035,
new,person,Jehan le Blont,#SMPA-EG_censier_p195_c35,SMPA-EG_censier_0035,
new,person,Jehan le Blont,#SMPA-EG_censier_p195_c35,SMPA-EG_censier_0035,
new,person,Estiene de Peirone,#SMPA-EG_censier_p195_c35,SMPA-EG_censier_0035,
new,person,Richart des Polies,#SMPA-EG_censier_p195_c35,SMPA-EG_censier_0035,
new,person,Andri,#SMPA-EG_censier_p195_c35,SMPA-EG_censier_0035,
exact_multi,person,Thomas,#SMPA-EG_censier_p195_c35,SMPA-EG_censier_0035,SMPA-AB-01_rs_2439 :: Thomas | HDPAR-HD_rs_6732 :: Thomas | HDPAR-HD_rs_6770 :: Thomas | STEP-AB_rs_0551 :: Thomas
new,person,Andri Foace,#SMPA-EG_censier_p195_c35,SMPA-EG_censier_0035,
new,person,Andri Foace,#SMPA-EG_censier_p195_c35,SMPA-EG_censier_0035,
new,person,Rogier le Talleeur,#SMPA-EG_censier_p195_c35,SMPA-EG_censier_0035,
new,person,Jehan de Biaumont,#SMPA-EG_censier_p195_c35,SMPA-EG_censier_0035,
new,person,Jehan Langlois de Capite,#SMPA-EG_censier_p195_c35,SMPA-EG_censier_0035,
new,person,Jehan du Chemin,#SMPA-EG_censier_p195_c35,SMPA-EG_censier_0035,
new,person,Margarite Desnes,#SMPA-EG_censier_p195_c35,SMPA-EG_censier_0035,
new,person,Jehan Langlois,#SMPA-EG_censier_p195_c35,SMPA-EG_censier_0035,
new,person,Margarite,#SMPA-EG_censier_p196_c35_7,SMPA-EG_censier_0035,
new,person,Guilleume de Loviers,#SMPA-EG_censier_p196_c35_7,SMPA-EG_censier_0035,
new,person,Jehan de Fossez,#SMPA-EG_censier_p196_c35_7,SMPA-EG_censier_0035,
new,person,Rogier du Fruit,#SMPA-EG_censier_p196_c35_7,SMPA-EG_censier_0035,
exact_multi,person,Jehan,#SMPA-EG_censier_p196_c35_7,SMPA-EG_censier_0035,HDPAR-HD_rs_3297 :: Jehan | SMPA-AB-03_rs_1969 :: Jehan…
new,person,Maci Pizdoe,#SMPA-EG_censier_p196_c35_7,SMPA-EG_censier_0035,
new,person,Jehan des Essarz,#SMPA-EG_censier_p196_c35_7,SMPA-EG_censier_0035,
new,person,Rogier,#SMPA-EG_censier_p196_c35_7,SMPA-EG_censier_0035,
new,person,Nicholaus de Pontayse,#SMPA-EG_censier_p196_c35_7,SMPA-EG_censier_0035,
new,person,Rogier le Talleeur,#SMPA-EG_censier_p196_c36,SMPA-EG_censier_0036,
new,person,Jehan Bignon,#SMPA-EG_censier_p196_c36,SMPA-EG_censier_0036,
new,person,Andri Foace,#SMPA-EG_censier_p196_c36,SMPA-EG_censier_0036,
new,person,Rogier Lulier,#SMPA-EG_censier_p196_c36,SMPA-EG_censier_0036,
new,person,Jehan Beneit,#SMPA-EG_censier_p196_c36,SMPA-EG_censier_0036,
new,place,Seint Merri,#SMPA-EG_censier_p196_c36,SMPA-EG_censier_0036,
new,person,Rogier Lulier,#SMPA-EG_censier_p196_c36,SMPA-EG_censier_0036,
new,person,Rogier le Talleeur,#SMPA-EG_censier_p196_c36,SMPA-EG_censier_0036,
new,person,Andri,#SMPA-EG_censier_p196_c36,SMPA-EG_censier_0036,
exact_multi,person,Thomas,#SMPA-EG_censier_p196_c36,SMPA-EG_censier_0036,SMPA-AB-01_rs_2439 :: Thomas | HDPAR-HD_rs_6732 :: Thomas | HDPAR-HD_rs_6770 :: Thomas | STEP-AB_rs_0551 :: Thomas
new,person,Andri Langlois,#SMPA-EG_censier_p196_c36,SMPA-EG_censier_0036,
new,person,Rogier Lulier,#SMPA-EG_censier_p196_c36,SMPA-EG_censier_0036,
new,place,Seint Martin,#SMPA-EG_censier_p196_c36,SMPA-EG_censier_0036,
exact_multi,person,Thomas,#SMPA-EG_censier_p196_c36,SMPA-EG_censier_0036,SMPA-AB-01_rs_2439 :: Thomas | HDPAR-HD_rs_6732 :: Thomas | HDPAR-HD_rs_6770 :: Thomas | STEP-AB_rs_0551 :: Thomas
exact_multi,person,Symon,#SMPA-EG_censier_p196_c36,SMPA-EG_censier_0036,SMPA-AB-01_rs_2398 :: Symon | HDPAR-HD_rs_6556 :: Symon | HDPAR-HD_rs_6612 :: Symon | SAPC-AB_rs_1147 :: Symon
new,person,Guilleume le Cordoanier,#SMPA-EG_censier_p197_c36_5,SMPA-EG_censier_0036,
exact_multi,person,Thomas,#SMPA-EG_censier_p197_c36_5,SMPA-EG_censier_0036,SMPA-AB-01_rs_2439 :: Thomas | HDPAR-HD_rs_6732 :: Thomas | HDPAR-HD_rs_6770 :: Thomas | STEP-AB_rs_0551 :: Thomas
exact_multi,person,Symon,#SMPA-EG_censier_p197_c36_5,SMPA-EG_censier_0036,SMPA-AB-01_rs_2398 :: Symon | HDPAR-HD_rs_6556 :: Symon | HDPAR-HD_rs_6612 :: Symon | SAPC-AB_rs_1147 :: Symon
new,person,Jehan le Normant,#SMPA-EG_censier_p197_c36_5,SMPA-EG_censier_0036,
exact_multi,person,Symon,#SMPA-EG_censier_p197_c36_5,SMPA-EG_censier_0036,SMPA-AB-01_rs_2398 :: Symon | HDPAR-HD_rs_6556 :: Symon | HDPAR-HD_rs_6612 :: Symon | SAPC-AB_rs_1147 :: Symon
new,person,Jaque le Prestre,#SMPA-EG_censier_p197_c36_5,SMPA-EG_censier_0036,
new,person,Jehan le Prestre,#SMPA-EG_censier_p197_c36_5,SMPA-EG_censier_0036,
new,person,Jehane,#SMPA-EG_censier_p197_c36_5,SMPA-EG_censier_0036,
new,person,Jehan le Blont,#SMPA-EG_censier_p197_c36_5,SMPA-EG_censier_0036,
new,person,Maci Bordo,#SMPA-EG_censier_p197_c36_5,SMPA-EG_censier_0036,
new,person,Marie le Blanchete,#SMPA-EG_censier_p197_c36_5,SMPA-EG_censier_0036,
new,person,Jehan le Prestre,#SMPA-EG_censier_p197_c36_5,SMPA-EG_censier_0036,
new,person,Andri Langlois,#SMPA-EG_censier_p197_c36_5,SMPA-EG_censier_0036,
new,place,Trinité,#SMPA-EG_censier_p197_c36_5,SMPA-EG_censier_0036,
new,place,Trinité,#SMPA-EG_censier_p197_c36_5,SMPA-EG_censier_0036,
new,place,Seint Denis,#SMPA-EG_censier_p197_c36_5,SMPA-EG_censier_0036,
new,person,Robert de Corbuell,#SMPA-EG_censier_p197_c36_5,SMPA-EG_censier_0036,
new,place,Biaubourc,#SMPA-EG_censier_p197_c36_5,SMPA-EG_censier_0036,
new,place,Seint Martin,#SMPA-EG_censier_p198_c36_14,SMPA-EG_censier_0036,
new,place,Seint Merri,#SMPA-EG_censier_p198_c36_14,SMPA-EG_censier_0036,
new,person,Jehan Maceu,#SMPA-EG_censier_p198_c36_14,SMPA-EG_censier_0036,
new,place,Seint Martin,#SMPA-EG_censier_p198_c36_14,SMPA-EG_censier_0036,
exact_multi,person,Jehan,#SMPA-EG_censier_p198_c36_14,SMPA-EG_censier_0036,HDPAR-HD_rs_3297 :: Jehan | SMPA-AB-03_rs_1969 :: Jehan…
new,person,Estiene de Conches,#SMPA-EG_censier_p198_c36_14,SMPA-EG_censier_0036,
new,person,Heude de Corbuell,#SMPA-EG_censier_p198_c36_14,SMPA-EG_censier_0036,
new,person,Estiene de Conches,#SMPA-EG_censier_p198_c36_14,SMPA-EG_censier_0036,
exact_multi,person,Robert,#SMPA-EG_censier_p198_c36_14,SMPA-EG_censier_0036,SCHA-PR_rs_465 :: Robert | SMPA-AB-02_rs_2703 :: Robert
new,person,Jehane la Regnaude,#SMPA-EG_censier_p198_c36_14,SMPA-EG_censier_0036,
new,person,Jehan Harrode,#SMPA-EG_censier_p198_c36_14,SMPA-EG_censier_0036,
new,person,Jehan des Essarz,#SMPA-EG_censier_p198_c36_14,SMPA-EG_censier_0036,
new,person,Michiel de Morgneval,#SMPA-EG_censier_p198_c36_14,SMPA-EG_censier_0036,
new,person,Jehane,#SMPA-EG_censier_p198_c36_14,SMPA-EG_censier_0036,
new,person,Estiene,#SMPA-EG_censier_p198_c36_14,SMPA-EG_censier_0036,
new,person,Nicholaus de Rosai,#SMPA-EG_censier_p198_c36_14,SMPA-EG_censier_0036,
new,person,Ancel,#SMPA-EG_censier_p198_c36_14,SMPA-EG_censier_0036,
new,person,Bertaut,#SMPA-EG_censier_p198_c36_14,SMPA-EG_censier_0036,
new,person,Ancel,#SMPA-EG_censier_p198_c36_14,SMPA-EG_censier_0036,
new,person,Nicholaus de Rosai,#SMPA-EG_censier_p198_c36_14,SMPA-EG_censier_0036,
new,person,Michiel,#SMPA-EG_censier_p198_c36_14,SMPA-EG_censier_0036,
new,person,Jehan Tibout,#SMPA-EG_censier_p198_c36_14,SMPA-EG_censier_0036,
new,person,Ysabieu le Renarde,#SMPA-EG_censier_p198_c36_14,SMPA-EG_censier_0036,
new,person,Guiart de Reins,#SMPA-EG_censier_p198_c36_14,SMPA-EG_censier_0036,
new,person,Guiart de Reins,#SMPA-EG_censier_p199_c36_26,SMPA-EG_censier_0036,
exact_multi,person,Petrus,#SMPA-EG_censier_p199_c36_26,SMPA-EG_censier_0036,SMPA-AB-01_rs_1810 :: Petrus | HDPAR-HD_rs_5256 :: Petrus | HDPAR-HD_rs_5431 :: Petrus | SAPC-AB_rs_0878 :: Petrus | SAPC-AB_rs_0879 :: Petrus | SAPC-AB_rs_0880 :: Petrus
new,place,Chastellet,#SMPA-EG_censier_p199_c36_26,SMPA-EG_censier_0036,
new,place,Robert de Paris,#SMPA-EG_censier_p199_c36_26,SMPA-EG_censier_0036,
exact_multi,person,Robert,#SMPA-EG_censier_p199_c36_26,SMPA-EG_censier_0036,SCHA-PR_rs_465 :: Robert | SMPA-AB-02_rs_2703 :: Robert
new,place,Chastellet,#SMPA-EG_censier_p199_c36_26,SMPA-EG_censier_0036,
new,person,Symon Barbete,#SMPA-EG_censier_p199_c36_26,SMPA-EG_censier_0036,
new,person,Andri Langlois,#SMPA-EG_censier_p199_c36_26,SMPA-EG_censier_0036,
new,person,Jehan le Breto,#SMPA-EG_censier_p199_c36_26,SMPA-EG_censier_0036,
new,person,Gandolfe,#SMPA-EG_censier_p199_c36_26,SMPA-EG_censier_0036,
new,person,Jehan le Breto,#SMPA-EG_censier_p199_c36_26,SMPA-EG_censier_0036,
new,person,Gandolfe,#SMPA-EG_censier_p199_c36_26,SMPA-EG_censier_0036,
new,person,Jehane,#SMPA-EG_censier_p199_c36_26,SMPA-EG_censier_0036,
new,place,Seint Merri,#SMPA-EG_censier_p199_c36_26,SMPA-EG_censier_0036,
new,person,Guilleume Gales,#SMPA-EG_censier_p200_c36_35,SMPA-EG_censier_0036,
new,place,Seinte Katherine,#SMPA-EG_censier_p200_c36_35,SMPA-EG_censier_0036,
new,person,Jehane,#SMPA-EG_censier_p200_c36_35,SMPA-EG_censier_0036,
new,person,Nicholaus de Meuns,#SMPA-EG_censier_p200_c36_35,SMPA-EG_censier_0036,
new,place,Seinte Katherine,#SMPA-EG_censier_p200_c36_35,SMPA-EG_censier_0036,
new,place,Seint Merri,#SMPA-EG_censier_p200_c36_35,SMPA-EG_censier_0036,
new,place,Seint Martin,#SMPA-EG_censier_p200_c37,SMPA-EG_censier_0037,
exact_multi,person,Jehan,#SMPA-EG_censier_p200_c37,SMPA-EG_censier_0037,HDPAR-HD_rs_3297 :: Jehan | SMPA-AB-03_rs_1969 :: Jehan…
new,person,Margarite,#SMPA-EG_censier_p200_c37,SMPA-EG_censier_0037,
exact_multi,person,Thomas,#SMPA-EG_censier_p200_c37,SMPA-EG_censier_0037,SMPA-AB-01_rs_2439 :: Thomas | HDPAR-HD_rs_6732 :: Thomas | HDPAR-HD_rs_6770 :: Thomas | STEP-AB_rs_0551 :: Thomas
new,person,Guilleume,#SMPA-EG_censier_p200_c37,SMPA-EG_censier_0037,
new,person,Guilleume,#SMPA-EG_censier_p200_c37,SMPA-EG_censier_0037,
new,person,Jehan de Villeneuve,#SMPA-EG_censier_p200_c37,SMPA-EG_censier_0037,
exact_multi,person,Jehan,#SMPA-EG_censier_p200_c37,SMPA-EG_censier_0037,HDPAR-HD_rs_3297 :: Jehan | SMPA-AB-03_rs_1969 :: Jehan…
new,person,Guilleume,#SMPA-EG_censier_p200_c37,SMPA-EG_censier_0037,
new,person,Margarite,#SMPA-EG_censier_p200_c37,SMPA-EG_censier_0037,
new,person,Guilleume,#SMPA-EG_censier_p200_c37,SMPA-EG_censier_0037,
new,person,Margarite,#SMPA-EG_censier_p200_c37,SMPA-EG_censier_0037,
new,person,Jaque le Flamenc de Grive,#SMPA-EG_censier_p200_c37,SMPA-EG_censier_0037,
new,person,Jehane la Renaude,#SMPA-EG_censier_p200_c37,SMPA-EG_censier_0037,
new,person,Estiene de Suxi,#SMPA-EG_censier_p201_c37_7,SMPA-EG_censier_0037,
new,person,Estiene de Suxi,#SMPA-EG_censier_p201_c37_7,SMPA-EG_censier_0037,
new,person,Guilleume Guillot,#SMPA-EG_censier_p201_c37_7,SMPA-EG_censier_0037,
new,person,Aden,#SMPA-EG_censier_p201_c37_7,SMPA-EG_censier_0037,
new,person,Jehan le Prestre,#SMPA-EG_censier_p201_c37_7,SMPA-EG_censier_0037,
new,person,Guilleume Guillot,#SMPA-EG_censier_p201_c37_7,SMPA-EG_censier_0037,
new,person,Estienne de Suxi,#SMPA-EG_censier_p201_c37_7,SMPA-EG_censier_0037,
exact_multi,person,Robert,#SMPA-EG_censier_p201_c37_7,SMPA-EG_censier_0037,SCHA-PR_rs_465 :: Robert | SMPA-AB-02_rs_2703 :: Robert
exact_multi,person,Robert,#SMPA-EG_censier_p201_c37_7,SMPA-EG_censier_0037,SCHA-PR_rs_465 :: Robert | SMPA-AB-02_rs_2703 :: Robert
new,person,Jehan Blondieu,#SMPA-EG_censier_p201_c37_7,SMPA-EG_censier_0037,
new,person,Symon le Mostardier,#SMPA-EG_censier_p201_c37_7,SMPA-EG_censier_0037,
new,person,Symon le Mostardier,#SMPA-EG_censier_p201_c37_7,SMPA-EG_censier_0037,
new,person,Jehan Rocin,#SMPA-EG_censier_p201_c37_7,SMPA-EG_censier_0037,
new,person,Jehan des Pavellons,#SMPA-EG_censier_p201_c37_7,SMPA-EG_censier_0037,
new,person,Guilleume le Breto,#SMPA-EG_censier_p201_c37_7,SMPA-EG_censier_0037,
new,person,Estiene Nenut,#SMPA-EG_censier_p201_c37_7,SMPA-EG_censier_0037,
exact_multi,person,Thomas,#SMPA-EG_censier_p201_c37_7,SMPA-EG_censier_0037,SMPA-AB-01_rs_2439 :: Thomas | HDPAR-HD_rs_6732 :: Thomas | HDPAR-HD_rs_6770 :: Thomas | STEP-AB_rs_0551 :: Thomas
exact_multi,person,Thomas,#SMPA-EG_censier_p201_c37_7,SMPA-EG_censier_0037,SMPA-AB-01_rs_2439 :: Thomas | HDPAR-HD_rs_6732 :: Thomas | HDPAR-HD_rs_6770 :: Thomas | STEP-AB_rs_0551 :: Thomas
new,person,Nicholaus Mallert,#SMPA-EG_censier_p201_c37_7,SMPA-EG_censier_0037,
exact_multi,person,Thomas,#SMPA-EG_censier_p201_c37_7,SMPA-EG_censier_0037,SMPA-AB-01_rs_2439 :: Thomas | HDPAR-HD_rs_6732 :: Thomas | HDPAR-HD_rs_6770 :: Thomas | STEP-AB_rs_0551 :: Thomas
new,person,Jehan Rocin,#SMPA-EG_censier_p201_c37_7,SMPA-EG_censier_0037,
exact_multi,person,Thomas,#SMPA-EG_censier_p201_c37_7,SMPA-EG_censier_0037,SMPA-AB-01_rs_2439 :: Thomas | HDPAR-HD_rs_6732 :: Thomas | HDPAR-HD_rs_6770 :: Thomas | STEP-AB_rs_0551 :: Thomas
new,person,Jehan de Compiegne,#SMPA-EG_censier_p201_c37_7,SMPA-EG_censier_0037,
exact_multi,person,Thomas,#SMPA-EG_censier_p202_c37_16,SMPA-EG_censier_0037,SMPA-AB-01_rs_2439 :: Thomas | HDPAR-HD_rs_6732 :: Thomas | HDPAR-HD_rs_6770 :: Thomas | STEP-AB_rs_0551 :: Thomas
new,person,Jehan de Compiegne,#SMPA-EG_censier_p202_c37_16,SMPA-EG_censier_0037,
exact_multi,person,Jehan,#SMPA-EG_censier_p202_c37_16,SMPA-EG_censier_0037,HDPAR-HD_rs_3297 :: Jehan | SMPA-AB-03_rs_1969 :: Jehan…
exact_multi,person,Jehan,#SMPA-EG_censier_p202_c37_16,SMPA-EG_censier_0037,HDPAR-HD_rs_3297 :: Jehan | SMPA-AB-03_rs_1969 :: Jehan…
exact_multi,person,Petrus,#SMPA-EG_censier_p202_c37_16,SMPA-EG_censier_0037,SMPA-AB-01_rs_1810 :: Petrus | HDPAR-HD_rs_5256 :: Petrus | HDPAR-HD_rs_5431 :: Petrus | SAPC-AB_rs_0878 :: Petrus | SAPC-AB_rs_0879 :: Petrus | SAPC-AB_rs_0880 :: Petrus
exact_multi,person,Thomas,#SMPA-EG_censier_p202_c37_16,SMPA-EG_censier_0037,SMPA-AB-01_rs_2439 :: Thomas | HDPAR-HD_rs_6732 :: Thomas | HDPAR-HD_rs_6770 :: Thomas | STEP-AB_rs_0551 :: Thomas
new,person,Guilleume Herveys de S,#SMPA-EG_censier_p202_c37_16,SMPA-EG_censier_0037,
exact_multi,person,Jehan,#SMPA-EG_censier_p202_c37_16,SMPA-EG_censier_0037,HDPAR-HD_rs_3297 :: Jehan | SMPA-AB-03_rs_1969 :: Jehan…
new,person,Michiel,#SMPA-EG_censier_p202_c37_16,SMPA-EG_censier_0037,
exact_multi,person,Jehan,#SMPA-EG_censier_p202_c37_16,SMPA-EG_censier_0037,HDPAR-HD_rs_3297 :: Jehan | SMPA-AB-03_rs_1969 :: Jehan…
new,person,Richart des Polies,#SMPA-EG_censier_p202_c37_16,SMPA-EG_censier_0037,
new,person,Michiel,#SMPA-EG_censier_p202_c37_16,SMPA-EG_censier_0037,
exact_multi,person,Jehan,#SMPA-EG_censier_p202_c37_16,SMPA-EG_censier_0037,HDPAR-HD_rs_3297 :: Jehan | SMPA-AB-03_rs_1969 :: Jehan…
exact_multi,person,Thomas,#SMPA-EG_censier_p202_c37_16,SMPA-EG_censier_0037,SMPA-AB-01_rs_2439 :: Thomas | HDPAR-HD_rs_6732 :: Thomas | HDPAR-HD_rs_6770 :: Thomas | STEP-AB_rs_0551 :: Thomas
new,person,Daniel le Breto,#SMPA-EG_censier_p202_c37_16,SMPA-EG_censier_0037,
new,person,Michiel,#SMPA-EG_censier_p202_c37_16,SMPA-EG_censier_0037,
new,person,Estiene le Recouvreeur,#SMPA-EG_censier_p202_c37_16,SMPA-EG_censier_0037,
new,place,Seint Merri,#SMPA-EG_censier_p202_c37_16,SMPA-EG_censier_0037,
new,person,Estiene le Recovreur,#SMPA-EG_censier_p202_c37_16,SMPA-EG_censier_0037,
new,person,Hervi le Breto,#SMPA-EG_censier_p202_c37_16,SMPA-EG_censier_0037,
new,person,Gile Arrode,#SMPA-EG_censier_p202_c37_16,SMPA-EG_censier_0037,
new,person,Hervi,#SMPA-EG_censier_p202_c37_16,SMPA-EG_censier_0037,
new,person,Ysabieu le Renarde,#SMPA-EG_censier_p202_c37_16,SMPA-EG_censier_0037,
new,person,Ysabieu le Renarde,#SMPA-EG_censier_p203_c37_25,SMPA-EG_censier_0037,
new,person,Hervi,#SMPA-EG_censier_p203_c37_25,SMPA-EG_censier_0037,
new,place,S. Martin,#SMPA-EG_censier_p203_c37_25,SMPA-EG_censier_0037,
new,person,Guilleume Espaulart,#SMPA-EG_censier_p203_c37_25,SMPA-EG_censier_0037,
new,person,Margarite la Bolengiere,#SMPA-EG_censier_p203_c37_25,SMPA-EG_censier_0037,
new,person,Margarite,#SMPA-EG_censier_p203_c37_25,SMPA-EG_censier_0037,
new,person,Jehan Bolengier,#SMPA-EG_censier_p203_c37_25,SMPA-EG_censier_0037,
new,person,Guilleume Espaulart,#SMPA-EG_censier_p203_c37_25,SMPA-EG_censier_0037,
new,person,Margarite,#SMPA-EG_censier_p203_c37_25,SMPA-EG_censier_0037,
new,person,Guilleume,#SMPA-EG_censier_p203_c37_25,SMPA-EG_censier_0037,
new,person,Jaqueline le Barentine,#SMPA-EG_censier_p203_c37_25,SMPA-EG_censier_0037,
new,person,Jehan Bolengier,#SMPA-EG_censier_p203_c37_25,SMPA-EG_censier_0037,
new,person,Estiene de Monchauvet,#SMPA-EG_censier_p203_c37_25,SMPA-EG_censier_0037,
new,person,Ysabieu le Beguine,#SMPA-EG_censier_p203_c37_25,SMPA-EG_censier_0037,
new,person,Jaqueline le Barentine,#SMPA-EG_censier_p203_c37_25,SMPA-EG_censier_0037,
new,place,Seint Jehan,#SMPA-EG_censier_p203_c38,SMPA-EG_censier_0038,
new,person,Jehan Lulier,#SMPA-EG_censier_p203_c38,SMPA-EG_censier_0038,
exact_multi,person,Robert,#SMPA-EG_censier_p203_c38,SMPA-EG_censier_0038,SCHA-PR_rs_465 :: Robert | SMPA-AB-02_rs_2703 :: Robert
new,person,Jehan de Grive,#SMPA-EG_censier_p204_c38_2,SMPA-EG_censier_0038,
new,person,Jehan Daupex,#SMPA-EG_censier_p204_c38_2,SMPA-EG_censier_0038,
new,place,Seint Martin,#SMPA-EG_censier_p204_c38_2,SMPA-EG_censier_0038,
new,person,Estiene le Charetier,#SMPA-EG_censier_p204_c38_2,SMPA-EG_censier_0038,
new,person,Jehane,#SMPA-EG_censier_p204_c38_2,SMPA-EG_censier_0038,
new,person,Ancel,#SMPA-EG_censier_p204_c38_2,SMPA-EG_censier_0038,
new,person,Guilleume Bonefille,#SMPA-EG_censier_p204_c38_2,SMPA-EG_censier_0038,
new,place,Guilleume Espaulart,#SMPA-EG_censier_p204_c38_2,SMPA-EG_censier_0038,
new,person,Jehan Lulier,#SMPA-EG_censier_p204_c38_2,SMPA-EG_censier_0038,
exact_multi,person,Jehan,#SMPA-EG_censier_p204_c38_2,SMPA-EG_censier_0038,HDPAR-HD_rs_3297 :: Jehan | SMPA-AB-03_rs_1969 :: Jehan…
new,person,Guilleume des Gronhetz,#SMPA-EG_censier_p204_c39,SMPA-EG_censier_0039,
new,person,Jehan Lulier,#SMPA-EG_censier_p204_c39,SMPA-EG_censier_0039,
new,place,Seint Martin,#SMPA-EG_censier_p204_c39,SMPA-EG_censier_0039,
new,person,Jehan Lulier,#SMPA-EG_censier_p204_c39,SMPA-EG_censier_0039,
new,place,Seint Martin,#SMPA-EG_censier_p204_c39,SMPA-EG_censier_0039,
new,place,Gieffre,#SMPA-EG_censier_p204_c40,SMPA-EG_censier_0040,
new,place,Biaubourc,#SMPA-EG_censier_p204_c40,SMPA-EG_censier_0040,
new,person,Yve des Pavellons,#SMPA-EG_censier_p204_c40,SMPA-EG_censier_0040,
new,person,Gieffre le Chaucier,#SMPA-EG_censier_p204_c40,SMPA-EG_censier_0040,
new,person,Guilleume de Gremorte,#SMPA-EG_censier_p205_c40_2,SMPA-EG_censier_0040,
new,person,Thomas le Fundeeur,#SMPA-EG_censier_p205_c40_2,SMPA-EG_censier_0040,
exact_multi,person,Thomas,#SMPA-EG_censier_p205_c40_2,SMPA-EG_censier_0040,SMPA-AB-01_rs_2439 :: Thomas | HDPAR-HD_rs_6732 :: Thomas | HDPAR-HD_rs_6770 :: Thomas | STEP-AB_rs_0551 :: Thomas
new,person,Heude de Bonneull,#SMPA-EG_censier_p205_c40_2,SMPA-EG_censier_0040,
new,person,Ysabieu de Glathini,#SMPA-EG_censier_p205_c40_2,SMPA-EG_censier_0040,
new,person,Bertaut,#SMPA-EG_censier_p205_c40_2,SMPA-EG_censier_0040,
new,person,Jehan du Choquet,#SMPA-EG_censier_p205_c40_2,SMPA-EG_censier_0040,
new,person,Guilleume Berout,#SMPA-EG_censier_p205_c40_2,SMPA-EG_censier_0040,
exact_multi,person,Henri le Charpentier,#SMPA-EG_censier_p205_c40_2,SMPA-EG_censier_0040,SMPA-EG_rs_0847 :: Henri le Charpentier | HDPAR-HD_rs_2900 :: Henri le Charpentier
new,person,Nicholaus le Monoier,#SMPA-EG_censier_p205_c40_2,SMPA-EG_censier_0040,
exact_multi,person,Jehan,#SMPA-EG_censier_p205_c40_2,SMPA-EG_censier_0040,HDPAR-HD_rs_3297 :: Jehan | SMPA-AB-03_rs_1969 :: Jehan…
new,person,Jehan de Bogival,#SMPA-EG_censier_p205_c40_2,SMPA-EG_censier_0040,
new,person,Maci de Pierrefrite,#SMPA-EG_censier_p205_c40_2,SMPA-EG_censier_0040,
new,person,Guilleume Niober,#SMPA-EG_censier_p205_c40_2,SMPA-EG_censier_0040,
new,person,Richart des Polies,#SMPA-EG_censier_p205_c40_2,SMPA-EG_censier_0040,
new,person,Jaque,#SMPA-EG_censier_p205_c40_2,SMPA-EG_censier_0040,
exact_multi,person,Jehan,#SMPA-EG_censier_p205_c40_2,SMPA-EG_censier_0040,HDPAR-HD_rs_3297 :: Jehan | SMPA-AB-03_rs_1969 :: Jehan…
new,person,Colin Thibout,#SMPA-EG_censier_p205_c40_2,SMPA-EG_censier_0040,
new,person,Johannes de Hesdevilla,#SMPA-EG_censier_p205_c40_2,SMPA-EG_censier_0040,
new,place,Symon Franc,#SMPA-EG_censier_p205_c41,SMPA-EG_censier_0041,
new,person,Marie de Mullent,#SMPA-EG_censier_p205_c41,SMPA-EG_censier_0041,
new,person,Jehan de Fossez,#SMPA-EG_censier_p205_c41,SMPA-EG_censier_0041,
new,person,Katherine le Pizdoe,#SMPA-EG_censier_p205_c41,SMPA-EG_censier_0041,
new,person,Maci Pido,#SMPA-EG_censier_p205_c41,SMPA-EG_censier_0041,
new,person,Marie,#SMPA-EG_censier_p206_c41_2,SMPA-EG_censier_0041,
new,place,Symon Franc,#SMPA-EG_censier_p206_c41_2,SMPA-EG_censier_0041,
new,person,Michiel le Mason,#SMPA-EG_censier_p206_c41_2,SMPA-EG_censier_0041,
new,person,Pierre le Borssier des Ales,#SMPA-EG_censier_p206_c41_2,SMPA-EG_censier_0041,
new,person,Jehan de Seint Tibaut,#SMPA-EG_censier_p206_c41_2,SMPA-EG_censier_0041,
new,person,Evrart le Charpentier,#SMPA-EG_censier_p206_c41_2,SMPA-EG_censier_0041,
new,person,Estiene le Gros,#SMPA-EG_censier_p206_c41_2,SMPA-EG_censier_0041,
new,person,Jehan de Forges,#SMPA-EG_censier_p206_c41_2,SMPA-EG_censier_0041,
new,person,Raoul de Romainvilla,#SMPA-EG_censier_p206_c41_2,SMPA-EG_censier_0041,
new,place,Pierre Aulart,#SMPA-EG_censier_p206_c42,SMPA-EG_censier_0042,
new,person,Guilleume de Loviers,#SMPA-EG_censier_p206_c42,SMPA-EG_censier_0042,
new,person,Johannes de Fossatis,#SMPA-EG_censier_p206_c42,SMPA-EG_censier_0042,
new,person,Hervi le Breto,#SMPA-EG_censier_p206_c42,SMPA-EG_censier_0042,
new,person,Symon le Mostardier,#SMPA-EG_censier_p206_c42,SMPA-EG_censier_0042,
new,place,Symon Franc,#SMPA-EG_censier_p206_c42,SMPA-EG_censier_0042,
new,person,Jehan de Forges,#SMPA-EG_censier_p206_c42,SMPA-EG_censier_0042,
new,person,Margarite,#SMPA-EG_censier_p206_c42,SMPA-EG_censier_0042,
new,person,Johannes de Fossatis,#SMPA-EG_censier_p206_c42,SMPA-EG_censier_0042,
new,person,Jehan Roucin,#SMPA-EG_censier_p206_c42,SMPA-EG_censier_0042,
exact_multi,person,Thomas,#SMPA-EG_censier_p206_c42,SMPA-EG_censier_0042,SMPA-AB-01_rs_2439 :: Thomas | HDPAR-HD_rs_6732 :: Thomas | HDPAR-HD_rs_6770 :: Thomas | STEP-AB_rs_0551 :: Thomas
new,person,Hervi le Breto,#SMPA-EG_censier_p206_c42,SMPA-EG_censier_0042,
new,place,Symon Franc,#SMPA-EG_censier_p206_c42,SMPA-EG_censier_0042,
exact_multi,person,Jehan,#SMPA-EG_censier_p206_c42,SMPA-EG_censier_0042,HDPAR-HD_rs_3297 :: Jehan | SMPA-AB-03_rs_1969 :: Jehan…
new,person,Estiene,#SMPA-EG_censier_p207_c42_5,SMPA-EG_censier_0042,
new,person,Jehane,#SMPA-EG_censier_p207_c42_5,SMPA-EG_censier_0042,
new,person,Symon le Coc,#SMPA-EG_censier_p207_c42_5,SMPA-EG_censier_0042,
new,person,Jehane,#SMPA-EG_censier_p207_c42_5,SMPA-EG_censier_0042,
new,person,Symon les Espinguiers,#SMPA-EG_censier_p207_c42_5,SMPA-EG_censier_0042,
exact_multi,person,Symon,#SMPA-EG_censier_p207_c42_5,SMPA-EG_censier_0042,SMPA-AB-01_rs_2398 :: Symon | HDPAR-HD_rs_6556 :: Symon | HDPAR-HD_rs_6612 :: Symon | SAPC-AB_rs_1147 :: Symon
new,person,Gieffre le Molleur,#SMPA-EG_censier_p207_c42_5,SMPA-EG_censier_0042,
exact_multi,person,Symon,#SMPA-EG_censier_p207_c42_5,SMPA-EG_censier_0042,SMPA-AB-01_rs_2398 :: Symon | HDPAR-HD_rs_6556 :: Symon | HDPAR-HD_rs_6612 :: Symon | SAPC-AB_rs_1147 :: Symon
new,person,Marie de Mullent,#SMPA-EG_censier_p207_c42_5,SMPA-EG_censier_0042,
exact_multi,person,Symon,#SMPA-EG_censier_p207_c42_5,SMPA-EG_censier_0042,SMPA-AB-01_rs_2398 :: Symon | HDPAR-HD_rs_6556 :: Symon | HDPAR-HD_rs_6612 :: Symon | SAPC-AB_rs_1147 :: Symon
new,person,Jehan Arrode,#SMPA-EG_censier_p207_c42_5,SMPA-EG_censier_0042,
exact_multi,person,Robert,#SMPA-EG_censier_p207_c42_5,SMPA-EG_censier_0042,SCHA-PR_rs_465 :: Robert | SMPA-AB-02_rs_2703 :: Robert
new,person,Gieffre de Compiegne,#SMPA-EG_censier_p207_c42_5,SMPA-EG_censier_0042,
new,person,Marie de Monfort,#SMPA-EG_censier_p207_c42_5,SMPA-EG_censier_0042,
new,person,Guilleume le Mercier,#SMPA-EG_censier_p207_c42_5,SMPA-EG_censier_0042,
new,person,Estiene de Nuefchastieu,#SMPA-EG_censier_p207_c42_5,SMPA-EG_censier_0042,
new,person,Estienne de Nuefchastieu,#SMPA-EG_censier_p207_c42_5,SMPA-EG_censier_0042,
new,person,Guilleume Espaulart,#SMPA-EG_censier_p207_c42_5,SMPA-EG_censier_0042,
new,person,Jehan Daupiex,#SMPA-EG_censier_p208_c43,SMPA-EG_censier_0043,
new,person,Jaqueline Malpas,#SMPA-EG_censier_p208_c43,SMPA-EG_censier_0043,
new,person,Jaqueline,#SMPA-EG_censier_p208_c43,SMPA-EG_censier_0043,
new,person,Gile Maupas,#SMPA-EG_censier_p208_c43,SMPA-EG_censier_0043,
new,person,Jehan de Villeneuve,#SMPA-EG_censier_p208_c43,SMPA-EG_censier_0043,
new,person,Jehan de Villeneuve,#SMPA-EG_censier_p208_c43,SMPA-EG_censier_0043,
new,person,Jaqueline,#SMPA-EG_censier_p208_c43,SMPA-EG_censier_0043,
new,person,Robert de Paris,#SMPA-EG_censier_p208_c44,SMPA-EG_censier_0044,
new,person,Jehan Gresillon,#SMPA-EG_censier_p208_c44,SMPA-EG_censier_0044,
new,person,Jaque Brichart,#SMPA-EG_censier_p208_c44,SMPA-EG_censier_0044,
new,person,Phelippe Bonnetin,#SMPA-EG_censier_p208_c44,SMPA-EG_censier_0044,
new,person,Bertaut,#SMPA-EG_censier_p208_c44,SMPA-EG_censier_0044,
new,place,Lambert de Chielle,#SMPA-EG_censier_p209_c45,SMPA-EG_censier_0045,
new,person,Gieffre Coquatris,#SMPA-EG_censier_p209_c45,SMPA-EG_censier_0045,
new,person,Jehan Palée,#SMPA-EG_censier_p209_c45,SMPA-EG_censier_0045,
new,person,Geufroi de Savegni,#SMPA-EG_censier_p209_c45,SMPA-EG_censier_0045,
new,person,Jehan de Chielle,#SMPA-EG_censier_p209_c45,SMPA-EG_censier_0045,
new,person,Geufroi,#SMPA-EG_censier_p209_c45,SMPA-EG_censier_0045,
new,person,Jehan de Chielle,#SMPA-EG_censier_p209_c45,SMPA-EG_censier_0045,
new,person,Geufroi,#SMPA-EG_censier_p209_c45,SMPA-EG_censier_0045,
exact_multi,person,Jehan,#SMPA-EG_censier_p209_c45,SMPA-EG_censier_0045,HDPAR-HD_rs_3297 :: Jehan | SMPA-AB-03_rs_1969 :: Jehan…
new,place,Chastellet,#SMPA-EG_censier_p209_c45,SMPA-EG_censier_0045,
new,person,Geufroi,#SMPA-EG_censier_p209_c45,SMPA-EG_censier_0045,
new,person,Margarite,#SMPA-EG_censier_p209_c45,SMPA-EG_censier_0045,
new,person,Margarite,#SMPA-EG_censier_p209_c45,SMPA-EG_censier_0045,
exact_multi,person,Robert,#SMPA-EG_censier_p209_c45,SMPA-EG_censier_0045,SCHA-PR_rs_465 :: Robert | SMPA-AB-02_rs_2703 :: Robert
new,place,Seint Merri,#SMPA-EG_censier_p209_c46,SMPA-EG_censier_0046,
new,place,Encloistre,#SMPA-EG_censier_p209_c46,SMPA-EG_censier_0046,
new,place,Seint Anthoine,#SMPA-EG_censier_p209_c46,SMPA-EG_censier_0046,
new,place,Seint Anthoine,#SMPA-EG_censier_p210_c46_3,SMPA-EG_censier_0046,
new,person,Richart de Forest,#SMPA-EG_censier_p210_c46_3,SMPA-EG_censier_0046,
new,person,Marie le Conversse,#SMPA-EG_censier_p210_c46_3,SMPA-EG_censier_0046,
new,person,Marie,#SMPA-EG_censier_p210_c46_3,SMPA-EG_censier_0046,
new,person,Gieffre de Vitri,#SMPA-EG_censier_p210_c46_3,SMPA-EG_censier_0046,
new,person,Aden Boucel,#SMPA-EG_censier_p210_c46_3,SMPA-EG_censier_0046,
new,person,Jaque Gencien,#SMPA-EG_censier_p210_c46_3,SMPA-EG_censier_0046,
new,person,Jehan le Paumier,#SMPA-EG_censier_p210_c46_3,SMPA-EG_censier_0046,
new,person,Richart le Talleeur,#SMPA-EG_censier_p210_c46_3,SMPA-EG_censier_0046,
new,person,Jehan Brichart,#SMPA-EG_censier_p210_c46_3,SMPA-EG_censier_0046,
new,person,Jehan Baugart,#SMPA-EG_censier_p210_c46_3,SMPA-EG_censier_0046,
new,person,Richart le Talleeur,#SMPA-EG_censier_p210_c46_3,SMPA-EG_censier_0046,
new,person,Jaque Gencien,#SMPA-EG_censier_p210_c46_3,SMPA-EG_censier_0046,
new,person,Jehan Brichart,#SMPA-EG_censier_p210_c46_3,SMPA-EG_censier_0046,
new,person,Jehan Brichart,#SMPA-EG_censier_p210_c46_3,SMPA-EG_censier_0046,
new,person,Perrin,#SMPA-EG_censier_p210_c46_3,SMPA-EG_censier_0046,
new,place,Robert de Paris,#SMPA-EG_censier_p210_c46_3,SMPA-EG_censier_0046,
new,person,Richart le Talleur,#SMPA-EG_censier_p210_c46_3,SMPA-EG_censier_0046,
new,person,Jehan Baugart,#SMPA-EG_censier_p210_c46_3,SMPA-EG_censier_0046,
new,person,Jehan Arrode,#SMPA-EG_censier_p210_c46_3,SMPA-EG_censier_0046,
new,person,Perrin,#SMPA-EG_censier_p210_c46_3,SMPA-EG_censier_0046,
exact_multi,person,Pierre,#SMPA-EG_censier_p211_c46_12,SMPA-EG_censier_0046,HDPAR-HD_rs_5538 :: Pierre | NDPR-AB_rs_0680 :: Pierre | SLES-PR_rs_1270 :: Pierre | SMPA-AB-03_rs_2858 :: Pierre | STEP-AB_rs_0251 :: Pierre
new,person,Estiene Malpas,#SMPA-EG_censier_p211_c46_12,SMPA-EG_censier_0046,
new,person,Nicholaus le Tuillier,#SMPA-EG_censier_p211_c46_12,SMPA-EG_censier_0046,
new,person,Nicholaus le Tuillier,#SMPA-EG_censier_p211_c46_12,SMPA-EG_censier_0046,
new,person,Thomas le Tuilier,#SMPA-EG_censier_p211_c46_12,SMPA-EG_censier_0046,
new,place,Encloistre,#SMPA-EG_censier_p211_c46_12,SMPA-EG_censier_0046,
new,person,Estiene Malpas,#SMPA-EG_censier_p211_c46_12,SMPA-EG_censier_0046,
exact_multi,person,Jehan,#SMPA-EG_censier_p211_c46_12,SMPA-EG_censier_0046,HDPAR-HD_rs_3297 :: Jehan | SMPA-AB-03_rs_1969 :: Jehan…
new,person,Jehane la Roine,#SMPA-EG_censier_p211_c46_12,SMPA-EG_censier_0046,
new,place,Encloistre,#SMPA-EG_censier_p211_c46_12,SMPA-EG_censier_0046,
new,place,Encloistre,#SMPA-EG_censier_p211_c46_12,SMPA-EG_censier_0046,
new,place,Encloistre,#SMPA-EG_censier_p211_c46_12,SMPA-EG_censier_0046,
new,person,Jehan Roy,#SMPA-EG_censier_p211_c46_12,SMPA-EG_censier_0046,
new,person,Jehane la Reine,#SMPA-EG_censier_p211_c46_12,SMPA-EG_censier_0046,
new,person,Symon Marceu,#SMPA-EG_censier_p211_c46_12,SMPA-EG_censier_0046,
new,person,Jehan Marcel,#SMPA-EG_censier_p211_c46_12,SMPA-EG_censier_0046,
new,person,Symon Marceu,#SMPA-EG_censier_p211_c46_12,SMPA-EG_censier_0046,
new,person,Jehan Marcel,#SMPA-EG_censier_p211_c46_12,SMPA-EG_censier_0046,
new,place,Encloistre,#SMPA-EG_censier_p211_c46_12,SMPA-EG_censier_0046,
new,person,Jehan Marcel,#SMPA-EG_censier_p211_c46_12,SMPA-EG_censier_0046,
new,place,Encloistre,#SMPA-EG_censier_p211_c46_12,SMPA-EG_censier_0046,
new,person,Phelippe Bonetin,#SMPA-EG_censier_p211_c46_12,SMPA-EG_censier_0046,
new,person,Jehan de Lions,#SMPA-EG_censier_p211_c46_12,SMPA-EG_censier_0046,
new,person,Estiene Malpas,#SMPA-EG_censier_p211_c46_12,SMPA-EG_censier_0046,
new,person,Estiene Malpas,#SMPA-EG_censier_p211_c46_12,SMPA-EG_censier_0046,
new,place,Seint Denis du Pas,#SMPA-EG_censier_p212_c47,SMPA-EG_censier_0047,
new,place,Seinte Katherine,#SMPA-EG_censier_p212_c47,SMPA-EG_censier_0047,
new,person,Evrart le Nerou,#SMPA-EG_censier_p212_c47,SMPA-EG_censier_0047,
new,person,Pierre de Tornay,#SMPA-EG_censier_p212_c47,SMPA-EG_censier_0047,
new,place,Seint Merri,#SMPA-EG_censier_p212_c47,SMPA-EG_censier_0047,
new,person,Guilleume,#SMPA-EG_censier_p212_c47,SMPA-EG_censier_0047,
new,person,Pierre de Tornai,#SMPA-EG_censier_p212_c47,SMPA-EG_censier_0047,
new,person,Margarite le Boucelle,#SMPA-EG_censier_p212_c47,SMPA-EG_censier_0047,
exact_multi,person,Pierre,#SMPA-EG_censier_p212_c47,SMPA-EG_censier_0047,HDPAR-HD_rs_5538 :: Pierre | NDPR-AB_rs_0680 :: Pierre | SLES-PR_rs_1270 :: Pierre | SMPA-AB-03_rs_2858 :: Pierre | STEP-AB_rs_0251 :: Pierre
new,place,Jehan Pain Mollet,#SMPA-EG_censier_p212_c48,SMPA-EG_censier_0048,
new,person,Guilleume Deschans,#SMPA-EG_censier_p212_c48,SMPA-EG_censier_0048,
new,person,Guiart le Porchier,#SMPA-EG_censier_p212_c48,SMPA-EG_censier_0048,
new,person,Jehan Fornié,#SMPA-EG_censier_p212_c48,SMPA-EG_censier_0048,
new,person,Jehan Bourdon,#SMPA-EG_censier_p212_c48,SMPA-EG_censier_0048,
new,person,Jaque,#SMPA-EG_censier_p212_c49,SMPA-EG_censier_0049,
new,person,Jehan Fiqueit,#SMPA-EG_censier_p212_c49,SMPA-EG_censier_0049,
new,person,Michiel le Tonnelier,#SMPA-EG_censier_p212_c49,SMPA-EG_censier_0049,
new,person,Gieffre Morise,#SMPA-EG_censier_p212_c49,SMPA-EG_censier_0049,
new,place,Seint Jaque,#SMPA-EG_censier_p212_c50,SMPA-EG_censier_0050,
new,person,Symon Paien,#SMPA-EG_censier_p212_c50,SMPA-EG_censier_0050,
new,person,Symon Quidonpnaie,#SMPA-EG_censier_p212_c50,SMPA-EG_censier_0050,
new,person,Pierre de Mante,#SMPA-EG_censier_p212_c50,SMPA-EG_censier_0050,
new,person,Jehan le Sirier,#SMPA-EG_censier_p212_c50,SMPA-EG_censier_0050,
new,person,Estiene de Tria,#SMPA-EG_censier_p213_c50_3,SMPA-EG_censier_0050,
new,person,Symon Paien,#SMPA-EG_censier_p213_c50_3,SMPA-EG_censier_0050,
new,person,Laurens Quidonpnaie,#SMPA-EG_censier_p213_c50_3,SMPA-EG_censier_0050,
exact_multi,person,Pierre,#SMPA-EG_censier_p213_c50_3,SMPA-EG_censier_0050,HDPAR-HD_rs_5538 :: Pierre | NDPR-AB_rs_0680 :: Pierre | SLES-PR_rs_1270 :: Pierre | SMPA-AB-03_rs_2858 :: Pierre | STEP-AB_rs_0251 :: Pierre
new,person,Estiene,#SMPA-EG_censier_p213_c50_3,SMPA-EG_censier_0050,
new,person,Maci,#SMPA-EG_censier_p213_c50_3,SMPA-EG_censier_0050,
new,person,Pierre de Mante,#SMPA-EG_censier_p213_c50_3,SMPA-EG_censier_0050,
new,person,Laurens Quidonpnaie,#SMPA-EG_censier_p213_c50_3,SMPA-EG_censier_0050,
new,person,Symon Quidonpnaie,#SMPA-EG_censier_p213_c50_3,SMPA-EG_censier_0050,
new,person,Jaque le Pevrier,#SMPA-EG_censier_p213_c50_3,SMPA-EG_censier_0050,
new,person,Estiene le Picart,#SMPA-EG_censier_p213_c51,SMPA-EG_censier_0051,
new,person,Jehan Poillevilain,#SMPA-EG_censier_p213_c51,SMPA-EG_censier_0051,
new,person,Laurens Quidonpnaye,#SMPA-EG_censier_p213_c51,SMPA-EG_censier_0051,
new,person,Pierre de Manta,#SMPA-EG_censier_p213_c51,SMPA-EG_censier_0051,
new,person,Jehan de Lueu,#SMPA-EG_censier_p213_c51,SMPA-EG_censier_0051,
new,person,Jehane,#SMPA-EG_censier_p213_c51,SMPA-EG_censier_0051,
new,person,Jehan Rouciau,#SMPA-EG_censier_p213_c51,SMPA-EG_censier_0051,
new,person,Jehane,#SMPA-EG_censier_p213_c51,SMPA-EG_censier_0051,
exact_multi,person,Jehan,#SMPA-EG_censier_p213_c51,SMPA-EG_censier_0051,HDPAR-HD_rs_3297 :: Jehan | SMPA-AB-03_rs_1969 :: Jehan…
new,person,Jehan Rouciau,#SMPA-EG_censier_p213_c51,SMPA-EG_censier_0051,
new,person,Jehan le Lueu,#SMPA-EG_censier_p213_c51,SMPA-EG_censier_0051,
exact_multi,person,Pierre,#SMPA-EG_censier_p213_c52,SMPA-EG_censier_0052,HDPAR-HD_rs_5538 :: Pierre | NDPR-AB_rs_0680 :: Pierre | SLES-PR_rs_1270 :: Pierre | SMPA-AB-03_rs_2858 :: Pierre | STEP-AB_rs_0251 :: Pierre
new,person,Jehan Dupin,#SMPA-EG_censier_p214_c52_2,SMPA-EG_censier_0052,
new,place,Seint Denis,#SMPA-EG_censier_p214_c53,SMPA-EG_censier_0053,
new,person,Jaque le Chapellier,#SMPA-EG_censier_p214_c53,SMPA-EG_censier_0053,
new,person,Jehan Aspicier,#SMPA-EG_censier_p214_c53,SMPA-EG_censier_0053,
new,person,Evrart du Wer,#SMPA-EG_censier_p214_c53,SMPA-EG_censier_0053,
new,place,Chastellet,#SMPA-EG_censier_p214_c53,SMPA-EG_censier_0053,
new,place,Seint Denis,#SMPA-EG_censier_p214_c54,SMPA-EG_censier_0054,
new,place,Seint Merri,#SMPA-EG_censier_p214_c54,SMPA-EG_censier_0054,
new,person,Jehane,#SMPA-EG_censier_p214_c54,SMPA-EG_censier_0054,
new,person,Pierre Boucou,#SMPA-EG_censier_p214_c54,SMPA-EG_censier_0054,
new,person,Jaquet Boucel,#SMPA-EG_censier_p214_c54,SMPA-EG_censier_0054,
exact_multi,place,Saint Martin,#SMPA-EG_censier_p214_c54,SMPA-EG_censier_0054,SMPA-AB-03_rs_3399 :: Saint-Martin | SMPA-AB-03_rs_3400 :: Saint-Martin | SMPA-AB-03_rs_3401 :: Saint-Martin | SMPA-EG_rs_2048 :: Saint-Martin
new,person,Jehan Garnier,#SMPA-EG_censier_p214_c54,SMPA-EG_censier_0054,
new,person,Jehan Bordo,#SMPA-EG_censier_p214_c54,SMPA-EG_censier_0054,
new,person,Nicholaus Sance,#SMPA-EG_censier_p214_c54,SMPA-EG_censier_0054,
new,person,Andri Sance,#SMPA-EG_censier_p214_c54,SMPA-EG_censier_0054,
new,person,Gieffre de Donpmartin,#SMPA-EG_censier_p215_c54_6,SMPA-EG_censier_0054,
new,person,Estiene Piquet,#SMPA-EG_censier_p215_c54_6,SMPA-EG_censier_0054,
new,person,Thibaut,#SMPA-EG_censier_p215_c54_6,SMPA-EG_censier_0054,
new,person,Pierre le Miere,#SMPA-EG_censier_p215_c54_6,SMPA-EG_censier_0054,
new,person,Pierre le Myere,#SMPA-EG_censier_p215_c54_6,SMPA-EG_censier_0054,
new,person,Estiene Le Mire,#SMPA-EG_censier_p215_c54_6,SMPA-EG_censier_0054,
new,person,Estiene de Riviere,#SMPA-EG_censier_p215_c54_6,SMPA-EG_censier_0054,
new,person,Jehan de Buci,#SMPA-EG_censier_p215_c54_6,SMPA-EG_censier_0054,
new,person,Jehan de Buci,#SMPA-EG_censier_p215_c54_6,SMPA-EG_censier_0054,
exact_multi,person,Pierre,#SMPA-EG_censier_p215_c54_6,SMPA-EG_censier_0054,HDPAR-HD_rs_5538 :: Pierre | NDPR-AB_rs_0680 :: Pierre | SLES-PR_rs_1270 :: Pierre | SMPA-AB-03_rs_2858 :: Pierre | STEP-AB_rs_0251 :: Pierre
new,person,Andri Bigue,#SMPA-EG_censier_p215_c54_6,SMPA-EG_censier_0054,
new,person,Jehan Brice,#SMPA-EG_censier_p215_c54_6,SMPA-EG_censier_0054,
new,person,Jehan de Riviers,#SMPA-EG_censier_p215_c54_6,SMPA-EG_censier_0054,
new,place,Seint Martin des Chans,#SMPA-EG_censier_p215_c54_6,SMPA-EG_censier_0054,
new,person,Guilleume Gallo,#SMPA-EG_censier_p215_c54_6,SMPA-EG_censier_0054,
new,person,Gieffre de Donpmartin,#SMPA-EG_censier_p215_c54_6,SMPA-EG_censier_0054,
new,person,Guilleume le Mereschalc,#SMPA-EG_censier_p215_c54_6,SMPA-EG_censier_0054,
exact_multi,person,Pierre,#SMPA-EG_censier_p215_c54_6,SMPA-EG_censier_0054,HDPAR-HD_rs_5538 :: Pierre | NDPR-AB_rs_0680 :: Pierre | SLES-PR_rs_1270 :: Pierre | SMPA-AB-03_rs_2858 :: Pierre | STEP-AB_rs_0251 :: Pierre
new,place,Encloistre,#SMPA-EG_censier_p215_c54_6,SMPA-EG_censier_0054,
new,person,Maci de Grosbois,#SMPA-EG_censier_p215_c54_6,SMPA-EG_censier_0054,
new,person,Hue,#SMPA-EG_censier_p215_c54_6,SMPA-EG_censier_0054,
new,person,Jehan Lecomte,#SMPA-EG_censier_p215_c54_6,SMPA-EG_censier_0054,
new,person,Colin Baube,#SMPA-EG_censier_p215_c54_6,SMPA-EG_censier_0054,
new,person,Jehane,#SMPA-EG_censier_p215_c54_6,SMPA-EG_censier_0054,
new,person,Hue,#SMPA-EG_censier_p215_c54_6,SMPA-EG_censier_0054,
new,person,Jehan Murié,#SMPA-EG_censier_p215_c54_6,SMPA-EG_censier_0054,
new,person,Jehan Murié,#SMPA-EG_censier_p216_c54_15,SMPA-EG_censier_0054,
new,person,Jehane,#SMPA-EG_censier_p216_c54_15,SMPA-EG_censier_0054,
new,person,Jehan Murié,#SMPA-EG_censier_p216_c54_15,SMPA-EG_censier_0054,
new,person,Pierre de Chambelin,#SMPA-EG_censier_p216_c54_15,SMPA-EG_censier_0054,
new,person,Maci de Grosbois,#SMPA-EG_censier_p216_c54_15,SMPA-EG_censier_0054,
new,person,Marie de Murllent,#SMPA-EG_censier_p216_c54_15,SMPA-EG_censier_0054,
new,person,Pierre de Chambelli,#SMPA-EG_censier_p216_c54_15,SMPA-EG_censier_0054,
new,person,Jehan Murié de Poitronville,#SMPA-EG_censier_p216_c54_15,SMPA-EG_censier_0054,
new,person,Estiene Bonefille,#SMPA-EG_censier_p216_c54_15,SMPA-EG_censier_0054,
new,place,Seint Ladre,#SMPA-EG_censier_p216_c54_15,SMPA-EG_censier_0054,
new,person,Jehan Berengier,#SMPA-EG_censier_p216_c54_15,SMPA-EG_censier_0054,
new,place,Seint Ladre,#SMPA-EG_censier_p216_c54_15,SMPA-EG_censier_0054,
new,place,Seint Martin,#SMPA-EG_censier_p216_c54_15,SMPA-EG_censier_0054,
new,person,Jehan le Convers,#SMPA-EG_censier_p216_c54_15,SMPA-EG_censier_0054,
new,person,Jehan Poupin,#SMPA-EG_censier_p216_c54_15,SMPA-EG_censier_0054,
new,place,Seint Ladre,#SMPA-EG_censier_p217_c54_23,SMPA-EG_censier_0054,
new,person,Estiene Bonefille,#SMPA-EG_censier_p217_c54_23,SMPA-EG_censier_0054,
new,person,Henri Berangier,#SMPA-EG_censier_p217_c54_23,SMPA-EG_censier_0054,
new,person,Ernoul Pigno La Rue,#SMPA-EG_censier_p217_c54_23,SMPA-EG_censier_0054,
new,person,Guilleume de Sanz,#SMPA-EG_censier_p217_c54_23,SMPA-EG_censier_0054,
new,place,Seint Martin,#SMPA-EG_censier_p217_c54_23,SMPA-EG_censier_0054,
new,place,Seint Martin,#SMPA-EG_censier_p217_c54_23,SMPA-EG_censier_0054,
exact_multi,person,Thomas Brichart,#SMPA-EG_censier_p217_c54_23,SMPA-EG_censier_0054,SMPA-EG_rs_2204 :: Thomas Brichart | HDPAR-HD_rs_6743 :: Thomas Brichart
new,person,Jehan Billouart,#SMPA-EG_censier_p217_c54_23,SMPA-EG_censier_0054,
new,place,Seint Ladre,#SMPA-EG_censier_p217_c54_23,SMPA-EG_censier_0054,
new,place,Seint Martin,#SMPA-EG_censier_p217_c54_23,SMPA-EG_censier_0054,
new,person,Guilleume de Sanz,#SMPA-EG_censier_p217_c54_23,SMPA-EG_censier_0054,
new,person,Jaque Bouceu,#SMPA-EG_censier_p217_c54_23,SMPA-EG_censier_0054,
new,person,Aden Point La Rue,#SMPA-EG_censier_p217_c54_23,SMPA-EG_censier_0054,
new,place,Seint Merri,#SMPA-EG_censier_p217_c54_23,SMPA-EG_censier_0054,
new,person,Jehan le Cordier,#SMPA-EG_censier_p217_c54_23,SMPA-EG_censier_0054,
new,person,Lambert de Seint Laurens,#SMPA-EG_censier_p217_c54_23,SMPA-EG_censier_0054,
new,person,Jehan Viel,#SMPA-EG_censier_p217_c54_23,SMPA-EG_censier_0054,
new,person,Geufroi Viel,#SMPA-EG_censier_p217_c54_23,SMPA-EG_censier_0054,
new,place,Seint Martin des Champs,#SMPA-EG_censier_p217_c54_23,SMPA-EG_censier_0054,
new,person,Jehan Viel,#SMPA-EG_censier_p217_c54_23,SMPA-EG_censier_0054,
new,person,Jehan le Convers,#SMPA-EG_censier_p217_c54_23,SMPA-EG_censier_0054,
new,person,Robert Lescriven,#SMPA-EG_censier_p217_c54_23,SMPA-EG_censier_0054,
new,place,Seint Martin des Champs,#SMPA-EG_censier_p217_c54_23,SMPA-EG_censier_0054,
new,place,Seint Martin de Pierre,#SMPA-EG_censier_p217_c54_23,SMPA-EG_censier_0054,
new,person,Hervi,#SMPA-EG_censier_p217_c54_23,SMPA-EG_censier_0054,
new,place,Trinité,#SMPA-EG_censier_p217_c54_23,SMPA-EG_censier_0054,
new,person,Hervi,#SMPA-EG_censier_p218_c54_33,SMPA-EG_censier_0054,
new,place,Trinité,#SMPA-EG_censier_p218_c54_33,SMPA-EG_censier_0054,
new,place,Seint Denis,#SMPA-EG_censier_p218_c54_33,SMPA-EG_censier_0054,
new,person,Robert Lescrivenz,#SMPA-EG_censier_p218_c54_33,SMPA-EG_censier_0054,
exact_multi,person,Jehan,#SMPA-EG_censier_p218_c54_33,SMPA-EG_censier_0054,HDPAR-HD_rs_3297 :: Jehan | SMPA-AB-03_rs_1969 :: Jehan…
new,person,Hervi,#SMPA-EG_censier_p218_c54_33,SMPA-EG_censier_0054,
new,place,Trinité,#SMPA-EG_censier_p218_c54_33,SMPA-EG_censier_0054,
new,place,Seint Denis,#SMPA-EG_censier_p218_c54_33,SMPA-EG_censier_0054,
new,person,Jehan le Convers,#SMPA-EG_censier_p218_c54_33,SMPA-EG_censier_0054,
new,person,Alain de Seint Benoist,#SMPA-EG_censier_p218_c54_33,SMPA-EG_censier_0054,
new,person,Jehan Poupin,#SMPA-EG_censier_p218_c54_33,SMPA-EG_censier_0054,
new,place,Seint Martin,#SMPA-EG_censier_p218_c54_33,SMPA-EG_censier_0054,
new,person,Estiene Bonefille,#SMPA-EG_censier_p218_c54_33,SMPA-EG_censier_0054,
new,person,Jehan Lecomte,#SMPA-EG_censier_p218_c54_33,SMPA-EG_censier_0054,
new,place,Seint Ladre,#SMPA-EG_censier_p218_c54_33,SMPA-EG_censier_0054,
new,person,Nicholaus des Chans,#SMPA-EG_censier_p218_c54_33,SMPA-EG_censier_0054,
new,place,Seint Denis,#SMPA-EG_censier_p218_c54_33,SMPA-EG_censier_0054,
new,person,Jehan le Convers,#SMPA-EG_censier_p218_c54_33,SMPA-EG_censier_0054,
new,person,Henri de Neys,#SMPA-EG_censier_p218_c54_33,SMPA-EG_censier_0054,
new,person,Arnoul,#SMPA-EG_censier_p218_c54_33,SMPA-EG_censier_0054,
new,place,Seint Ladre,#SMPA-EG_censier_p218_c54_33,SMPA-EG_censier_0054,
new,place,Seint Merri,#SMPA-EG_censier_p218_c54_33,SMPA-EG_censier_0054,
new,person,Guiart de Lagni,#SMPA-EG_censier_p218_c54_33,SMPA-EG_censier_0054,
new,place,Seint Denis,#SMPA-EG_censier_p218_c54_33,SMPA-EG_censier_0054,
new,person,Estiene le Barrois,#SMPA-EG_censier_p218_c54_33,SMPA-EG_censier_0054,
new,person,Adam Coquinnier,#SMPA-EG_censier_p218_c54_33,SMPA-EG_censier_0054,
new,person,Estiene,#SMPA-EG_censier_p218_c54_33,SMPA-EG_censier_0054,
new,person,Girart de Breiben,#SMPA-EG_censier_p218_c54_33,SMPA-EG_censier_0054,
new,person,Jehan Teillier,#SMPA-EG_censier_p218_c54_33,SMPA-EG_censier_0054,
exact_multi,person,Jehan,#SMPA-EG_censier_p218_c54_33,SMPA-EG_censier_0054,HDPAR-HD_rs_3297 :: Jehan | SMPA-AB-03_rs_1969 :: Jehan…
new,person,Estiene le Barrois,#SMPA-EG_censier_p218_c54_33,SMPA-EG_censier_0054,
new,person,Ysabieu,#SMPA-EG_censier_p218_c54_33,SMPA-EG_censier_0054,
new,person,Ysabieu,#SMPA-EG_censier_p219_c54_42,SMPA-EG_censier_0054,
new,person,Guillaume Teillier,#SMPA-EG_censier_p219_c54_42,SMPA-EG_censier_0054,
new,person,Jehan Teillier,#SMPA-EG_censier_p219_c54_42,SMPA-EG_censier_0054,
new,person,Estiene le Barrois,#SMPA-EG_censier_p219_c54_42,SMPA-EG_censier_0054,
new,person,Estiene le Barois,#SMPA-EG_censier_p219_c54_42,SMPA-EG_censier_0054,
new,person,Ysabieu,#SMPA-EG_censier_p219_c54_42,SMPA-EG_censier_0054,
new,person,Estiene,#SMPA-EG_censier_p219_c54_42,SMPA-EG_censier_0054,
exact_multi,person,Jehan,#SMPA-EG_censier_p219_c54_42,SMPA-EG_censier_0054,HDPAR-HD_rs_3297 :: Jehan | SMPA-AB-03_rs_1969 :: Jehan…
new,person,Jehan le Douz,#SMPA-EG_censier_p219_c54_42,SMPA-EG_censier_0054,
new,person,Estiene le Barrois,#SMPA-EG_censier_p219_c54_42,SMPA-EG_censier_0054,
new,person,Guillaume Caourci de Monsturel,#SMPA-EG_censier_p219_c54_42,SMPA-EG_censier_0054,
new,person,Jehan le Maçon,#SMPA-EG_censier_p219_c54_42,SMPA-EG_censier_0054,
new,person,Thibaut,#SMPA-EG_censier_p219_c54_42,SMPA-EG_censier_0054,
new,person,Jehan Becheron,#SMPA-EG_censier_p219_c54_42,SMPA-EG_censier_0054,
new,person,Jehan le Larron,#SMPA-EG_censier_p219_c54_42,SMPA-EG_censier_0054,
new,person,Robert de Monstreul,#SMPA-EG_censier_p219_c54_42,SMPA-EG_censier_0054,
new,person,Jehan Tient,#SMPA-EG_censier_p219_c54_42,SMPA-EG_censier_0054,
new,person,Guilleume,#SMPA-EG_censier_p219_c54_42,SMPA-EG_censier_0054,
new,person,Guilleume,#SMPA-EG_censier_p219_c54_42,SMPA-EG_censier_0054,
new,person,Yve des Pavellons,#SMPA-EG_censier_p219_c54_42,SMPA-EG_censier_0054,
new,person,Marie,#SMPA-EG_censier_p219_c54_42,SMPA-EG_censier_0054,
new,person,Jehan de Bonneul,#SMPA-EG_censier_p220_c54_50,SMPA-EG_censier_0054,
new,person,Jehan le Clerc de Charanto,#SMPA-EG_censier_p220_c54_50,SMPA-EG_censier_0054,
new,person,Mace,#SMPA-EG_censier_p220_c54_50,SMPA-EG_censier_0054,
new,person,Estiene Asce,#SMPA-EG_censier_p220_c54_50,SMPA-EG_censier_0054,
exact_multi,person,Ameline,#SMPA-EG_censier_p220_c54_50,SMPA-EG_censier_0054,SMPA-AB-01_rs_0079 :: Ameline | HDPAR-HD_rs_0297 :: Ameline
new,person,Nicholaus de Rosai,#SMPA-EG_censier_p220_c54_50,SMPA-EG_censier_0054,
new,person,Jehan le Clerc,#SMPA-EG_censier_p220_c54_50,SMPA-EG_censier_0054,
new,person,Odart,#SMPA-EG_censier_p220_c54_50,SMPA-EG_censier_0054,
exact_multi,person,Pierre,#SMPA-EG_censier_p220_c54_50,SMPA-EG_censier_0054,HDPAR-HD_rs_5538 :: Pierre | NDPR-AB_rs_0680 :: Pierre | SLES-PR_rs_1270 :: Pierre | SMPA-AB-03_rs_2858 :: Pierre | STEP-AB_rs_0251 :: Pierre
exact_multi,person,Nicholaus,#SMPA-EG_censier_p220_c54_50,SMPA-EG_censier_0054,NDVC-AB_rs_3230 :: Nicholaus | NDVC-AB_rs_3294 :: Nicholaus | SAPC-AB_rs_0810 :: Nicholaus
new,person,Maci,#SMPA-EG_censier_p220_c54_50,SMPA-EG_censier_0054,
exact_multi,person,Symon,#SMPA-EG_censier_p220_c54_50,SMPA-EG_censier_0054,SMPA-AB-01_rs_2398 :: Symon | HDPAR-HD_rs_6556 :: Symon | HDPAR-HD_rs_6612 :: Symon | SAPC-AB_rs_1147 :: Symon
new,person,Odart le Rousse,#SMPA-EG_censier_p220_c54_50,SMPA-EG_censier_0054,
new,person,Nicholaus de Rosai,#SMPA-EG_censier_p220_c54_50,SMPA-EG_censier_0054,
new,person,Estiene Asse,#SMPA-EG_censier_p220_c54_50,SMPA-EG_censier_0054,
new,person,Jehan Augier,#SMPA-EG_censier_p221_c54_58,SMPA-EG_censier_0054,
new,place,Seint Ladre,#SMPA-EG_censier_p221_c54_58,SMPA-EG_censier_0054,
exact_multi,person,Guillaume,#SMPA-EG_censier_p221_c54_58,SMPA-EG_censier_0054,SLES-PR_rs_0851 :: Guillaume | SMPA-AB-02_rs_1364 :: Guillaume | SMPA-AB-02_rs_1369 :: Guillaume | SMPA-AB-03_rs_1785 :: Guillaume | SMPA-AB-03_rs_1786 :: Guillaume | SMPA-EG_rs_0752 :: Guillaume
new,person,Jehan de Vaubenon,#SMPA-EG_censier_p221_c54_58,SMPA-EG_censier_0054,
new,person,Jehan Otren,#SMPA-EG_censier_p221_c54_58,SMPA-EG_censier_0054,
new,person,Guilleume,#SMPA-EG_censier_p221_c54_58,SMPA-EG_censier_0054,
new,person,Estienne Alorge,#SMPA-EG_censier_p221_c54_58,SMPA-EG_censier_0054,
new,person,Jehan Augier,#SMPA-EG_censier_p221_c54_58,SMPA-EG_censier_0054,
new,person,Richart des Polies,#SMPA-EG_censier_p221_c54_58,SMPA-EG_censier_0054,
new,place,Seint Merri,#SMPA-EG_censier_p221_c54_58,SMPA-EG_censier_0054,
new,place,Seint Denis,#SMPA-EG_censier_p221_c54_58,SMPA-EG_censier_0054,
new,person,Richart des Polies,#SMPA-EG_censier_p222_c54_66,SMPA-EG_censier_0054,
new,place,Seint Denis du Vau,#SMPA-EG_censier_p222_c54_66,SMPA-EG_censier_0054,
new,person,Guilleume Bordo,#SMPA-EG_censier_p222_c54_66,SMPA-EG_censier_0054,
new,person,Jehan Poislaysne,#SMPA-EG_censier_p222_c54_66,SMPA-EG_censier_0054,
new,person,Estienne de Monteigne,#SMPA-EG_censier_p222_c54_66,SMPA-EG_censier_0054,
new,place,Seint Merri,#SMPA-EG_censier_p222_c54_66,SMPA-EG_censier_0054,
new,place,Seint Denis,#SMPA-EG_censier_p222_c54_66,SMPA-EG_censier_0054,
new,place,Seinte Katherine,#SMPA-EG_censier_p222_c54_66,SMPA-EG_censier_0054,
new,place,Seint Ladre,#SMPA-EG_censier_p222_c54_66,SMPA-EG_censier_0054,
exact_multi,person,Agnes,#SMPA-EG_censier_p222_c54_66,SMPA-EG_censier_0054,SAPC-AB_rs_0045 :: Agnes | SAPC-AB_rs_0046 :: Agnes | SAPC-AB_rs_0048 :: Agnes | SAPC-AB_rs_0049 :: Agnes | SAPC-AB_rs_0050 :: Agnes | SAPC-AB_rs_0051 :: Agnes | SAPC-AB_rs_0052 :: Agnes | SAPC-AB_rs_0053 :: Agnes | SAPC-AB_rs_0054 :: Agnes | SAPC-AB_rs_0056 :: Agnes | SAPC-AB_rs_0058 :: Agnes | SAPC-AB_rs_0059 :: Agnes | SAPC-AB_rs_0060 :: Agnes | SAPC-AB_rs_0063 :: Agnes | SMPA-AB-02_rs_0025 :: † Agnes | SMPA-AB-03_rs_0013 :: Agnés
new,person,Adam Aranc,#SMPA-EG_censier_p222_c54_66,SMPA-EG_censier_0054,
new,place,Seint Merri,#SMPA-EG_censier_p222_c54_66,SMPA-EG_censier_0054,
new,person,Jehan de Devisze,#SMPA-EG_censier_p222_c54_66,SMPA-EG_censier_0054,
exact_multi,person,Jehan,#SMPA-EG_censier_p222_c54_66,SMPA-EG_censier_0054,HDPAR-HD_rs_3297 :: Jehan | SMPA-AB-03_rs_1969 :: Jehan…
new,person,Jehan Russel,#SMPA-EG_censier_p223_c54_72,SMPA-EG_censier_0054,
new,person,Yve,#SMPA-EG_censier_p223_c54_72,SMPA-EG_censier_0054,
new,place,Saint Merry de Paris,#SMPA-EG_censier_p223_c54_72,SMPA-EG_censier_0054,
exact_multi,person,Jehan,#SMPA-EG_censier_p223_c54_72,SMPA-EG_censier_0054,HDPAR-HD_rs_3297 :: Jehan | SMPA-AB-03_rs_1969 :: Jehan…
new,person,Andrieu de Villenes,#SMPA-EG_censier_p223_c54_72,SMPA-EG_censier_0054,
exact_multi,person,Jehan,#SMPA-EG_censier_p223_c54_72,SMPA-EG_censier_0054,HDPAR-HD_rs_3297 :: Jehan | SMPA-AB-03_rs_1969 :: Jehan…
new,place,Seint Remi,#SMPA-EG_censier_p223_c55,SMPA-EG_censier_0055,
new,place,Encloistre,#SMPA-EG_censier_p223_c55,SMPA-EG_censier_0055,
new,place,Encloistre,#SMPA-EG_censier_p223_c55,SMPA-EG_censier_0055,
new,person,Nicholaus de Rosay,#SMPA-EG_censier_p223_c55,SMPA-EG_censier_0055,
new,person,Jaque,#SMPA-EG_censier_p223_c55,SMPA-EG_censier_0055,
new,person,Jehan de Montegni,#SMPA-EG_censier_p223_c55,SMPA-EG_censier_0055,
new,place,Seint Germain,#SMPA-EG_censier_p224_c55_9,SMPA-EG_censier_0055,
new,person,Basile,#SMPA-EG_censier_p224_c55_9,SMPA-EG_censier_0055,
new,person,Guilleume Guillot,#SMPA-EG_censier_p224_c56,SMPA-EG_censier_0056,
new,person,Aden Olivier,#SMPA-EG_censier_p224_c56,SMPA-EG_censier_0056,
new,person,Guilleume Olivier,#SMPA-EG_censier_p224_c56,SMPA-EG_censier_0056,
new,person,Guilleume Guillot de Darenci,#SMPA-EG_censier_p224_c56,SMPA-EG_censier_0056,
new,person,Guilleume Olivier,#SMPA-EG_censier_p224_c56,SMPA-EG_censier_0056,
new,person,Guilleume Guillot,#SMPA-EG_censier_p224_c56,SMPA-EG_censier_0056,
new,person,Adam Boulart de Darenci,#SMPA-EG_censier_p224_c56,SMPA-EG_censier_0056,
new,person,Jehan Chevalier de Darenci,#SMPA-EG_censier_p224_c56,SMPA-EG_censier_0056,
new,person,Jehan le Normant,#SMPA-EG_censier_p224_c56,SMPA-EG_censier_0056,
new,person,Jehan le Breton,#SMPA-EG_censier_p225_c56_9,SMPA-EG_censier_0056,
new,person,Jehan Boitvin,#SMPA-EG_censier_p225_c56_9,SMPA-EG_censier_0056,
new,person,Guilleume Guillot,#SMPA-EG_censier_p225_c56_9,SMPA-EG_censier_0056,
new,person,Jehan Aulart de Darenci,#SMPA-EG_censier_p225_c56_9,SMPA-EG_censier_0056,
new,place,Encloistre,#SMPA-EG_censier_p225_c58,SMPA-EG_censier_0058,
new,place,Seint Merri,#SMPA-EG_censier_p225_c58,SMPA-EG_censier_0058,
new,person,Nicholaus de Rosai,#SMPA-EG_censier_p225_c58,SMPA-EG_censier_0058,
new,person,Jaque de Columbiers,#SMPA-EG_censier_p225_c58,SMPA-EG_censier_0058,
new,person,Estiene de Suci,#SMPA-EG_censier_p225_c58,SMPA-EG_censier_0058,
new,person,Jehan de Dueul,#SMPA-EG_censier_p225_c58,SMPA-EG_censier_0058,
new,person,Guilleume Langlois,#SMPA-EG_censier_p225_c58,SMPA-EG_censier_0058,
new,person,Geufroi le Madelinier,#SMPA-EG_censier_p225_c58,SMPA-EG_censier_0058,
new,person,Basile,#SMPA-EG_censier_p225_c58,SMPA-EG_censier_0058,
new,place,Encloistre,#SMPA-EG_censier_p225_c58,SMPA-EG_censier_0058,
new,person,Guilleume le Clerc,#SMPA-EG_censier_p225_c58,SMPA-EG_censier_0058,
new,person,Heude le Queuc,#SMPA-EG_censier_p225_c58,SMPA-EG_censier_0058,
new,person,Estiene,#SMPA-EG_censier_p225_c58,SMPA-EG_censier_0058,
new,person,Andriu Quenel,#SMPA-EG_censier_p226_c58_16,SMPA-EG_censier_0058,
new,place,Seint Martin,#SMPA-EG_censier_p226_c59,SMPA-EG_censier_0059,
new,place,Symon Franc,#SMPA-EG_censier_p226_c59,SMPA-EG_censier_0059,
new,person,Maci Pizdoe,#SMPA-EG_censier_p226_c59,SMPA-EG_censier_0059,
new,person,Rogier du Fruit le Roy,#SMPA-EG_censier_p226_c59,SMPA-EG_censier_0059,
exact_multi,person,Jehan,#SMPA-EG_censier_p226_c59,SMPA-EG_censier_0059,HDPAR-HD_rs_3297 :: Jehan | SMPA-AB-03_rs_1969 :: Jehan…
new,person,Jehan de Vanves,#SMPA-EG_censier_p226_c59,SMPA-EG_censier_0059,
new,person,Guilleume de Loviers,#SMPA-EG_censier_p226_c59,SMPA-EG_censier_0059,
new,person,Jehan Viel,#SMPA-EG_censier_p226_c59,SMPA-EG_censier_0059,
new,person,Guilleume de Freines,#SMPA-EG_censier_p226_c59,SMPA-EG_censier_0059,
new,person,Jaque,#SMPA-EG_censier_p226_c59,SMPA-EG_censier_0059,
new,person,Jehan le Bodinier,#SMPA-EG_censier_p226_c59,SMPA-EG_censier_0059,
new,person,Jehan le Bodinier,#SMPA-EG_censier_p226_c59,SMPA-EG_censier_0059,
new,person,Maci de Pierrefrite,#SMPA-EG_censier_p226_c59,SMPA-EG_censier_0059,
new,person,Richart des Polies,#SMPA-EG_censier_p226_c59,SMPA-EG_censier_0059,
new,person,Maci de Pierrefrite,#SMPA-EG_censier_p226_c59,SMPA-EG_censier_0059,
new,person,Jehan le Romain,#SMPA-EG_censier_p226_c59,SMPA-EG_censier_0059,
new,person,Adam le Flamenc de Grive,#SMPA-EG_censier_p226_c59,SMPA-EG_censier_0059,
exact_multi,person,Thomas,#SMPA-EG_censier_p227_c60,SMPA-EG_censier_0060,SMPA-AB-01_rs_2439 :: Thomas | HDPAR-HD_rs_6732 :: Thomas | HDPAR-HD_rs_6770 :: Thomas | STEP-AB_rs_0551 :: Thomas
new,person,Jehan Poian,#SMPA-EG_censier_p227_c60,SMPA-EG_censier_0060,
new,person,Estiene de Conches,#SMPA-EG_censier_p227_c60,SMPA-EG_censier_0060,
new,person,Estiene,#SMPA-EG_censier_p227_c60,SMPA-EG_censier_0060,
new,person,Michiel Boulengier,#SMPA-EG_censier_p227_c60,SMPA-EG_censier_0060,
new,person,Jehan Michiel,#SMPA-EG_censier_p227_c60,SMPA-EG_censier_0060,
new,person,Guilleume Thoumas,#SMPA-EG_censier_p227_c60,SMPA-EG_censier_0060,
new,person,Margarite le Boulangiere,#SMPA-EG_censier_p227_c60,SMPA-EG_censier_0060,
new,person,Ysabieu,#SMPA-EG_censier_p227_c60,SMPA-EG_censier_0060,
new,person,Jehan de Sezane,#SMPA-EG_censier_p227_c61,SMPA-EG_censier_0061,
new,person,Aden le Derame,#SMPA-EG_censier_p227_c61,SMPA-EG_censier_0061,
new,person,Jehan le Potier,#SMPA-EG_censier_p228_c62_4,SMPA-EG_censier_0062,
new,person,Jehan de Peirone,#SMPA-EG_censier_p228_c62_4,SMPA-EG_censier_0062,
new,person,Ernoul le Pelerin,#SMPA-EG_censier_p228_c62_4,SMPA-EG_censier_0062,
new,place,Biaubourc,#SMPA-EG_censier_p228_c63,SMPA-EG_censier_0063,
new,person,Robert de Corbuell,#SMPA-EG_censier_p228_c63,SMPA-EG_censier_0063,
new,person,Jehan de Rouan,#SMPA-EG_censier_p228_c63,SMPA-EG_censier_0063,
new,person,Guillaume Quinenier,#SMPA-EG_censier_p228_c63,SMPA-EG_censier_0063,
new,person,Phelippe de Limoges,#SMPA-EG_censier_p228_c63,SMPA-EG_censier_0063,
new,person,Jehan Bobelin,#SMPA-EG_censier_p228_c64,SMPA-EG_censier_0064,
new,person,Richart le Charpentier,#SMPA-EG_censier_p228_c64,SMPA-EG_censier_0064,
new,person,Marguerite la Parierre,#SMPA-EG_censier_p228_c64,SMPA-EG_censier_0064,
new,person,Richart Grisillon,#SMPA-EG_censier_p228_c65,SMPA-EG_censier_0065,
new,place,Symon Franc,#SMPA-EG_censier_p229_c66,SMPA-EG_censier_0066,
new,person,Estiene le Gros,#SMPA-EG_censier_p229_c66,SMPA-EG_censier_0066,
new,person,Jaque le Breton,#SMPA-EG_censier_p229_c66,SMPA-EG_censier_0066,
exact_multi,person,Jehan,#SMPA-EG_censier_p229_c66,SMPA-EG_censier_0066,HDPAR-HD_rs_3297 :: Jehan | SMPA-AB-03_rs_1969 :: Jehan…
new,place,Seint Merri,#SMPA-EG_censier_p229_c66,SMPA-EG_censier_0066,
new,person,Simon de Denmertin,#SMPA-EG_censier_p229_c66,SMPA-EG_censier_0066,
new,place,Seint Denis,#SMPA-EG_censier_p229_c66,SMPA-EG_censier_0066,
new,person,Estiene de Nuef Chastieu,#SMPA-EG_censier_p229_c66,SMPA-EG_censier_0066,
new,person,Jehan Velut,#SMPA-EG_censier_p229_c66,SMPA-EG_censier_0066,
new,person,Jehan Bolin,#SMPA-EG_censier_p229_c66,SMPA-EG_censier_0066,
new,place,Guilleume Espaulart,#SMPA-EG_censier_p229_c67,SMPA-EG_censier_0067,
new,place,Pierre Aulart,#SMPA-EG_censier_p229_c67,SMPA-EG_censier_0067,
new,person,Ancel de Morgenvel,#SMPA-EG_censier_p229_c67,SMPA-EG_censier_0067,
new,place,Lambert de Chielle,#SMPA-EG_censier_p229_c68,SMPA-EG_censier_0068,
new,person,Geufroy de Saveny,#SMPA-EG_censier_p229_c68,SMPA-EG_censier_0068,
new,place,Seint Anthoine,#SMPA-EG_censier_p230_c69,SMPA-EG_censier_0069,
new,place,Seinte Katherine,#SMPA-EG_censier_p230_c70,SMPA-EG_censier_0070,
new,place,Seint Jaque,#SMPA-EG_censier_p230_c71,SMPA-EG_censier_0071,
new,place,Seint Jaques,#SMPA-EG_censier_p230_c71,SMPA-EG_censier_0071,
new,person,Jaque,#SMPA-EG_censier_p230_c71,SMPA-EG_censier_0071,
new,person,Maci de Montfleurain,#SMPA-EG_censier_p230_c71,SMPA-EG_censier_0071,
new,person,Marie,#SMPA-EG_censier_p230_c72,SMPA-EG_censier_0072,
new,person,Jehan Rouciau,#SMPA-EG_censier_p230_c72,SMPA-EG_censier_0072,
exact_multi,place,Saint Denis,#SMPA-EG_censier_p230_c73,SMPA-EG_censier_0073,SMPA-AB-03_rs_3281 :: Saint-Denis | SMPA-AB-03_rs_3282 :: Saint-Denis | SMPA-AB-03_rs_3283 :: Saint-Denis | SMPA-AB-03_rs_3284 :: Saint-Denis | SMPA-AB-03_rs_3285 :: Saint-Denis | SMPA-AB-03_rs_3287 :: Saint-Denis
new,person,Jehan le Coc,#SMPA-EG_censier_p230_c73,SMPA-EG_censier_0073,
new,person,Jehan Qussac,#SMPA-EG_censier_p230_c73,SMPA-EG_censier_0073,
new,place,Seint Merri,#SMPA-EG_censier_p231_c74,SMPA-EG_censier_0074,
new,place,Seint Martin,#SMPA-EG_censier_p231_c74,SMPA-EG_censier_0074,
new,person,Guilleume,#SMPA-EG_censier_p231_c74,SMPA-EG_censier_0074,
new,person,Jehan de Champiaus,#SMPA-EG_censier_p231_c74,SMPA-EG_censier_0074,
new,person,Guilleume Gales,#SMPA-EG_censier_p231_c74,SMPA-EG_censier_0074,
new,person,Henri du Presseur,#SMPA-EG_censier_p231_c74,SMPA-EG_censier_0074,
new,place,Encloistre,#SMPA-EG_censier_p231_c75,SMPA-EG_censier_0075,
new,person,Girart de Cul,#SMPA-EG_censier_p231_c75,SMPA-EG_censier_0075,
new,person,Jaque de Columbiers,#SMPA-EG_censier_p231_c75,SMPA-EG_censier_0075,
new,person,Jehan de Montegni,#SMPA-EG_censier_p231_c75,SMPA-EG_censier_0075,
new,place,Seint Denis,#SMPA-EG_censier_p232_c76,SMPA-EG_censier_0076,
new,place,Seint Innocent,#SMPA-EG_censier_p232_c76,SMPA-EG_censier_0076,
new,place,Aubert le Bouchier,#SMPA-EG_censier_p232_c76,SMPA-EG_censier_0076,
new,person,Jehan le Gales,#SMPA-EG_censier_p232_c76,SMPA-EG_censier_0076,
new,person,Jaque le Chapellier,#SMPA-EG_censier_p232_c76,SMPA-EG_censier_0076,
new,person,Marie le Cordiere,#SMPA-EG_censier_p232_c76,SMPA-EG_censier_0076,
new,person,Jaque,#SMPA-EG_censier_p232_c76,SMPA-EG_censier_0076,
exact_multi,person,Jehan,#SMPA-EG_censier_p232_c76,SMPA-EG_censier_0076,HDPAR-HD_rs_3297 :: Jehan | SMPA-AB-03_rs_1969 :: Jehan…
new,place,Seint Germain,#SMPA-EG_censier_p232_c76,SMPA-EG_censier_0076,
new,person,Andri Poucheron,#SMPA-EG_censier_p232_c76,SMPA-EG_censier_0076,
new,person,Jehan Pocheron,#SMPA-EG_censier_p232_c76,SMPA-EG_censier_0076,
new,person,Rogier le Mareschal,#SMPA-EG_censier_p232_c76,SMPA-EG_censier_0076,
exact_multi,person,Jehan,#SMPA-EG_censier_p232_c76,SMPA-EG_censier_0076,HDPAR-HD_rs_3297 :: Jehan | SMPA-AB-03_rs_1969 :: Jehan…
new,person,Jehan Qussac,#SMPA-EG_censier_p232_c76,SMPA-EG_censier_0076,
new,person,Jehan Qussac,#SMPA-EG_censier_p232_c76,SMPA-EG_censier_0076,
exact_multi,person,Jehan,#SMPA-EG_censier_p232_c76,SMPA-EG_censier_0076,HDPAR-HD_rs_3297 :: Jehan | SMPA-AB-03_rs_1969 :: Jehan…
new,person,Thomas de Meuns,#SMPA-EG_censier_p232_c76,SMPA-EG_censier_0076,
new,person,Thomas de Meuns,#SMPA-EG_censier_p233_c76_7,SMPA-EG_censier_0076,
new,person,Jehan Cussac,#SMPA-EG_censier_p233_c76_7,SMPA-EG_censier_0076,
new,person,Heude Mainche-Veire,#SMPA-EG_censier_p233_c76_7,SMPA-EG_censier_0076,
new,person,Jehan de Lyons,#SMPA-EG_censier_p233_c76_7,SMPA-EG_censier_0076,
new,place,Seint Jaque,#SMPA-EG_censier_p233_c76_7,SMPA-EG_censier_0076,
new,person,Heude Meinche-Veire,#SMPA-EG_censier_p233_c76_7,SMPA-EG_censier_0076,
new,person,Jehan de Lions,#SMPA-EG_censier_p233_c76_7,SMPA-EG_censier_0076,
new,place,Seint Jaque,#SMPA-EG_censier_p233_c76_7,SMPA-EG_censier_0076,
new,person,Thomas de Meuns,#SMPA-EG_censier_p233_c76_7,SMPA-EG_censier_0076,
new,person,Jehan Deys,#SMPA-EG_censier_p233_c76_7,SMPA-EG_censier_0076,
new,place,Seint Merri,#SMPA-EG_censier_p233_c76_7,SMPA-EG_censier_0076,
new,person,Jehan Deys,#SMPA-EG_censier_p233_c76_7,SMPA-EG_censier_0076,
new,person,Jehan Deys,#SMPA-EG_censier_p233_c76_7,SMPA-EG_censier_0076,
new,person,Jehan le Gales,#SMPA-EG_censier_p233_c76_7,SMPA-EG_censier_0076,
exact_multi,person,Jehan,#SMPA-EG_censier_p233_c76_7,SMPA-EG_censier_0076,HDPAR-HD_rs_3297 :: Jehan | SMPA-AB-03_rs_1969 :: Jehan…
new,person,Girart Daudieu,#SMPA-EG_censier_p233_c76_7,SMPA-EG_censier_0076,
new,person,Jehan le Guales,#SMPA-EG_censier_p233_c76_7,SMPA-EG_censier_0076,
new,person,Jehan Cussac,#SMPA-EG_censier_p233_c76_7,SMPA-EG_censier_0076,
new,person,Jaque,#SMPA-EG_censier_p233_c76_7,SMPA-EG_censier_0076,
new,person,Erembourc,#SMPA-EG_censier_p233_c76_7,SMPA-EG_censier_0076,
new,person,Marie le Chandeliere,#SMPA-EG_censier_p233_c76_7,SMPA-EG_censier_0076,
new,person,Henri des Nes,#SMPA-EG_censier_p234_c77,SMPA-EG_censier_0077,
new,place,Seint Merri,#SMPA-EG_censier_p234_c77,SMPA-EG_censier_0077,
new,place,Seint Ladre,#SMPA-EG_censier_p234_c77,SMPA-EG_censier_0077,
new,person,Henri des Nes,#SMPA-EG_censier_p234_c77,SMPA-EG_censier_0077,
new,person,Henri des Nes,#SMPA-EG_censier_p234_c77,SMPA-EG_censier_0077,
new,place,Seint Ladre,#SMPA-EG_censier_p234_c77,SMPA-EG_censier_0077,
new,place,Seint Merri,#SMPA-EG_censier_p234_c79,SMPA-EG_censier_0079,
new,person,Nicholaus de Rosai,#SMPA-EG_censier_p234_c79,SMPA-EG_censier_0079,
new,person,Ancel,#SMPA-EG_censier_p234_c79,SMPA-EG_censier_0079,
new,person,Basile,#SMPA-EG_censier_p234_c79,SMPA-EG_censier_0079,
new,person,Guilleume Langlois,#SMPA-EG_censier_p235_c79_8,SMPA-EG_censier_0079,
new,person,Geufroi le Madelinier,#SMPA-EG_censier_p235_c79_8,SMPA-EG_censier_0079,
new,person,Heude le Queusinier,#SMPA-EG_censier_p235_c79_8,SMPA-EG_censier_0079,
new,person,Estiene de Suci,#SMPA-EG_censier_p235_c79_8,SMPA-EG_censier_0079,
new,person,Richart le Garçon,#SMPA-EG_censier_p235_c79_8,SMPA-EG_censier_0079,
new,person,Jehan le Gros,#SMPA-EG_censier_p235_c79_8,SMPA-EG_censier_0079,
new,person,Hue le Madellinier,#SMPA-EG_censier_p235_c79_8,SMPA-EG_censier_0079,
new,person,Andriu Quenel,#SMPA-EG_censier_p235_c79_8,SMPA-EG_censier_0079,
new,person,Pierre Warroquier,#SMPA-EG_censier_p235_c79_8,SMPA-EG_censier_0079,
new,place,Seint Martin,#SMPA-EG_censier_p235_c80,SMPA-EG_censier_0080,
exact_multi,person,Jehan,#SMPA-EG_censier_p235_c80,SMPA-EG_censier_0080,HDPAR-HD_rs_3297 :: Jehan | SMPA-AB-03_rs_1969 :: Jehan…
exact_multi,person,Thomas,#SMPA-EG_censier_p235_c81,SMPA-EG_censier_0081,SMPA-AB-01_rs_2439 :: Thomas | HDPAR-HD_rs_6732 :: Thomas | HDPAR-HD_rs_6770 :: Thomas | STEP-AB_rs_0551 :: Thomas
new,person,Jehan Paian,#SMPA-EG_censier_p235_c81,SMPA-EG_censier_0081,
new,person,Estienne de Conches,#SMPA-EG_censier_p235_c81,SMPA-EG_censier_0081,
exact_multi,person,Adam,#SMPA-EG_censier_p235_c81,SMPA-EG_censier_0081,SAPC-AB_rs_0016 :: Adam | SCOR-EG_rs_0023 :: Adam
new,person,Estiene de Conches,#SMPA-EG_censier_p235_c81,SMPA-EG_censier_0081,
new,person,Robert de Paris,#SMPA-EG_censier_p235_c81,SMPA-EG_censier_0081,
new,person,Thomas le Chandellier,#SMPA-EG_censier_p235_c81,SMPA-EG_censier_0081,
new,person,Jehan Boulengier,#SMPA-EG_censier_p236_c81_6,SMPA-EG_censier_0081,
new,person,Daniel le Breto,#SMPA-EG_censier_p236_c82,SMPA-EG_censier_0082,
new,person,Baudoin le Riche,#SMPA-EG_censier_p236_c82,SMPA-EG_censier_0082,
new,person,Jehan de Sezanne,#SMPA-EG_censier_p236_c82,SMPA-EG_censier_0082,
new,place,Gieffre,#SMPA-EG_censier_p236_c83,SMPA-EG_censier_0083,
new,place,Biaubourc,#SMPA-EG_censier_p236_c83,SMPA-EG_censier_0083,
new,person,Yve des Pavellons,#SMPA-EG_censier_p236_c83,SMPA-EG_censier_0083,
new,person,Jehan le Potier,#SMPA-EG_censier_p236_c83,SMPA-EG_censier_0083,
exact_multi,person,Guillaume,#SMPA-EG_censier_p236_c83,SMPA-EG_censier_0083,SLES-PR_rs_0851 :: Guillaume | SMPA-AB-02_rs_1364 :: Guillaume | SMPA-AB-02_rs_1369 :: Guillaume | SMPA-AB-03_rs_1785 :: Guillaume | SMPA-AB-03_rs_1786 :: Guillaume | SMPA-EG_rs_0752 :: Guillaume
new,person,Thomas le Fundeur,#SMPA-EG_censier_p236_c83,SMPA-EG_censier_0083,
exact_multi,person,Guillaume,#SMPA-EG_censier_p236_c83,SMPA-EG_censier_0083,SLES-PR_rs_0851 :: Guillaume | SMPA-AB-02_rs_1364 :: Guillaume | SMPA-AB-02_rs_1369 :: Guillaume | SMPA-AB-03_rs_1785 :: Guillaume | SMPA-AB-03_rs_1786 :: Guillaume | SMPA-EG_rs_0752 :: Guillaume
new,person,Jehan de Peirone,#SMPA-EG_censier_p236_c83,SMPA-EG_censier_0083,
new,place,Seint Estiene,#SMPA-EG_censier_p236_c83,SMPA-EG_censier_0083,
new,place,Biaubourc,#SMPA-EG_censier_p236_c84,SMPA-EG_censier_0084,
new,person,Robert de Corbuelh,#SMPA-EG_censier_p236_c84,SMPA-EG_censier_0084,
new,person,Richart Gresillon,#SMPA-EG_censier_p237_c84_6,SMPA-EG_censier_0084,
new,person,Jehan de Rouan,#SMPA-EG_censier_p237_c85,SMPA-EG_censier_0085,
new,person,Jehane la Charbonniere,#SMPA-EG_censier_p237_c85,SMPA-EG_censier_0085,
new,place,Symon Franc,#SMPA-EG_censier_p237_c86,SMPA-EG_censier_0086,
new,person,Estiene le Gros,#SMPA-EG_censier_p237_c86,SMPA-EG_censier_0086,
exact_multi,person,Jehan,#SMPA-EG_censier_p237_c86,SMPA-EG_censier_0086,HDPAR-HD_rs_3297 :: Jehan | SMPA-AB-03_rs_1969 :: Jehan…
new,person,Jaque le Breto,#SMPA-EG_censier_p237_c86,SMPA-EG_censier_0086,
new,person,Simon de Denmertin,#SMPA-EG_censier_p237_c86,SMPA-EG_censier_0086,
new,place,Seint Denis,#SMPA-EG_censier_p237_c86,SMPA-EG_censier_0086,
new,person,Estiene de Neuf Chastieu,#SMPA-EG_censier_p237_c86,SMPA-EG_censier_0086,
new,person,Jehan du Neuf Catel,#SMPA-EG_censier_p237_c86,SMPA-EG_censier_0086,
exact_multi,person,Jehan,#SMPA-EG_censier_p237_c86,SMPA-EG_censier_0086,HDPAR-HD_rs_3297 :: Jehan | SMPA-AB-03_rs_1969 :: Jehan…
new,person,Jehan Belin,#SMPA-EG_censier_p237_c86,SMPA-EG_censier_0086,
new,place,Seint Leu,#SMPA-EG_censier_p237_c86,SMPA-EG_censier_0086,
new,place,Guilleume Espaulart,#SMPA-EG_censier_p237_c87,SMPA-EG_censier_0087,
new,place,Lambert de Chielle,#SMPA-EG_censier_p238_c89,SMPA-EG_censier_0089,
new,person,Jehan de Chielle,#SMPA-EG_censier_p238_c89,SMPA-EG_censier_0089,
new,person,Geufroi de Saveni,#SMPA-EG_censier_p238_c89,SMPA-EG_censier_0089,
new,place,Seint Anthoine,#SMPA-EG_censier_p238_c90,SMPA-EG_censier_0090,
new,place,Seinte Katherine,#SMPA-EG_censier_p238_c91,SMPA-EG_censier_0091,
new,place,Seint Jaque,#SMPA-EG_censier_p238_c92,SMPA-EG_censier_0092,
new,place,Seint Jaques,#SMPA-EG_censier_p238_c92,SMPA-EG_censier_0092,
new,person,Jaque,#SMPA-EG_censier_p238_c92,SMPA-EG_censier_0092,
new,person,Jehan Poillevilain,#SMPA-EG_censier_p238_c92,SMPA-EG_censier_0092,
new,person,Maci de Montévrain,#SMPA-EG_censier_p238_c92,SMPA-EG_censier_0092,
new,person,Marie,#SMPA-EG_censier_p238_c93,SMPA-EG_censier_0093,
new,person,Jehan Rouciau,#SMPA-EG_censier_p238_c93,SMPA-EG_censier_0093,
new,place,Seint Denis,#SMPA-EG_censier_p239_c94,SMPA-EG_censier_0094,
new,place,Seint Merri,#SMPA-EG_censier_p239_c95,SMPA-EG_censier_0095,
new,place,Seint Martin,#SMPA-EG_censier_p239_c95,SMPA-EG_censier_0095,
new,person,Guilleume,#SMPA-EG_censier_p239_c95,SMPA-EG_censier_0095,
new,person,Jehan de Champiaus,#SMPA-EG_censier_p239_c95,SMPA-EG_censier_0095,
new,place,Seinte Katherine,#SMPA-EG_censier_p239_c95,SMPA-EG_censier_0095,
new,person,Guilleume Gales,#SMPA-EG_censier_p239_c95,SMPA-EG_censier_0095,
new,person,Henri du Presseur,#SMPA-EG_censier_p239_c95,SMPA-EG_censier_0095,
new,place,Seint Germain,#SMPA-EG_censier_p239_c96,SMPA-EG_censier_0096,
new,place,Seint Germain,#SMPA-EG_censier_p239_c96,SMPA-EG_censier_0096,
new,person,Guillaume de Dreueus,#SMPA-EG_censier_p239_c96,SMPA-EG_censier_0096,
new,place,Encloistre,#SMPA-EG_censier_p239_c97,SMPA-EG_censier_0097,
new,person,Jehan de Montegni,#SMPA-EG_censier_p240_c97_6,SMPA-EG_censier_0097,
new,place,Seint Germain,#SMPA-EG_censier_p240_c97_6,SMPA-EG_censier_0097,
new,place,Seint Martin,#SMPA-EG_censier_p240_c98,SMPA-EG_censier_0098,
new,place,Seint Martin,#SMPA-EG_censier_p240_c98,SMPA-EG_censier_0098,
new,place,Seint Denis,#SMPA-EG_censier_p240_c98,SMPA-EG_censier_0098,
new,person,Jehan Langlois,#SMPA-EG_censier_p240_c98,SMPA-EG_censier_0098,
new,place,Seint Martin,#SMPA-EG_censier_p240_c98,SMPA-EG_censier_0098,
new,person,Hervi,#SMPA-EG_censier_p240_c98,SMPA-EG_censier_0098,
new,place,Trinité,#SMPA-EG_censier_p240_c98,SMPA-EG_censier_0098,
new,place,Seint Martin de Pierre,#SMPA-EG_censier_p240_c98,SMPA-EG_censier_0098,
exact_multi,person,Robert,#SMPA-EG_censier_p240_c98,SMPA-EG_censier_0098,SCHA-PR_rs_465 :: Robert | SMPA-AB-02_rs_2703 :: Robert
new,person,Jehan le Convers,#SMPA-EG_censier_p240_c98,SMPA-EG_censier_0098,
new,place,Seint Denis,#SMPA-EG_censier_p240_c98,SMPA-EG_censier_0098,
new,person,Hervi,#SMPA-EG_censier_p240_c98,SMPA-EG_censier_0098,
new,place,Trinité,#SMPA-EG_censier_p240_c98,SMPA-EG_censier_0098,
new,person,Hervi,#SMPA-EG_censier_p240_c98,SMPA-EG_censier_0098,
new,place,Trinité,#SMPA-EG_censier_p240_c98,SMPA-EG_censier_0098,
new,place,Seint Ladre de Biauchamp,#SMPA-EG_censier_p240_c98,SMPA-EG_censier_0098,
new,place,Seint Martin des Champs,#SMPA-EG_censier_p241_c98_8,SMPA-EG_censier_0098,
new,place,Seint Martin,#SMPA-EG_censier_p241_c98_8,SMPA-EG_censier_0098,
new,place,Seint Martin,#SMPA-EG_censier_p241_c98_8,SMPA-EG_censier_0098,
new,person,Estiene Bonefille,#SMPA-EG_censier_p241_c98_8,SMPA-EG_censier_0098,
new,person,Lambert de Seint Lourens,#SMPA-EG_censier_p241_c98_8,SMPA-EG_censier_0098,
new,person,Erembourc de Seint Lourens,#SMPA-EG_censier_p241_c98_8,SMPA-EG_censier_0098,
new,place,Seint Martin des Champs,#SMPA-EG_censier_p241_c98_8,SMPA-EG_censier_0098,
new,place,Seint Jehan,#SMPA-EG_censier_p241_c100,SMPA-EG_censier_0100,
new,place,Encloistre,#SMPA-EG_censier_p241_c100,SMPA-EG_censier_0100,
new,person,Nicholaus de Rosai,#SMPA-EG_censier_p241_c100,SMPA-EG_censier_0100,
new,person,Jaque de Columbiers,#SMPA-EG_censier_p241_c100,SMPA-EG_censier_0100,
new,person,Estienne de Sucy,#SMPA-EG_censier_p241_c100,SMPA-EG_censier_0100,
new,person,Alain de Pontayse,#SMPA-EG_censier_p241_c100,SMPA-EG_censier_0100,
new,person,Jehan de Dueul,#SMPA-EG_censier_p241_c100,SMPA-EG_censier_0100,
new,person,Basile,#SMPA-EG_censier_p242_c100_11,SMPA-EG_censier_0100,
new,place,Encloistre,#SMPA-EG_censier_p242_c100_11,SMPA-EG_censier_0100,
new,person,Guilleume le Clerc,#SMPA-EG_censier_p242_c100_11,SMPA-EG_censier_0100,
new,person,Heude le Queusinier,#SMPA-EG_censier_p242_c100_11,SMPA-EG_censier_0100,
new,person,Estienne de Suci,#SMPA-EG_censier_p242_c100_11,SMPA-EG_censier_0100,
new,person,Richart le Garcon,#SMPA-EG_censier_p242_c100_11,SMPA-EG_censier_0100,
new,person,Andriu Quenel,#SMPA-EG_censier_p242_c100_11,SMPA-EG_censier_0100,
new,person,Pierre Warroquier,#SMPA-EG_censier_p242_c100_11,SMPA-EG_censier_0100,
new,place,Seint Martin,#SMPA-EG_censier_p242_c101,SMPA-EG_censier_0101,
new,place,Seint Merri,#SMPA-EG_censier_p242_c101,SMPA-EG_censier_0101,
exact_multi,person,Jehan,#SMPA-EG_censier_p242_c101,SMPA-EG_censier_0101,HDPAR-HD_rs_3297 :: Jehan | SMPA-AB-03_rs_1969 :: Jehan…
exact_multi,person,Thomas,#SMPA-EG_censier_p242_c102,SMPA-EG_censier_0102,SMPA-AB-01_rs_2439 :: Thomas | HDPAR-HD_rs_6732 :: Thomas | HDPAR-HD_rs_6770 :: Thomas | STEP-AB_rs_0551 :: Thomas
new,person,Jehan Paian,#SMPA-EG_censier_p242_c102,SMPA-EG_censier_0102,
new,person,Michiel le Boulengier,#SMPA-EG_censier_p242_c102,SMPA-EG_censier_0102,
new,person,Estiene de Conches,#SMPA-EG_censier_p242_c102,SMPA-EG_censier_0102,
new,person,Aden,#SMPA-EG_censier_p242_c102,SMPA-EG_censier_0102,
new,person,Estiene de Conches,#SMPA-EG_censier_p242_c102,SMPA-EG_censier_0102,
new,person,Guillaume Thomas,#SMPA-EG_censier_p242_c102,SMPA-EG_censier_0102,
new,person,Jehan Boulengier,#SMPA-EG_censier_p242_c102,SMPA-EG_censier_0102,
new,place,Symon Franc,#SMPA-EG_censier_p243_c103,SMPA-EG_censier_0103,
new,person,Daniel le Breto,#SMPA-EG_censier_p243_c103,SMPA-EG_censier_0103,
new,person,Baudoin le Riche,#SMPA-EG_censier_p243_c103,SMPA-EG_censier_0103,
new,person,Jehan de Sezanne,#SMPA-EG_censier_p243_c103,SMPA-EG_censier_0103,
new,place,Gieffre,#SMPA-EG_censier_p243_c104,SMPA-EG_censier_0104,
new,person,Yve des Pavellons,#SMPA-EG_censier_p243_c104,SMPA-EG_censier_0104,
new,person,Jehan le Potier,#SMPA-EG_censier_p243_c104,SMPA-EG_censier_0104,
new,person,Thomas le Fundeeur,#SMPA-EG_censier_p243_c104,SMPA-EG_censier_0104,
new,person,Jehan de Peirone,#SMPA-EG_censier_p243_c104,SMPA-EG_censier_0104,
new,person,Guilleume le Potier,#SMPA-EG_censier_p243_c104,SMPA-EG_censier_0104,
new,place,Biaubourc,#SMPA-EG_censier_p243_c105,SMPA-EG_censier_0105,
new,person,Robert de Corbuelh,#SMPA-EG_censier_p243_c105,SMPA-EG_censier_0105,
new,person,Phelippe de Limoges,#SMPA-EG_censier_p243_c105,SMPA-EG_censier_0105,
new,person,Guillaume Quoquiere,#SMPA-EG_censier_p243_c105,SMPA-EG_censier_0105,
exact_multi,person,Jehan,#SMPA-EG_censier_p243_c105,SMPA-EG_censier_0105,HDPAR-HD_rs_3297 :: Jehan | SMPA-AB-03_rs_1969 :: Jehan…
new,person,Richart le Charpentier,#SMPA-EG_censier_p244_c106,SMPA-EG_censier_0106,
new,person,Richart Gresillon,#SMPA-EG_censier_p244_c106,SMPA-EG_censier_0106,
new,place,Symon Franc,#SMPA-EG_censier_p244_c107,SMPA-EG_censier_0107,
new,person,Estiene le Gros,#SMPA-EG_censier_p244_c107,SMPA-EG_censier_0107,
new,person,Jaque le Breton,#SMPA-EG_censier_p244_c107,SMPA-EG_censier_0107,
exact_multi,person,Jehan,#SMPA-EG_censier_p244_c107,SMPA-EG_censier_0107,HDPAR-HD_rs_3297 :: Jehan | SMPA-AB-03_rs_1969 :: Jehan…
new,person,Simon de Damertin,#SMPA-EG_censier_p244_c107,SMPA-EG_censier_0107,
new,place,Seint Denis,#SMPA-EG_censier_p244_c107,SMPA-EG_censier_0107,
new,person,Estiene de Nuef Chastieu,#SMPA-EG_censier_p244_c107,SMPA-EG_censier_0107,
exact_multi,person,Jehan,#SMPA-EG_censier_p244_c107,SMPA-EG_censier_0107,HDPAR-HD_rs_3297 :: Jehan | SMPA-AB-03_rs_1969 :: Jehan…
exact_multi,person,Emeline,#SMPA-EG_censier_p244_c107,SMPA-EG_censier_0107,SMPA-AB-03_rs_1292 :: Emeline | SMPA-EG_rs_0510 :: Emeline
new,person,Erembourc de Saint-Lo,#SMPA-EG_censier_p244_c107,SMPA-EG_censier_0107,
new,person,Jehan le Velut,#SMPA-EG_censier_p244_c107,SMPA-EG_censier_0107,
new,person,Jehan Belin,#SMPA-EG_censier_p244_c107,SMPA-EG_censier_0107,
new,place,Guilleume Espaulart,#SMPA-EG_censier_p245_c108,SMPA-EG_censier_0108,
new,place,Pierre Aulart,#SMPA-EG_censier_p245_c108,SMPA-EG_censier_0108,
new,place,Lambert de Chielle,#SMPA-EG_censier_p245_c109,SMPA-EG_censier_0109,
new,person,Geufroi de Saveni,#SMPA-EG_censier_p245_c109,SMPA-EG_censier_0109,
new,person,Jehan de Chielle,#SMPA-EG_censier_p245_c109,SMPA-EG_censier_0109,
new,person,Geufroi de Saveni,#SMPA-EG_censier_p245_c109,SMPA-EG_censier_0109,
new,place,Seint Merri,#SMPA-EG_censier_p245_c111,SMPA-EG_censier_0111,
new,place,Seinte Katherine,#SMPA-EG_censier_p245_c111,SMPA-EG_censier_0111,
new,place,Seint Jaque,#SMPA-EG_censier_p245_c112,SMPA-EG_censier_0112,
new,person,Margarite,#SMPA-EG_censier_p245_c112,SMPA-EG_censier_0112,
new,person,Jehan le Tays,#SMPA-EG_censier_p245_c112,SMPA-EG_censier_0112,
new,person,Marie,#SMPA-EG_censier_p245_c112,SMPA-EG_censier_0112,
new,place,Seint Jaques,#SMPA-EG_censier_p245_c112,SMPA-EG_censier_0112,
new,person,Jaque,#SMPA-EG_censier_p245_c112,SMPA-EG_censier_0112,
new,person,Marie,#SMPA-EG_censier_p245_c113,SMPA-EG_censier_0113,
new,person,Jehan Rouciau,#SMPA-EG_censier_p245_c113,SMPA-EG_censier_0113,
new,place,Seint Denis,#SMPA-EG_censier_p246_c114,SMPA-EG_censier_0114,
new,person,Jehan Qussac,#SMPA-EG_censier_p246_c114,SMPA-EG_censier_0114,
exact_multi,person,Guillaume,#SMPA-EG_censier_p246_c114,SMPA-EG_censier_0114,SLES-PR_rs_0851 :: Guillaume | SMPA-AB-02_rs_1364 :: Guillaume | SMPA-AB-02_rs_1369 :: Guillaume | SMPA-AB-03_rs_1785 :: Guillaume | SMPA-AB-03_rs_1786 :: Guillaume | SMPA-EG_rs_0752 :: Guillaume
new,place,Seint Merri,#SMPA-EG_censier_p246_c115,SMPA-EG_censier_0115,
new,place,Seint Merri,#SMPA-EG_censier_p246_c115,SMPA-EG_censier_0115,
new,place,Seint Martin,#SMPA-EG_censier_p246_c115,SMPA-EG_censier_0115,
new,person,Guilleume,#SMPA-EG_censier_p246_c115,SMPA-EG_censier_0115,
new,place,Seint Merri,#SMPA-EG_censier_p246_c115,SMPA-EG_censier_0115,
new,place,Seint Martin,#SMPA-EG_censier_p246_c115,SMPA-EG_censier_0115,
new,person,Jehan de Champiaus,#SMPA-EG_censier_p246_c115,SMPA-EG_censier_0115,
new,place,Seinte Katherine,#SMPA-EG_censier_p246_c115,SMPA-EG_censier_0115,
new,person,Guilleume Gales,#SMPA-EG_censier_p246_c115,SMPA-EG_censier_0115,
new,person,Henri du Pressoeur,#SMPA-EG_censier_p246_c115,SMPA-EG_censier_0115,
new,person,Guillaume de Dreueus,#SMPA-EG_censier_p246_c115,SMPA-EG_censier_0115,
new,place,Seint Germain,#SMPA-EG_censier_p246_c116,SMPA-EG_censier_0116,
new,place,Seint Germain,#SMPA-EG_censier_p246_c116,SMPA-EG_censier_0116,
new,place,Chastellet,#SMPA-EG_censier_p246_c117,SMPA-EG_censier_0117,
new,place,Chastellet,#SMPA-EG_censier_p246_c117,SMPA-EG_censier_0117,
new,place,Seint Merry de Paris,#SMPA-EG_censier_p247_c118,SMPA-EG_censier_0118,
new,place,Seint Jehan,#SMPA-EG_censier_p247_c118,SMPA-EG_censier_0118,
new,place,Seint Remy,#SMPA-EG_censier_p247_c118,SMPA-EG_censier_0118,
new,place,Symon le Franc,#SMPA-EG_censier_p247_c118,SMPA-EG_censier_0118,
new,person,Jehan le Pasticier,#SMPA-EG_censier_p247_c118,SMPA-EG_censier_0118,
new,place,Chastellet,#SMPA-EG_censier_p247_c118,SMPA-EG_censier_0118,
exact_multi,person,Pierre,#SMPA-EG_censier_p247_c118,SMPA-EG_censier_0118,HDPAR-HD_rs_5538 :: Pierre | NDPR-AB_rs_0680 :: Pierre | SLES-PR_rs_1270 :: Pierre | SMPA-AB-03_rs_2858 :: Pierre | STEP-AB_rs_0251 :: Pierre
new,place,Seint Jehan,#SMPA-EG_censier_p248_c119,SMPA-EG_censier_0119,
new,place,Encloistre,#SMPA-EG_censier_p248_c119,SMPA-EG_censier_0119,
new,person,Nicholaus de Rosai,#SMPA-EG_censier_p248_c119,SMPA-EG_censier_0119,
new,person,Girart de Cul,#SMPA-EG_censier_p248_c119,SMPA-EG_censier_0119,
new,person,Jaque de Columbiers,#SMPA-EG_censier_p248_c119,SMPA-EG_censier_0119,
new,person,Jehan de Monttegni,#SMPA-EG_censier_p248_c119,SMPA-EG_censier_0119,
new,place,Seint Germain,#SMPA-EG_censier_p248_c119,SMPA-EG_censier_0119,
new,person,Estiene du Cloistre,#SMPA-EG_censier_p248_c119,SMPA-EG_censier_0119,
