type,texte,article,page,contexte
persName,Alain de Pontayse,SMPA-EG_censier_0002,172,"ont et prenent sus le meison Alain de Pontayse3, que feit l"
persName,Ameline,SMPA-EG_censier_0002,171,"s de Rosai, que est à present Ameline, sa fame, et à son fiu"
persName,Andriu Quenel,SMPA-EG_censier_0002,173,"Hue le Madelinier [à pressent Andriu Quenel1], entre les dus"
persName,Basile,SMPA-EG_censier_0002,172,"et prenent sus le dite meison Basile tenant, d'un cousté, à"
persName,Basile,SMPA-EG_censier_0002,172,", d'autre part, à le meiso[n] Basile, lequielle meison est b"
persName,Estienne de Cuci,SMPA-EG_censier_0002,173,"de le Queuc [à pressent mons. Estienne de Cuci1] tenant, d'u"
persName,Eude le Queuc,SMPA-EG_censier_0002,173,nent sus le dite meison dudit Eude le Queuc [à pressent mons
persName,Geufroy Lefevre,SMPA-EG_censier_0002,172,"Brueires [et est à present à Geufroy Lefevre, hanapier5], e"
persName,Girart de Cul,SMPA-EG_censier_0002,171,"]5; so est à savoir, à mestre Girart de Cul, chanoine de Err"
persName,Guillaume Langlois,SMPA-EG_censier_0002,173,"eison que est aus hers de feu Guillaume Langlois, xx s. p. :"
persName,Guillaume Langlois,SMPA-EG_censier_0002,172,st à present à le fame de feu Guillaume Langlois et à ces en
persName,Guillaume Veiren,SMPA-EG_censier_0002,172,"ne part, à le meison que feut Guillaume Veiren, l'ulier, [et"
persName,Guilleume le Mereschalc,SMPA-EG_censier_0002,171,"et, d'autre part, à le meison Guilleume le Mereschalc, lequi"
persName,Heude,SMPA-EG_censier_0002,173,"ousté, à le dite meison dudit Heude, et, d'autre part, à le"
persName,Hue le Madelinier,SMPA-EG_censier_0002,173,est à present aus hers de feu Hue le Madelinier [à pressent
persName,Jaque de Columbiers,SMPA-EG_censier_0002,171,"autre meison, que feut jadis Jaque de Columbiers, tenant, d"
persName,Jaque le Bouchier,SMPA-EG_censier_0002,172,"enent sus le meison, que feut Jaque le Bouchier, que est à p"
persName,Jehan Marceu,SMPA-EG_censier_0002,171,"'un cousté, à le meison dudit Jehan Marceu, et, d'autre part"
persName,Jehan Marceu,SMPA-EG_censier_0002,171,"et, d'autre part, à le meison Jehan Marceu, lequielle est2 b"
persName,Jehan le Gros,SMPA-EG_censier_0002,173,"prenent sus le meison que feu Jehan le Gros, que est à prese"
persName,Jehan le Saunier,SMPA-EG_censier_0002,172,meison est bailliée à messire Jehan le Saunier pour iiii l.
persName,Nicholas,SMPA-EG_censier_0002,171,"le devant dite meison de feu Nicholas, et, d'autre part, à"
persName,Nicholaus de Rosai,SMPA-EG_censier_0002,171,"sus le meison que feut jadis Nicholaus de Rosai, que est à"
persName,Pierre de Moncuc,SMPA-EG_censier_0002,171,"nt, d'un costé, à le meiso[n] Pierre de Moncuc, et, d'autre"
persName,Richart,SMPA-EG_censier_0002,173,"'un cousté, à le meison dudit Richart, et, d'autre part, à l"
persName,Richart,SMPA-EG_censier_0002,172,"et, d'autre part, à le meison Richart l'Orfievre, vii l. xii"
persName,Richart le Garçon,SMPA-EG_censier_0002,173,"it Robert le Queuc [à present Richart le Garçon1] tenant, d'"
persName,Robert,SMPA-EG_censier_0002,173,"autre part, à le meison dudit Robert et de Tiebout, son frei"
persName,Robert de Brueires,SMPA-EG_censier_0002,172,"iren, l'ulier, [et fut puis4] Robert de Brueires [et est à p"
persName,Robert le Queuc,SMPA-EG_censier_0002,173,nent sus le dite meison dudit Robert le Queuc [à present Ric
persName,Robert le Queuc,SMPA-EG_censier_0002,173,"et, d'autre part, à le meison Robert le Queuc, LV s. p. de c"
persName,Tiebout,SMPA-EG_censier_0002,173,"le meison dudit Robert et de Tiebout, son freire, lxv s. p."
placeName,Encloistre,SMPA-EG_censier_0002,172,"ayse3, que feit le coing de l'Encloistre ajoignant du mostie"
placeName,Encloistre,SMPA-EG_censier_0002,171,"mencent premierement dedens l'Encloistre, jusques hors de le"
placeName,S. Estiene,SMPA-EG_censier_0002,171,s dus beneficiers de l'autier S. Estiene de Nostre-Dame de P
placeName,S. Merri,SMPA-EG_censier_0002,173,ier Seinte Agnes i prenent de S. Merri.
placeName,Seint Merri,SMPA-EG_censier_0002,171,"tre, jusques hors de le porte Seint Merri. Transcrit l'an de"
placeName,Seint Merri de Paris,SMPA-EG_censier_0002,171,que les chanoines de l'eglise Seint Merri de Paris ont et pr
persName,Jehan,SMPA-EG_censier_0003,173,"renent sus le meison, que feu Jehan d'Angiers, que est à pre"
persName,Margarite,SMPA-EG_censier_0003,173,"utre part, à le meison de feu Margarite d'A[n]giers, xv s. p"
persName,Rogier du Fruit le Roy,SMPA-EG_censier_0003,173,"ant, d'un cousté, à le meison Rogier du Fruit le Roy, et, d'"
placeName,Seint Martin,SMPA-EG_censier_0003,173,"2. — En le rue Seint Martin, hors de le porte"
placeName,Seint Merri,SMPA-EG_censier_0003,173,"eint Martin, hors de le porte Seint Merri, jusques à le font"
persName,Aden,SMPA-EG_censier_0004,174,"es, l'une des mesons si est à Aden d'Amiens, mersier, et l'a"
persName,Estiene de Conches,SMPA-EG_censier_0004,174,"nt sus les mesons, qui furent Estiene de Conches et sont à p"
persName,Guillaume Espaulart,SMPA-EG_censier_0004,174,"ajoignant des meisons de feu Guillaume Espaulart, d'une par"
persName,Guillaume Thoumis,SMPA-EG_censier_0004,174,"Chandelier [à pressent mons. Guillaume Thoumis, beneficié à"
persName,Guillaume le Cordoanier,SMPA-EG_censier_0004,173,"utre part, à le meison de feu Guillaume le Cordoanier, xvii"
persName,Henri du Presseur,SMPA-EG_censier_0004,174,"ortisement du benefice mestre Henri du Presseur, beneficié d"
persName,Jaqueline le Barentine,SMPA-EG_censier_0004,174,"s à le grant meison, que feut Jaqueline le Barentine, que es"
persName,Jehan Bolengier,SMPA-EG_censier_0004,174,"isons2 Margarite, le fame feu Jehan Bolengier, et son fiuz e"
persName,Jehan Lulier,SMPA-EG_censier_0004,174,"grant meison, que feut jadis Jehan Lulier, peire de le dite"
persName,Jehan de Seint Quentin,SMPA-EG_censier_0004,174,"ine, que est à present mestre Jehan de Seint Quentin, xx s."
persName,Margarite,SMPA-EG_censier_0004,174,"prenent sus les dues meisons2 Margarite, le fame feu Jehan B"
persName,Perrin Bourgois,SMPA-EG_censier_0004,174,à l'eglize pour la forfeture Perrin Bourgois : à chascun te
persName,Pierre le Barbier,SMPA-EG_censier_0004,174,"et, d'autre part, à le meison Pierre le Barbier, que feut ce"
persName,Raoul du Fruit,SMPA-EG_censier_0004,174,"mersier, et l'autre si est à Raoul du Fruit, sergent du Cha"
persName,Renaut,SMPA-EG_censier_0004,174,"'Alemant, et, d'autre part, à Renaut l'Alemant, LX s. par an"
persName,Robert de Paris,SMPA-EG_censier_0004,174,"le coing de le rue de le Cort Robert de Paris, tenant, d'aut"
persName,Thomas,SMPA-EG_censier_0004,173,"enent sus le meison, que feut Thomas de l'Escolles [qui est"
persName,Thomas le Chandelier,SMPA-EG_censier_0004,174,prenent sus le meison de feu Thomas le Chandelier [à presse
persName,Ysabieu,SMPA-EG_censier_0004,174,"ay Mocet, le monoier, de part Ysabieu, sa fame, tenant, d'un"
persName,Ysabieu,SMPA-EG_censier_0004,174,"ehan Lulier, peire de le dite Ysabieu, et, d'autre part, à l"
placeName,S. Estiene,SMPA-EG_censier_0004,173,z dus beneficiers de l'autier S. Estiene de Nostre Dame i pr
placeName,Seint Merri,SMPA-EG_censier_0004,174,"de l'autier de Tout Seins de Seint Merri, desouz S. Michiel"
persName,Aden Deraime,SMPA-EG_censier_0005,175,"ont et prenent sus les mesons Aden Deraime, monoier, tenant,"
persName,Daniel,SMPA-EG_censier_0005,175,"es dites meisons dudit mestre Daniel, et, d'autre part, à le"
persName,Daniel le Breto,SMPA-EG_censier_0005,174,"renent sus les meisons mestre Daniel le Breto,"
persName,Jehan de Sezanne,SMPA-EG_censier_0005,175,"ite Sancelline la Royne [modo Jehan de Sezanne1] tenant, d'u"
persName,Pierre le Cofrier,SMPA-EG_censier_0005,175,"enant, d'une part, à la meson Pierre le Cofrier, et, d'autre"
persName,Ysabieu le Beguine,SMPA-EG_censier_0005,175,"et, d'autre part, à le meison Ysabieu le Beguine, xii s. ix"
persName,Ernoul Pellerin,SMPA-EG_censier_0006,175,"an de Peirone, le masso [modo Ernoul Pellerin, mason4], tena"
persName,Gui,SMPA-EG_censier_0006,175,"n Yve des Pavellons, que feut Guibert le Begue [modo Michiel"
persName,Guillaume Satemville,SMPA-EG_censier_0006,175,"Thomas, ajoignant [modo mons. Guillaume Satemville, le vieil"
persName,Guillaume de Boichi,SMPA-EG_censier_0006,175,"ant, d'un cousté, à le meison Guillaume de Boichi, et, d'aut"
persName,Guillaume de Gremorte,SMPA-EG_censier_0006,175,nt entre le dite place de feu Guillaume de Gremorte et le me
persName,Guillaume de Gremorte,SMPA-EG_censier_0006,175,", à le place choete, que feut Guillaume de Gremorte, v s. ix"
persName,Henri Lelement,SMPA-EG_censier_0006,175,"ont et prenent sus le meison Henri Lelement, le queuc, [mod"
persName,Jehan de Peirone,SMPA-EG_censier_0006,175,"de Conpans, et à present est Jehan de Peirone, le masso [mo"
persName,Jehan le Mire,SMPA-EG_censier_0006,175,"un cousté, à le meison mestre Jehan le Mire, le cordanier, e"
persName,Jehan le Potier,SMPA-EG_censier_0006,175,"nri Lelement, le queuc, [modo Jehan le Potier1], tenant, d'u"
persName,Michiel le Blont,SMPA-EG_censier_0006,175,"e feut Guibert le Begue [modo Michiel le Blont1], derrière s"
persName,Robert le Chaucier,SMPA-EG_censier_0006,175,"'un autre cousté, à le meison Robert le Chaucier, xv d. p. d"
persName,Thomas,SMPA-EG_censier_0006,175,"e Gremorte et le meison audit Thomas, ajoignant [modo mons."
persName,Thomas Boutevillein,SMPA-EG_censier_0006,175,"et, d'autre part, à le meison Thomas Boutevillein, v s. iii"
persName,Thomas le Fundeur,SMPA-EG_censier_0006,175,"e modo est domus3], lequielle Thomas le Fundeur tient, seant"
persName,Yve des Pavellons,SMPA-EG_censier_0006,175,"ont et prenent sus le meison Yve des Pavellons, que feut Gu"
placeName,Gieffroi,SMPA-EG_censier_0006,175,"5. — En le rue Gieffroi l'Angevin, d'une part"
persName,Estiene des Prés,SMPA-EG_censier_0007,177,"de Sac, tenant, d'une part, à Estiene des Prés (?), et, d'au"
persName,Gille,SMPA-EG_censier_0007,176,"enant, d'une part, à la meson Gilles à la Tache, et d'autre"
persName,Guillaume,SMPA-EG_censier_0007,177,"part, à une meison ajoignant Guillaumes Varein, lesquielles"
persName,Guillaume Quinevint,SMPA-EG_censier_0007,177,"°] desus dites sont à present Guillaume Quinevint2, qui les"
persName,Guillaume Quoquere,SMPA-EG_censier_0007,176,"enant, d'une part, à la meson Guillaume Quoquere, bufetier,"
persName,Jehan,SMPA-EG_censier_0007,176,"et, d'autre part, à le meison Jehan d'Arenes, xx s. p. de ce"
persName,Jehan Bobelin,SMPA-EG_censier_0007,177,"Palée, tenant, d'une part, à Jehan Bobelin, et, d'autre par"
persName,Jehan de Rouan,SMPA-EG_censier_0007,176,"furent Aales, fillie jadis de Jehan de Rouan, serjant à chev"
persName,Jehan le Mire,SMPA-EG_censier_0007,176,"tre part, en alant à la meson Jehan le Mire et environnant,"
persName,Jehane la Charbonnierre,SMPA-EG_censier_0007,176,"du Chateleit de Paris, et de Jehane la Charbonnierre, sa fa"
persName,Laurens,SMPA-EG_censier_0007,177,", et, d'autre part, à Nicolas Laurens, tavernier."
persName,Maci de Pierrefite,SMPA-EG_censier_0007,176,"ant, d'un cousté, à le meison Maci de Pierrefite, et, d'autr"
persName,Marguerite la Pariere,SMPA-EG_censier_0007,176,", et d'autre part, à la meson Marguerite la Pariere."
persName,Perronelle le Boullipote,SMPA-EG_censier_0007,176,"part, au jardin aus hers dame Perronelle le Boullipote, le c"
persName,Raoul Berangier,SMPA-EG_censier_0007,177,"Item, sus la meson Raoul Berangier, assise à la p"
persName,Robert de Corbuelh,SMPA-EG_censier_0007,176,"les dues meisons, que feurent Robert de Corbuelh [à pressent"
placeName,Biaubourc,SMPA-EG_censier_0007,176,"s et plases vides, assises en Biaubourc et en la rue des Pet"
placeName,Biaubourc,SMPA-EG_censier_0007,176,"6. — En Biaubourc, jusques au Petit Cu"
placeName,Seint Merri,SMPA-EG_censier_0007,177,"es a prises des chanoignes de Seint Merri, avec iv l. p. de"
placeName,Seint Merri,SMPA-EG_censier_0007,176,et prenent les chanoignes de Seint Merri iv l. p. de crois
placeName,Seint Merri,SMPA-EG_censier_0007,176,s et places les chanoignes de Seint Merri ont bailliées à ce
persName,Bertaut,SMPA-EG_censier_0008,177,"ant, d'un cousté, à le meison Bertaut, le fromagier de le po"
persName,Gile,SMPA-EG_censier_0008,177,"s le meison ou sus le granche Gile dit à le Tache, demourant"
persName,Gui,SMPA-EG_censier_0008,177,"ert Chevalier, que feut jadis Guimier Malahonte [modo Jehan"
persName,Guillaume,SMPA-EG_censier_0008,177,"hart le Charpentier, que feut Guillaume d'Orlliens, le bouch"
persName,Guillot le Charbonier,SMPA-EG_censier_0008,177,"et, d'autre part, à le meison Guillot le Charbonier, que feu"
persName,Jehan Bobelin,SMPA-EG_censier_0008,177,"jadis Guimier Malahonte [modo Jehan Bobelin4], tenant, d'un"
persName,Jehan de Gaire,SMPA-EG_censier_0008,178,"erpier, tenant, d'une part, à Jehan de Gaire, charpentier, e"
persName,Marguerite la Pariere,SMPA-EG_censier_0008,177,"d'Orlliens, le boucher [modo Marguerite la Pariere4], tenan"
persName,Nicholaus de Veires,SMPA-EG_censier_0008,177,"nt, d'un cousté, à le granche Nicholaus de Veires, changeur"
persName,Raoul le Sarraurier,SMPA-EG_censier_0008,177,"maison dudit Robert, que feut Raoul le Sarraurier du bot de"
persName,Richart le Charpentier,SMPA-EG_censier_0008,177,"ont et prenent sus le meison Richart le Charpentier, que fe"
persName,Robert,SMPA-EG_censier_0008,177,"'un cousté, à le maison dudit Robert, que feut Raoul le Sarr"
persName,Robert Chevalier,SMPA-EG_censier_0008,177,"ont et prenent sus le meison Robert Chevalier, que feut jad"
persName,Robert le Broleur,SMPA-EG_censier_0008,178,"rpentier, et, d'autre part, à Robert le Broleur, xvi s. p.;"
persName,Symon,SMPA-EG_censier_0008,177,"illot le Charbonier, que feut Symon l'Auvergnaz, iii s. vi d"
persName,Thomas de Cheneveres,SMPA-EG_censier_0008,177,"d'autre cousté, à le granche Thomas de Cheneveres, iii s. v"
placeName,Baudoel,SMPA-EG_censier_0008,177,"aut, le fromagier de le porte Baudoel, et, d'autre part, à l"
placeName,Seint Martin,SMPA-EG_censier_0008,177,"le Tache, demourant en le rue Seint Martin, cousté le puis;"
placeName,Seint Merri,SMPA-EG_censier_0008,178,et prenent les chanoignes de Seint Merri sus les desus dite
persName,Andri,SMPA-EG_censier_0009,179,"ant, d'un cousté, à le meison Andriet de Blemur, tavernier,"
persName,Bertaut Brice,SMPA-EG_censier_0009,179,"t, d'autre part, à le granche Bertaut Brice, quatre livres p"
persName,Estiene de Conches,SMPA-EG_censier_0009,179,"n cousté, à le granche du dit Estiene de Conches, et, d'autr"
persName,Estiene de Conches,SMPA-EG_censier_0009,178,"t, d'autre part, à le granche Estiene de Conches, vii s. p."
persName,Estiene de Nuefchastieu,SMPA-EG_censier_0009,179,"prenent sus le meison mestre Estiene de Nuefchastieu, phesi"
persName,Estiene le Gros,SMPA-EG_censier_0009,178,"contre de la desus dite meson Estiene le Gros, tenant, d'une"
persName,Estiene le Gros,SMPA-EG_censier_0009,178,"nent sus le dite meison dudit Estiene le Gros, tenant à le d"
persName,Estiene le Gros,SMPA-EG_censier_0009,178,"et, d'autre part, à le meison Estiene le Gros, xvi s. p. de"
persName,Evrart le Charpentier,SMPA-EG_censier_0009,178,"un cousté, à le meison mestre Evrart le Charpentier, et, d'a"
persName,Gile,SMPA-EG_censier_0009,179,"n le Velut, que est à present Gilete, sa niece [et qui est à"
persName,Guillaume Langlois,SMPA-EG_censier_0009,179,ont et prenent sus le meison Guillaume Langlois [à pressent
persName,Guy,SMPA-EG_censier_0009,179,"int Denis [à pressent Becuche Guy1], notaire du Chastellet,"
persName,Jaque le Breto,SMPA-EG_censier_0009,178,"ont et prenent sus le meison Jaque le Breto, clerc, [à prés"
persName,Jehan,SMPA-EG_censier_0009,178,"e le Breto, clerc, [à présent Jehan d'Erbleiges3], tenant, d"
persName,Jehan Belin,SMPA-EG_censier_0009,179,"niece [et qui est à pressent Jehan Belin, moumoier1], tenan"
persName,Jehan de Neufcastel,SMPA-EG_censier_0009,179,"Nuefchastieu, phesicien [modo Jehan de Neufcastel1], tenant,"
persName,Jehan de Seint Tybaut,SMPA-EG_censier_0009,178,"le Borcier des Ales, que feut Jehan de Seint Tybaut, le pein"
persName,Jehan le Gros,SMPA-EG_censier_0009,179,"et, d'autre part, à le meison Jehan le Gros, bateeur d'archa"
persName,Jehan le Velut,SMPA-EG_censier_0009,179,"prenent sus le meison que feu Jehan le Velut, que est à pres"
persName,Marguerite de Gant,SMPA-EG_censier_0009,178,"e selles, et, d'autre part, à Marguerite de Gant, quatre liv"
persName,Michiel,SMPA-EG_censier_0009,178,"enant, d'une part, à la meson Michiel, le chapuisseur de sel"
persName,Pierre le Borcier des Ales,SMPA-EG_censier_0009,178,"ont et prenent sus le meison Pierre le Borcier des Ales, qu"
persName,Simon de Denmertin,SMPA-EG_censier_0009,179,"uillaume Langlois [à pressent Simon de Denmertin, espicier1]"
placeName,Chastellet,SMPA-EG_censier_0009,179,"ent Becuche Guy1], notaire du Chastellet, tenant, d'un coust"
placeName,Chastellet,SMPA-EG_censier_0009,179,"eume de Pontaysze, sergent du Chastellet, et, d'autre part,"
placeName,S. Merri,SMPA-EG_censier_0009,179,e de l'autiel Seinte Agnès de S. Merri en partie : à chascun
placeName,Seint Denis,SMPA-EG_censier_0009,179,renent sus le meison Heude de Seint Denis [à pressent Becuch
placeName,Symon Franc,SMPA-EG_censier_0009,178,"8. — En le rue Symon Franc, d'une part et d'a"
persName,Ancel de Morgneval,SMPA-EG_censier_0010,179,"prenent sus le meison mestre Ancel de Morgneval, clerc de l"
persName,Guy Loubert,SMPA-EG_censier_0010,179,"e queusine lo Rey [à pressent Guy Loubert1], lequielle il ac"
placeName,Pierre Aulart,SMPA-EG_censier_0010,179,9. — En le rue Pierre Aulart et en le rue Esp
placeName,Seint Denis,SMPA-EG_censier_0010,179,"ison Anice, fame Guillaume de Seint Denis, le frepier, viii"
placeName,Seint Jaque,SMPA-EG_censier_0010,179,"e de dame Guilleume du Porche Seint Jaque, tenant à sa grant"
persName,Geufroi de Savenis,SMPA-EG_censier_0011,180,Jehan de Chielle [à pressent Geufroi de Savenis1] tenant le
persName,Geufroi de Savenis,SMPA-EG_censier_0011,179,"Thomas du Louvre [à pressent Geufroi de Savenis1] tenant, d"
persName,Gieffre Coquatrex,SMPA-EG_censier_0011,180,"et, d'autre part, à le meison Gieffre Coquatrex, que feut Ha"
persName,Jehan de Chielle,SMPA-EG_censier_0011,180,ent sus le dite meison du dit Jehan de Chielle [à pressent G
persName,Pierre Gencien,SMPA-EG_censier_0011,179,"de Chielle, devant le meison Pierre Gencien."
placeName,Lambert de Chielle,SMPA-EG_censier_0011,179,"10. — En le rue Lambert de Chielle, devant le"
persName,Gautier,SMPA-EG_censier_0012,180,"part, à le meison que mestre Gautier d'Aunay acheta de mest"
persName,Marie le Conversse,SMPA-EG_censier_0012,180,"et, d'autre part, à le meison Marie le Conversse, à trois te"
persName,Pierre Leber,SMPA-EG_censier_0012,180,"t sus les meisons que feurent Pierre Leber2, lesquiels il do"
persName,Richart de Forest,SMPA-EG_censier_0012,180,"tier d'Aunay acheta de mestre Richart de Forest, et, d'autre"
placeName,Seint Anthoine,SMPA-EG_censier_0012,180,e a l'ebayee et au convent de Seint Anthoine et les quiex le
placeName,Seint Merri,SMPA-EG_censier_0012,180,"Bec, à le petite comunitè de Seint Merri; et les quielx lxx"
placeName,Seint Remi,SMPA-EG_censier_0012,180,"s, chascun an, au terme de le Seint Remi, et xxvii d. p. de"
persName,Bertaut,SMPA-EG_censier_0013,180,"nant, d'une part, à le meison Bertaut de le Ale, que feut Gi"
persName,Girart le Tyais,SMPA-EG_censier_0013,180,"n Bertaut de le Ale, que feut Girart le Tyais, et, d'autre p"
persName,Jehan le Tays,SMPA-EG_censier_0013,181,"de Dieppe, que est à present Jehan le Tays et Marie, sa fam"
persName,Marguerite,SMPA-EG_censier_0013,180,"que est à Robert des Villes, Marguerite, sa fame, et à"
persName,Marie,SMPA-EG_censier_0013,181,"st à present Jehan le Tays et Marie, sa fame, tenant, d’autr"
persName,Perronelle,SMPA-EG_censier_0013,180,"de Tornai, que est à present Perronelle, sa fame, et leurs"
persName,Pierre de Dieppe,SMPA-EG_censier_0013,181,"le meison ajognant, que feut Pierre de Dieppe, que est à pr"
persName,Pierre de Dieppe,SMPA-EG_censier_0013,181,"ert aus Gans, que feut du dit Pierre de Dieppe, aus quatre t"
persName,Pierre de Tornai,SMPA-EG_censier_0013,180,"re part, à le meison que feut Pierre de Tornai, que est à pr"
persName,Robert,SMPA-EG_censier_0013,181,"utre part, à le petite meison Robert aus Gans, que feut du d"
persName,Robert,SMPA-EG_censier_0013,180,int Merri jusques à le meison Robert aus Gans.
persName,Robert des Villes,SMPA-EG_censier_0013,180,"e four des Arssitz, que est à Robert des Villes, Marguerite,"
placeName,Seint Merri,SMPA-EG_censier_0013,180,". — En le rue des Arssiz, des Seint Merri jusques à le meiso"
persName,Jehan,SMPA-EG_censier_0014,181,"ibert et Marie, sa suer, fame Jehan l’Imagier, que demeure a"
persName,Jehan Rouciau,SMPA-EG_censier_0014,181,"stre de Seinte Oportune [modo Jehan Rouciau, tesarant2], que"
persName,Jehan le Lueu,SMPA-EG_censier_0014,181,"meison aus Salhies, que feut Jehan le Lueu, le bouchier, x"
persName,Marie,SMPA-EG_censier_0014,181,"us le meison Pierre Tibert et Marie, sa suer, fame Jehan l’I"
persName,Pierre Tibert,SMPA-EG_censier_0014,181,"ont et prenent sus le meison Pierre Tibert et Marie, sa sue"
placeName,Encloistre,SMPA-EG_censier_0014,181,"er, que demeure ajognant de l’Encloistre de Seinte Oportune"
persName,Guillaume Cussac,SMPA-EG_censier_0015,181,"han Cussac le Provencel [modo Guillaume Cussac3] tenant, d’u"
persName,Jehan,SMPA-EG_censier_0015,181,"nant, d’une part, à le meison Jehan l’Auvergnaz [modo mons."
persName,Jehan Cussac le Provencel,SMPA-EG_censier_0015,181,ont et prenent sus le meison Jehan Cussac le Provencel [mod
persName,Thomas de Meunz,SMPA-EG_censier_0015,181,"e part, à le meison, que feut Thomas de Meunz, xx s. : à Noe"
placeName,Seint Denis,SMPA-EG_censier_0015,181,"14. — En le rue Seint Denis, devant le fontein"
persName,Guillaume,SMPA-EG_censier_0016,181,renent sus le benefice mestre Guillaume d’Athainville
persName,Guilleume Gales,SMPA-EG_censier_0016,182,"enent sus le benefice messire Guilleume Gales d’Orli, pour l"
persName,Guilleume de Meuns,SMPA-EG_censier_0016,182,"kaireforc du Temple, que feut Guilleume de Meuns, et du cens"
persName,Henri de Laon,SMPA-EG_censier_0016,182,renent sus le benefice mestre Henri de Laon [modo mons. Jeha
persName,Henri du Pressoeur,SMPA-EG_censier_0016,182,"renent sus le benefice mesire Henri du Pressoeur, beneficié"
persName,Jehan de Champiaus,SMPA-EG_censier_0016,182,"tre Henri de Laon [modo mons. Jehan de Champiaus], beneficié"
placeName,Seint Martin,SMPA-EG_censier_0016,182,"eneficié au devant dit autiel Seint Martin, pour le amortise"
placeName,Seint Merri,SMPA-EG_censier_0016,181,"15. — En l’eglise de Seint Merri, le comunité et le"
persName,Evrart le Charpentier,SMPA-EG_censier_0017,182,"anc, entre les meisons mestre Evrart le Charpentier et Estev"
persName,Pierre le Borcier,SMPA-EG_censier_0017,182,"Item, ont pour le dite meison Pierre le Borcier, seant en le"
placeName,Chastellet,SMPA-EG_censier_0017,182,". 7.] Item, ont et prenent ou Chastellet de Paris, au terme"
placeName,S. Germain,SMPA-EG_censier_0017,183,"tem, devent à leur vicaire de S. Germain l’Auceurres, xl s."
placeName,Seint Germain,SMPA-EG_censier_0017,182,"doner une vicarie ou mostier Seint Germain l’Auceurres, en"
placeName,Seint Germain,SMPA-EG_censier_0017,182,"pitre et sus les chanoines de Seint Germain, pour le gros d’"
placeName,Seint Germain,SMPA-EG_censier_0017,182,16. — A Seint Germain l’Auceurres.
placeName,Seint Jehan,SMPA-EG_censier_0017,182,"llet de Paris, au terme de le Seint Jehan, chascun an, xxx l"
placeName,Seint Merri,SMPA-EG_censier_0017,182,"re, sus les ditz chanoines de Seint Merri, xl s. p. : à chas"
placeName,Seint Merri,SMPA-EG_censier_0017,182,p.; et les ditz chanoines de Seint Merri ont et prenent sus
placeName,Symon Franc,SMPA-EG_censier_0017,182,"e le Borcier, seant en le rue Symon Franc, entre les meisons"
persName,Alain de Pontayse,SMPA-EG_censier_0019,183,"Item, sus le meison Alain de Pontayse [modo Jehan"
persName,Andriu Quenel,SMPA-EG_censier_0019,184,"e feu Hue le Madelinier [modo Andriu Quenel], v s."
persName,Aubert le Linier,SMPA-EG_censier_0019,183,"em, de le pensio de le meison Aubert le Linier [modo mons. E"
persName,Basile,SMPA-EG_censier_0019,183,"et prenent sus le dite meison Basile, li s."
persName,Estiene de Suci,SMPA-EG_censier_0019,183,"on Heude le Queuc [modo mons. Estiene de Suci], xiii s. ix d"
persName,Estienne,SMPA-EG_censier_0019,183,"Aubert le Linier [modo mons. Estienne]2, xii s. vi d. [xxxv"
persName,Geufroi le Madelinier,SMPA-EG_censier_0019,183,"feu Guilleume Langlois [modo Geufroi le Madelinier], vii s."
persName,Gui,SMPA-EG_censier_0019,183,"ison Richart l’Orfievre [modo Guiost Lovier], ix s."
persName,Guilleume Langlois,SMPA-EG_censier_0019,183,s le meison de le fame de feu Guilleume Langlois [modo Geufr
persName,Heude le Queuc,SMPA-EG_censier_0019,183,"Item, sus le meison Heude le Queuc [modo mons. Est"
persName,Hue le Madelinier,SMPA-EG_censier_0019,184,sus le meison aus hers de feu Hue le Madelinier [modo Andriu
persName,Jaque de Columbiers,SMPA-EG_censier_0019,183,"r de l’autre meison, que feut Jaque de Columbiers, iiii l. ["
persName,Jehan de Dueul,SMPA-EG_censier_0019,183,"eison Alain de Pontayse [modo Jehan de Dueul], xv s."
persName,Nicholas de Rosai,SMPA-EG_censier_0019,183,"ent sus le dite meison de feu Nicholas de Rosai, iiii s. iii"
persName,Pierre Warroquier,SMPA-EG_censier_0019,184,"Item1, sus le meson feu Pierre Warroquier."
persName,Richart,SMPA-EG_censier_0019,183,"Item, sus le meison Richart l’Orfievre [modo Guios"
placeName,Encloistre,SMPA-EG_censier_0019,183,"ant diz, premierement en leur Encloistre."
placeName,Seint Remi,SMPA-EG_censier_0019,183,"nt et prenent, au terme de le Seint Remi, dedens Paris ès li"
persName,Jehan,SMPA-EG_censier_0020,184,"enent sus le meison, que feut Jehan d’Angiers, iiii s. ix d."
placeName,Seint Martin,SMPA-EG_censier_0020,184,"2. — En le rue Seint Martin, hors de le porte"
placeName,Seint Merri,SMPA-EG_censier_0020,184,"eint Martin, hors de le porte Seint Merri jusques à le fonte"
persName,Estiene de Conches,SMPA-EG_censier_0021,184,"Item, sus les mesons Estiene de Conches, xv s.3."
persName,Jehan Boulengier,SMPA-EG_censier_0021,184,"sus les meisons, que feurent Jehan Boulengier, v s.2."
persName,Thomas,SMPA-EG_censier_0021,184,"enent sus le meison, que feut Thomas de l’Escolles, iii s. i"
persName,Thomas le Chandelier,SMPA-EG_censier_0021,184,"enent sus le meison, que feut Thomas le Chandelier, v s."
persName,Ysabieu,SMPA-EG_censier_0021,184,"le petite meison May Mocet et Ysabieu, sa fame, viii d."
persName,Aden le Derame,SMPA-EG_censier_0022,184,"Item, sus la meson Aden le Derame, monnoier, ix s"
persName,Daniel le Breto,SMPA-EG_censier_0022,184,renent sus les meisons mestre Daniel le Breto [modo Beaudoui
persName,Jehan de Sezanne,SMPA-EG_censier_0022,184,"ison Sanceline le Royne [modo Jehan de Sezanne], iii s. ii d"
persName,Ernoul Pellerin,SMPA-EG_censier_0023,185,"meison Jehan de Peronne [modo Ernoul Pellerin, mason2], xv d"
persName,Gui,SMPA-EG_censier_0023,184,"ns, pour le granche, que feut Guibert le Begue, iii d. et i"
persName,Guillaume le Potier,SMPA-EG_censier_0023,185,"neficiés de Nostre Dame [modo Guillaume le Potier2], ii s. v"
persName,Jehan de Peronne,SMPA-EG_censier_0023,185,"Item, sus le meison Jehan de Peronne [modo Ernoul"
persName,Yve des Pavellons,SMPA-EG_censier_0023,184,"Item, mestre Yve des Pavellons, pour le gra"
placeName,Gieffre,SMPA-EG_censier_0023,184,5. — En le rue Gieffre l’Angevin.
persName,Guillaume Quinevint,SMPA-EG_censier_0024,185,"an de Roüan et sont à present Guillaume Quinevint, xx s."
persName,Guillaume Quoquere,SMPA-EG_censier_0024,185,"helipe de Limoges tient [modo Guillaume Quoquere, bufetier],"
persName,Guillaume Quoquere,SMPA-EG_censier_0024,185,"feu Robert de Corbuelh [modo Guillaume Quoquere, bufetier3;"
persName,Jehan de Ro,SMPA-EG_censier_0024,185,mesons qui furent à la fille Jehan de Roüan et sont à prese
persName,Nicholaus Hydellon,SMPA-EG_censier_0024,185,"auborc, jusques à le posterne Nicholaus Hydellon."
persName,Robert de Corbuelh,SMPA-EG_censier_0024,185,"em, sus le dite meison de feu Robert de Corbuelh [modo Guill"
placeName,Seint Merry,SMPA-EG_censier_0024,185,"que Nicolas du Greil tient de Seint Merry, à iv l. et ii s."
persName,Gile,SMPA-EG_censier_0025,185,"Item, sus le granche Gile à le Tache."
persName,Guillaume Lenglois,SMPA-EG_censier_0025,185,"Item2, sus la meson Guillaume Lenglois, bufetier4,"
persName,Emeline la Fauconniere,SMPA-EG_censier_0026,186,"Item1, sus la meson Emeline la Fauconniere [modo E"
persName,Estiene de Nuefchastieu,SMPA-EG_censier_0026,185,"Item, sus le meison mestre Estiene de Nuefchastieu, xx s."
persName,Estiene le Gros,SMPA-EG_censier_0026,185,"Item, sus le meison Estiene le Gros, v s. vii d. t"
persName,Guilleume Langlois,SMPA-EG_censier_0026,185,"Item, sus le grant meison Guilleume Langlois [modo Simon"
persName,Guy,SMPA-EG_censier_0026,186,"de Seint Denis [modo Becuche Guy], ix d."
persName,Jaque le Breto,SMPA-EG_censier_0026,185,"Item, sus le meison Jaque le Breto [modo Jehan d’E"
persName,Jehan,SMPA-EG_censier_0026,185,"e meison Jaque le Breto [modo Jehan d’Erbleiges2], xxi d."
persName,Pierre de Pontoize,SMPA-EG_censier_0026,185,"Item, sus les places Pierre de Pontoize5, mason, xv"
persName,Simon de Denmertin,SMPA-EG_censier_0026,185,"ison Guilleume Langlois [modo Simon de Denmertin], iiii s. v"
placeName,Seint Denis,SMPA-EG_censier_0026,186,"Item, sus le meison Heude de Seint Denis [modo Becuche Guy]"
persName,Ancel de Morgneval,SMPA-EG_censier_0027,186,"Item, sus le meison mestre Ancel de Morgneval [modo Gui L"
persName,Gui Loubert,SMPA-EG_censier_0027,186,"stre Ancel de Morgneval [modo Gui Loubert], ii s."
persName,Guillaume Espaulart,SMPA-EG_censier_0027,186,"— En le rue Pierre Aulart, ou Guillaume Espaulart."
placeName,Pierre Aulart,SMPA-EG_censier_0027,186,"9. — En le rue Pierre Aulart, ou Guillaume Es"
persName,Geufroi de Saveni,SMPA-EG_censier_0028,186,"meison Jehan de Chielle [modo Geufroi de Saveni], x s."
persName,Jehan de Chielle,SMPA-EG_censier_0028,186,"Item, sus le meison Jehan de Chielle [modo Geufroi"
placeName,Lambert de Chielle,SMPA-EG_censier_0028,186,10. — En le rue Lambert de Chielle.
persName,Doulce de Fleurance Loubert,SMPA-EG_censier_0029,186,"Item, sus le meson Doulce de Fleurance Loubert, x"
persName,Jaquet Bourgois,SMPA-EG_censier_0029,186,"Item, sus la meson Jaquet Bourgois5 [modo Jehan P"
persName,Jehan Poillevilein,SMPA-EG_censier_0029,186,"meson Jaquet Bourgois5 [modo Jehan Poillevilein], v s. vii"
persName,Maci de Mont Evrain,SMPA-EG_censier_0029,186,"Item, sus la meson Maci de Mont Evrain4, xv s."
persName,Pierre de Dieppe,SMPA-EG_censier_0029,186,"Item, sus le meison que feut Pierre de Dieppe, xv d."
placeName,Seinte Katherine,SMPA-EG_censier_0029,186,"Item, sus le meison de Seinte Katherine, ii s. vi d."
persName,Jehan Roucel,SMPA-EG_censier_0030,186,"ibert et Marie, sa suer [modo Jehan Roucel, tesarant], ii s."
persName,Marie,SMPA-EG_censier_0030,186,"us le meison Pierre Tibert et Marie, sa suer [modo Jehan Rou"
persName,Pierre Tibert,SMPA-EG_censier_0030,186,"Item, sus le meison Pierre Tibert et Marie, sa sue"
persName,Alain le Chaucier,SMPA-EG_censier_0031,186,"Item6, sus le meison Alain le Chaucier [modo Jehan"
persName,Guilleume Gales,SMPA-EG_censier_0031,187,"Item, sus le benefice mesire Guilleume Gales, xv s."
persName,Henri de Laon,SMPA-EG_censier_0031,187,"Item, sus le benefice mesire Henri de Laon [modo Jehan de C"
persName,Henri du Pressoeur,SMPA-EG_censier_0031,187,"Item, sus le benefice mesire Henri du Pressoeur, x s."
persName,Jehan de Champiaus,SMPA-EG_censier_0031,187,"ce mesire Henri de Laon [modo Jehan de Champiaus], v s."
persName,Jehan le Cot,SMPA-EG_censier_0031,186,"eison Alain le Chaucier [modo Jehan le Cot], ii s. ix d."
placeName,Seint Denis,SMPA-EG_censier_0031,186,"13. — En le rue Seint Denis, devant le fontein"
placeName,Seint Germain,SMPA-EG_censier_0031,187,"Item, sus le chapitre de Seint Germain, xxi s. iiii d."
persName,Adam Boulart de Darenci,SMPA-EG_censier_0032,188,"tereine, tenant, d’un cousté, Adam Boulart de Darenci, et, d"
persName,Adam le Meire de Darenci,SMPA-EG_censier_0032,189,"d’autre part, à le terre feu Adam le Meire de Darenci."
persName,Agnes,SMPA-EG_censier_0032,190,"de Guoneiche, le meinsne, et Agnesot, sa suer, tienent arpe"
persName,Aubert,SMPA-EG_censier_0032,190,"le Porchier, son seigneur, de Aubertviliers] tient viii arpe"
persName,Estiene de Lecue,SMPA-EG_censier_0032,187,"et, d’autre part, à le terre Estiene de Lecue, et les autre"
persName,Estienne Loisellet,SMPA-EG_censier_0032,191,"autre part, à le terre du dit Estienne Loisellet."
persName,Estienne Loisellet de Paris,SMPA-EG_censier_0032,191,"enant, d'une part, à le terre Estienne Loisellet de Paris, e"
persName,Girart,SMPA-EG_censier_0032,189,"e terre, assis près de le noe Girart tenant, d’un cousté, à"
persName,Girart,SMPA-EG_censier_0032,189,"en une piece, à le noe de feu Girart, et trois quartiers, à"
persName,Guiart de Roverai,SMPA-EG_censier_0032,188,[Fol. 9 v°.] Guiart de Roverai [modo Petrus
persName,Guillaume Guillot,SMPA-EG_censier_0032,189,"nant, d’un cousté, à le terre Guillaume Guillot, et les autr"
persName,Guillaume Guillot Trosziane de Darenci,SMPA-EG_censier_0032,189,Guillaume Guillot Trosziane de
persName,Guillaume de Guonesche,SMPA-EG_censier_0032,190,"le tient en douayre, que feut Guillaume de Guonesche."
persName,Guillaume le Boulengier,SMPA-EG_censier_0032,191,"enans, d'une part, à le terre Guillaume le Boulengier, que t"
persName,Guillaume le Coc,SMPA-EG_censier_0032,191,emi quartiers des devant ditz Guillaume le Coc et Renart de
persName,Guillaume le Coc,SMPA-EG_censier_0032,190,"et, d’autre part, à le terre Guillaume le Coc, qui tient de"
persName,Guillaume le Coc,SMPA-EG_censier_0032,189,"tenant d’un cousté à le terre Guillaume le Coc, et, d’autre"
persName,Guilleume Moute de Darenci,SMPA-EG_censier_0032,187,Guilleume Moute de Darenci tie
persName,Guilleume le Boulengier du Borgeel,SMPA-EG_censier_0032,188,Guilleume le Boulengier du Bor
persName,Guillot Trosziane,SMPA-EG_censier_0032,188,"et, d’autre part, à le terre Guillot Trosziane."
persName,Guillot Trosziane,SMPA-EG_censier_0032,188,"et, d’autre part, à le terre Guillot Trosziane."
persName,Guillot le Coc du Borgeel,SMPA-EG_censier_0032,190,[Fol. 10 v°.] Guillot le Coc du Borgeel tien
persName,Hervi le Coc du Borgeel,SMPA-EG_censier_0032,189,"enant, d’une part, à le terre Hervi le Coc du Borgeel, et, d"
persName,Hervi le Coc du Borgeel,SMPA-EG_censier_0032,189,"et, d’autre part, à le terre Hervi le Coc du Borgeel. — Ite"
persName,Heude le Bouchier du Borgeel,SMPA-EG_censier_0032,189,Heude le Bouchier du Borgeel t
persName,Hue Toustée,SMPA-EG_censier_0032,189,"Jehan Toustée, clerc, fiuz Hue Toustée, pour trois quarti"
persName,Hue Toustée de Darenci,SMPA-EG_censier_0032,187,Hue Toustée de Darenci tient s
persName,Jehan,SMPA-EG_censier_0032,191,"de terre, que feurent du dit Jehan, seans sus les ditz prié"
persName,Jehan,SMPA-EG_censier_0032,190,"Jehanot de Guoneiche, le meins"
persName,Jehan,SMPA-EG_censier_0032,189,Jehan de le Mote [modo Raoul l
persName,Jehan,SMPA-EG_censier_0032,188,Macei dit Lorier [modo Jehannot Lorier2] de Baubengni
persName,Jehan Aulart de Darenci,SMPA-EG_censier_0032,188,"Jehan Aulart de Darenci, pour"
persName,Jehan Bouillie de Darenci,SMPA-EG_censier_0032,188,Les hers de feu Jehan Bouillie de Darenci tien
persName,Jehan Guoguet,SMPA-EG_censier_0032,189,"part, à le dite terre du dit Jehan Guoguet, que tienent des"
persName,Jehan Guoguet,SMPA-EG_censier_0032,188,"enant, d’une part, à le terre Jehan Guoguet, et, d’autre par"
persName,Jehan Guoguet de Baubegni,SMPA-EG_censier_0032,189,Jehan Guoguet de Baubegni [mod
persName,Jehan Mouton,SMPA-EG_censier_0032,189,"ot Trosziane de Darenci [modo Jehan Mouton], pour sept quart"
persName,Jehan Toustée,SMPA-EG_censier_0032,189,"Jehan Toustée, clerc, fiuz Hue"
persName,Jehan de Aironville,SMPA-EG_censier_0032,191,"Jehan de Aironville, ou ces en"
persName,Jehan le Breto,SMPA-EG_censier_0032,190,"Jehan le Breto, le pelletier,"
persName,Jehan le Charpentier,SMPA-EG_censier_0032,191,le Chastellein de Livri [modo Jehan le Charpentier] pour dus
persName,Jehan le Moine,SMPA-EG_censier_0032,188,"à le terre aus enfans de feu Jehan le Moine, que tienent de"
persName,Jehane,SMPA-EG_censier_0032,190,"as le Porchier tient, de part Jehane, sa fame, des ditz chan"
persName,Jehane,SMPA-EG_censier_0032,190,"Jehane, le fille de feu Thomas"
persName,Jehane Amet de Bondis,SMPA-EG_censier_0032,190,"d’autre part, à le terre que Jehane Amet de Bondis tient de"
persName,Jehane de Amet de Bondis,SMPA-EG_censier_0032,188,Jehane de Amet de Bondis [modo
persName,Jehanne Loliviere,SMPA-EG_censier_0032,188,ehane de Amet de Bondis [modo Jehanne Loliviere2] tient sept
persName,Mace,SMPA-EG_censier_0032,188,Macei dit Lorier [modo Jehanno
persName,Maci Lorier,SMPA-EG_censier_0032,191,"d'une part, à le terre que fu Maci Lorier, et, d'autre part,"
persName,Maci Lorier,SMPA-EG_censier_0032,190,"e part, à le terre aus enfans Maci Lorier; et les trois quar"
persName,Martin Briquet,SMPA-EG_censier_0032,191,"ces fillastres, que fut fame Martin Briquet, seant sur les"
persName,Martin Briquet de Baubegni,SMPA-EG_censier_0032,190,"et, d’autre part, à le terre Martin Briquet de Baubegni, qu"
persName,Nicholaus le Charpentier,SMPA-EG_censier_0032,189,"té, à le vigne de le fame feu Nicholaus le Charpentier, et,"
persName,Nicholaus le Charpentier,SMPA-EG_censier_0032,188,"à le vigne à le fame que feut Nicholaus le Charpentier, et,"
persName,Nicholaus le Charpentier de Darenci,SMPA-EG_censier_0032,188,Le fame et les hers de feu Nicholaus le Charpentier de Da
persName,Odart le Boucher,SMPA-EG_censier_0032,191,"autre part, à le terre du dit Odart le Boucher."
persName,Odart le Boucher du Borgeel,SMPA-EG_censier_0032,188,"d’une part, à le terre dudit Odart le Boucher du Borgeel."
persName,Odart le Bouchier,SMPA-EG_censier_0032,190,"’un cousté, à le terre du dit Odart le Bouchier, et, d’autre"
persName,Perronelle,SMPA-EG_censier_0032,189,"cousté, à le terre de le dite Perronelle, et, d’autre part,"
persName,Perronelle le Soutie,SMPA-EG_censier_0032,189,"e part, à le terre de le dite Perronelle le Soutie, et, d’au"
persName,Petrus Heudin de Darenci,SMPA-EG_censier_0032,188,"v°.] Guiart de Roverai [modo Petrus Heudin de Darenci]1, qu"
persName,Pierre Aulart,SMPA-EG_censier_0032,188,"de Darenci tenant à le vigne Pierre Aulart, d’un cousté, et"
persName,Pierre Aulart de Darenci,SMPA-EG_censier_0032,188,Pierre Aulart de Darenci tient
persName,Pierre le Fievre,SMPA-EG_censier_0032,190,"tient de nos, lequielle tient Pierre le Fievre; et est compt"
persName,Raoul,SMPA-EG_censier_0032,189,"Jehan de le Mote [modo Raoul l’Archier] de Baubegni,"
persName,Raoul Chenel de Darenci,SMPA-EG_censier_0032,188,Raoul Chenel de Darenci tient
persName,Raoul le Chastellein de Livri,SMPA-EG_censier_0032,191,Raoul le Chastellein de Livri
persName,Robert Bernier,SMPA-EG_censier_0032,189,"nant, d’un cousté, à le terre Robert Bernier, et, d’autre pa"
persName,Thomas le Lonc,SMPA-EG_censier_0032,188,"enant, d’une part, à le terre Thomas le Lonc, et, d’autre pa"
persName,Thomas le Long du Borgeel,SMPA-EG_censier_0032,190,"Jehane, le fille de feu Thomas le Long du Borgeel, [et"
persName,Thomas le Porchier,SMPA-EG_censier_0032,190,"rt et d’autre, à le terre que Thomas le Porchier tient, de p"
persName,Thomas le Porchier,SMPA-EG_censier_0032,190,"homas le Long du Borgeel, [et Thomas le Porchier, son seigne"
placeName,Seint Denis,SMPA-EG_censier_0032,191,emin que vau du Borgeel et de Seint Denis au Condreel.
placeName,Seint Germain,SMPA-EG_censier_0032,189,"res quartiers trois, à le noe Seint Germain, tenant à le dit"
placeName,Seint Germain,SMPA-EG_censier_0032,189,"et trois quartiers, à le noe Seint Germain, en autre piece."
placeName,Seint Germain,SMPA-EG_censier_0032,188,"e assis ou terroeur des noues Seint Germain, au dehors de Da"
placeName,Seint Merri,SMPA-EG_censier_0032,187,"Seint Remi, aus chanoines de Seint Merri, à Derenci3, pour"
placeName,Seint Remi,SMPA-EG_censier_0032,187,"s, chascun an, au terme de le Seint Remi, aus chanoines de S"
placeName,Seint Remi,SMPA-EG_censier_0032,187,"hampieus, le semedi devant le Seint Remi ou le semedi après,"
placeName,Trinité,SMPA-EG_censier_0032,190,"re le clous des frieres de le Trinité du Borgeel, tenans, d’"
persName,Alain le Queusinier,SMPA-EG_censier_0034,194,"et, d'autre part, à le meison Alain le Queusinier [G. Lovier"
persName,Ancel,SMPA-EG_censier_0034,192,"ue furent Nicholaus de Rosai [Anceleit de la Halle], tenans"
persName,Aubert le Linier,SMPA-EG_censier_0034,193,"meison des ditz chanoines, où Aubert le Linier demeure à pre"
persName,Basile,SMPA-EG_censier_0034,194,"ant, d'un cousté, à le meison Basile du coing de l'Encloistr"
persName,Basile,SMPA-EG_censier_0034,193,"ditz chanoines pour le meison Basile, que feit le coing de l"
persName,Estiene Audri,SMPA-EG_censier_0034,193,"Le fiuz Estiene Audri, le drapier [Jeh"
persName,Estiene Malpas,SMPA-EG_censier_0034,191,"meison Gilot Malpas, que est Estiene Malpas, et, d'autre pa"
persName,Gile Maupas,SMPA-EG_censier_0034,192,"Dame Jehane, fame de feu Gile Maupas et ces enfans [Jeh"
persName,Girart de Cul,SMPA-EG_censier_0034,194,"VI d.; les quiex poie mestre Girart de Cul, chanoine de Err"
persName,Girart de Cul,SMPA-EG_censier_0034,192,"Mestre Girart de Cul, chanoine de Err"
persName,Gui,SMPA-EG_censier_0034,193,"le meison Richart l'Orfievre [Guiot Levier], VI d."
persName,Gui de Dampmartin,SMPA-EG_censier_0034,194,"l'Escuier, borgois de Paris [Gui de Dampmartin pro domo sua"
persName,Guilleume,SMPA-EG_censier_0034,192,", le chanoine, que est mesire Guilleume l'Auvergnaz, les qui"
persName,Guilleume Langlois,SMPA-EG_censier_0034,195,"enant à le dite meison de feu Guilleume Langlois, d'une part"
persName,Guilleume Langlois,SMPA-EG_censier_0034,194,Le devant dite fame de feu Guilleume Langlois [Maria Lovi
persName,Guilleume Langlois,SMPA-EG_censier_0034,194,"utre part, à le meison de feu Guilleume Langlois, XVIII d.;"
persName,Guilleume Langlois,SMPA-EG_censier_0034,194,"part, à le dite meison de feu Guilleume Langlois, et, d'autr"
persName,Guilleume Langlois,SMPA-EG_censier_0034,193,"utre part, à le meison de feu Guilleume Langlois, II d."
persName,Guilleume Lulier,SMPA-EG_censier_0034,193,"utre part, à le meison de feu Guilleume Lulier, que est à pr"
persName,Guilleume de Loviers,SMPA-EG_censier_0034,193,"Les hers de feu Guilleume de Loviers, le ferro"
persName,Guilleume le Borgne,SMPA-EG_censier_0034,193,"d'un cousté, à le dite meison Guilleume le Borgne, et, d'aut"
persName,Guilleume le Borgne,SMPA-EG_censier_0034,193,"ferron], pour le dite meison Guilleume le Borgne [Jehan des"
persName,Guilleume le Borgne,SMPA-EG_censier_0034,193,"et, d'autre part, à le meison Guilleume le Borgne, IIII s.;"
persName,Guilleume le Mereschalc,SMPA-EG_censier_0034,192,Le dit Guilleume le Mereschalc pour s
persName,Guilleume le Mereschalc,SMPA-EG_censier_0034,192,"et, d'autre part, à le meison Guilleume le Mereschalc, pour"
persName,Heude Neuveu,SMPA-EG_censier_0034,192,"autre cousté, à le ruelle, et Heude Neuveu, le tavernier¹, p"
persName,Heude le Queuc,SMPA-EG_censier_0034,194,"é, pour le dite meison du dit Heude le Queuc et pour l'autre"
persName,Heude le Queuc,SMPA-EG_censier_0034,194,"et, d'autre part, à le meison Heude le Queuc, VI d.; les qui"
persName,Hue le Madelenier,SMPA-EG_censier_0034,195,ndré Quesnel] des hers de feu Hue le Madelenier tenant à le
persName,Jaque de Columbiers,SMPA-EG_censier_0034,192,"e part, à le meison, que feut Jaque de Columbiers, que est a"
persName,Jehan,SMPA-EG_censier_0034,193,"e i prent, que feurent mestre Jehan d'Orlliens, clerc."
persName,Jehan,SMPA-EG_censier_0034,192,"et, d'autre part, à le meison Jehan [Lancelot] Marceu, pour"
persName,Jehan Arrode,SMPA-EG_censier_0034,194,"ois, XVIII d.; les quiex poie Jehan Arrode, pour VI l. II s."
persName,Jehan Berenger,SMPA-EG_censier_0034,193,"du dit feu Richart Anquetin [Jehan Berenger], pour sa meiso"
persName,Jehan Coquagne,SMPA-EG_censier_0034,194,"eison du dit Robert, que feut Jehan Coquagne, et, d'autre pa"
persName,Jehan Haudry,SMPA-EG_censier_0034,193,"uz Estiene Audri, le drapier [Jehan Haudry], pour VI l. p. d"
persName,Jehan Marceu,SMPA-EG_censier_0034,192,"oines tenant à le dite meison Jehan Marceu, d'un cousté, et,"
persName,Jehan Marceu,SMPA-EG_censier_0034,192,Le devant dit Jehan Marceu [Lancelot] pour s
persName,Jehan Marceu,SMPA-EG_censier_0034,192,"s que il i prenent, et le dit Jehan Marceu les autres IIII d"
persName,Jehan Maupas,SMPA-EG_censier_0034,192,"eu Gile Maupas et ces enfans [Jehan Maupas], pour leur meiso"
persName,Jehan de Dueil,SMPA-EG_censier_0034,193,"ayn de Pontoyse, l'orfievre, [Jehan de Dueil] pour sa meison"
persName,Jehan de Fossez,SMPA-EG_censier_0034,193,"lleume de Loviers, le ferro, [Jehan de Fossez, ferron], pour"
persName,Jehan des Vignes,SMPA-EG_censier_0034,193,e meison Guilleume le Borgne [Jehan des Vignes] tenant à le
persName,Jehane,SMPA-EG_censier_0034,192,"Dame Jehane, fame de feu Gile Maupa"
persName,Lancelot,SMPA-EG_censier_0034,192,Le devant dit Jehan Marceu [Lancelot] pour sa meison tenan
persName,Lancelot,SMPA-EG_censier_0034,192,"utre part, à le meison Jehan [Lancelot] Marceu, pour LXX s."
persName,Marguerite,SMPA-EG_censier_0034,193,"de Brueires, le madelinier, [Marguerite d'Espernon], V d."
persName,Michiel Langel,SMPA-EG_censier_0034,194,"Le dite meison de feu Michiel Langel, hors de le por"
persName,Michiel Langel,SMPA-EG_censier_0034,194,"utre part, à le meison de feu Michiel Langel [heredes Maheut"
persName,Nicholaus de Rosai,SMPA-EG_censier_0034,192,"enant à le dite meison de feu Nicholaus de Rosai, d'un coust"
persName,Nicholaus de Rosai,SMPA-EG_censier_0034,192,"meisons ajognant, que furent Nicholaus de Rosai [Anceleit d"
persName,Pierre,SMPA-EG_censier_0034,192,"enans à le dite meison du dit Pierre, d'une part, et, d'autr"
persName,Pierre,SMPA-EG_censier_0034,191,"Item, le dit Pierre pour le petite meison e"
persName,Pierre,SMPA-EG_censier_0034,191,"Pierre [Petit] de Moncuc, pour"
persName,Pierre,SMPA-EG_censier_0034,191,"rt, à le petite meison du dit Pierre, XVI d."
persName,Pierre Marceu,SMPA-EG_censier_0034,192,"le coing, tenant à le meison Pierre Marceu, le drapier²."
persName,Pierre Ruble,SMPA-EG_censier_0034,193,"ant, d'un cousté, à le meison Pierre Ruble, et, d'autre part"
persName,Pierre Verroquier,SMPA-EG_censier_0034,193,"gnes] tenant à le dite meison Pierre Verroquier, d'un cousté"
persName,Pierre Verroquier,SMPA-EG_censier_0034,193,Pierre Verroquier pour sa meis
persName,Raoul de Seint Laurens,SMPA-EG_censier_0034,192,"feurent jadis toutes ensemble Raoul de Seint Laurens, IX d."
persName,Richart,SMPA-EG_censier_0034,194,Le devant dit Richart l'Orfievre [G. Lovier]
persName,Richart,SMPA-EG_censier_0034,193,"et, d'autre part, à le meison Richart l'Orfievre [Guiot Levi"
persName,Richart Anquetin,SMPA-EG_censier_0034,193,"Edeline, fame du dit feu Richart Anquetin [Jehan Bereng"
persName,Richart Anquetin,SMPA-EG_censier_0034,193,", à le meison aus hers de feu Richart Anquetin² pour XX sols"
persName,Richart le Garsson,SMPA-EG_censier_0034,194,"que est Robert le Queusinier [Richart le Garsson, ex parte u"
persName,Robert,SMPA-EG_censier_0034,194,"'une part, à le meison du dit Robert, que feut Jehan Coquagn"
persName,Robert de Brueires,SMPA-EG_censier_0034,193,"ié, sus le dite meison du dit Robert de Brueires tenant, d'u"
persName,Robert de Brueires,SMPA-EG_censier_0034,193,"ume Lulier, que est à present Robert de Brueires, le madelin"
persName,Robert le Queusinier,SMPA-EG_censier_0034,194,Robert le Queusinier [dudum G.
persName,Robert le Queusinier,SMPA-EG_censier_0034,194,"our l'autre ajognant, que est Robert le Queusinier [Richart"
persName,Rogier,SMPA-EG_censier_0034,194,"Rogier l'Escuier, borgois de P"
persName,Ysabieu le Macié,SMPA-EG_censier_0034,193,"e part sa fame, que fut filhe Ysabieu le Macié, sus le dite"
placeName,Encloistre,SMPA-EG_censier_0034,194,"e meison Basile du coing de l'Encloistre [G. Le Clerc], et,"
placeName,Encloistre,SMPA-EG_censier_0034,193,"eison, que feit le coing de l'Encloistre, d'autre part, ajog"
placeName,Encloistre,SMPA-EG_censier_0034,193,"asile, que feit le coing de l'Encloistre, tenant à le dite m"
placeName,Encloistre,SMPA-EG_censier_0034,191,t commencent premièrement à l'Encloistre.
placeName,S. Merri,SMPA-EG_censier_0034,195,"re part, aus murs de le porte S. Merri, I d."
placeName,Seint Denis,SMPA-EG_censier_0034,191,"ur eglise, aus huitines de le Seint Denis, et commencent pre"
placeName,Seint Estiene,SMPA-EG_censier_0034,192,es dus beneficiez de l'autiel Seint Estiene de Nostre Dame p
placeName,Seint Merri de Paris,SMPA-EG_censier_0034,191,"ui sunt deuz aus chanoines de Seint Merri de Paris, chascun"
placeName,Seint Remi,SMPA-EG_censier_0034,191,"s, chascun an, au terme de le Seint Remi, pour les meisons e"
persName,Andri,SMPA-EG_censier_0035,195,"Le fame de feu Andri [Thomas] Langlois, serge"
persName,Andri Foace,SMPA-EG_censier_0035,195,"Le dit Andri Foace, le pasteayer, pou"
persName,Andri Foace,SMPA-EG_censier_0035,195,"et, d'autre part, à le meison Andri Foace, le pasteayer [G."
persName,Estiene de Peirone,SMPA-EG_censier_0035,195,"enant à le dite meison de feu Estiene de Peirone, pour X l."
persName,Estiene de Peirone,SMPA-EG_censier_0035,195,"l. 12 v°.] Le meison que feut Estiene de Peirone, que est à"
persName,Guilleume de Loviers,SMPA-EG_censier_0035,196,"Les hers de feu Guilleume de Loviers, le ferro"
persName,Jehan,SMPA-EG_censier_0035,196,"re part, à le meison que feut Jehan d'Angiers, VI d."
persName,Jehan Bruneu,SMPA-EG_censier_0035,195,"s, tenant à le meison meistre Jehan Bruneu, clerc [Matheus d"
persName,Jehan Langlois,SMPA-EG_censier_0035,195,"x poie Margarite Desnes [modo Jehan Langlois], pour VI l. de"
persName,Jehan Langlois de Capite,SMPA-EG_censier_0035,195,"re de Gornai, le talemelier, [Jehan Langlois de Capite nigro"
persName,Jehan de Biaumont,SMPA-EG_censier_0035,195,"eyne, VIII d.; les quiex poie Jehan de Biaumont [de Senliz,"
persName,Jehan de Fossez,SMPA-EG_censier_0035,196,"e de Loviers, le ferron [modo Jehan de Fossez, le ferron], p"
persName,Jehan des Essarz,SMPA-EG_censier_0035,196,Baudoyn Bouceu [Jehan des Essarz] pour le meis
persName,Jehan du Chemin,SMPA-EG_censier_0035,195,"e feu Alexandre le Pasteayer [Jehan du Chemin], et, d'autre,"
persName,Jehan le Blont,SMPA-EG_censier_0035,195,"nture], pour le meison au dit Jehan le Blont, tenant à le di"
persName,Jehan le Blont,SMPA-EG_censier_0035,195,"et, d'autre part, à le meison Jehan le Blont [Perreta de Lat"
persName,Jehan le Chambellent,SMPA-EG_censier_0035,195,st à present aus hoirs de feu Jehan le Chambellent [Dionise
persName,Maci Pizdoe,SMPA-EG_censier_0035,196,Les hers Maci Pizdoe pour les dites mei
persName,Margarite,SMPA-EG_censier_0035,195,"ymago Sancti Martini, que est Margarite d'Espernon], si comm"
persName,Margarite Desnes,SMPA-EG_censier_0035,195,"ini], VIII d.; les quiex poie Margarite Desnes [modo Jehan L"
persName,Marie de Peirone,SMPA-EG_censier_0035,195,"iga], VIII d.; les quiex poie Marie de Peirone, pour VI l. d"
persName,Martin,SMPA-EG_censier_0035,195,"des<pb n=""196"" facs=""https://archive.org/download/mmoiresdelasoci15fragoog/page/n203_w1600.jpg"" corresp=""https://iiif.archive.org/iiif/mmoiresdelasoci15fragoog/manifest.json"" xml:id=""SMPA-EG_censier_p196_c35_7""/> Horges [ymago Sancti Martini, que est Margarite d'E"
persName,Martin,SMPA-EG_censier_0035,195,"for des Horges [ymago Sancti Martini], VIII d.; les quiex p"
persName,Nicholaus de Pontayse,SMPA-EG_censier_0035,196,"ar derriere le prael que feut Nicholaus de Pontayse, pour XL"
persName,Pierre de Gornai,SMPA-EG_censier_0035,195,"e comporte, de le dite meison Pierre de Gornai jusques à le"
persName,Pierre de Gornai,SMPA-EG_censier_0035,195,"Pierre de Gornai, le talemelie"
persName,Pierre des Essarts,SMPA-EG_censier_0035,196,"de cens que il i prent [modo Pierre des Essarts], XI d., à"
persName,Pierre du Val,SMPA-EG_censier_0035,195,"Pierre du Val, escuier au pena"
persName,Richart des Polies,SMPA-EG_censier_0035,195,"ar sa fame, les quiex li done Richart des Polies, son oncle,"
persName,Rogier,SMPA-EG_censier_0035,196,"Essarz] pour le meison du dit Rogier, par derriere le prael"
persName,Rogier du Fruit,SMPA-EG_censier_0035,196,ue il prenent sus les meisons Rogier du Fruit lo Rei par dev
persName,Rogier le Talleeur,SMPA-EG_censier_0035,195,"rt, tenant à le meison de feu Rogier le Talleeur [J. Bignon]"
persName,Thomas,SMPA-EG_censier_0035,195,"Le fame de feu Andri [Thomas] Langlois, sergent d'ar"
placeName,Seint Martin,SMPA-EG_censier_0035,195,"porte Seint Merri, en le rue Seint Martin."
placeName,Seint Merri,SMPA-EG_censier_0035,195,"des meisons, hors de le porte Seint Merri, en le rue Seint M"
persName,Ancel,SMPA-EG_censier_0036,198,"Bertaut [Anceleit] de le Ale, le change"
persName,Ancel,SMPA-EG_censier_0036,198,"feut Nicholaus de Rosai [modo Anceleit de la Halle], II s."
persName,Andri,SMPA-EG_censier_0036,196,"utre part, à le meison de feu Andri [Thomas] Langlois, serge"
persName,Andri Foace,SMPA-EG_censier_0036,196,"nant, d'une part, à le meison Andri Foace, et, d'autre part,"
persName,Andri Langlois,SMPA-EG_censier_0036,199,Les hers de feu Andri Langlois [Johannes Lurei
persName,Andri Langlois,SMPA-EG_censier_0036,197,Le fame et les enfans de feu Andri Langlois pour le dite me
persName,Andri Langlois,SMPA-EG_censier_0036,196,"l, pour le dite meison de feu Andri Langlois tenant, d'un co"
persName,Bertaut,SMPA-EG_censier_0036,198,"Bertaut [Anceleit] de le Ale,"
persName,Estiene,SMPA-EG_censier_0036,198,"usté, à le dite meison du dit Estiene, et, d'autre part, à l"
persName,Estiene de Conches,SMPA-EG_censier_0036,198,Le dit Estiene de Conches pour sa mai
persName,Estiene de Conches,SMPA-EG_censier_0036,198,"et, d'autre part, à le meison Estiene de Conches [modo Ade d"
persName,Gandolfe,SMPA-EG_censier_0036,199,"dites meisons des-hers de feu Gandolfe, et, d'autre part, à"
persName,Gandolfe,SMPA-EG_censier_0036,199,Les hers de feu Gandolfe d'Arcelles pour le di
persName,Gieffre,SMPA-EG_censier_0036,197,is pour le dite meison du dit Gieffrey de Dampmartin [modo T
persName,Guiart de Reins,SMPA-EG_censier_0036,199,[Fol. 14.] Guiart de Reins [predictus Pet
persName,Guiart de Reins,SMPA-EG_censier_0036,198,"et, d'autre part, à le meison Guiart de Reins, le sergent du"
persName,Guilleume Gales,SMPA-EG_censier_0036,200,"[Fol. 14 v°.] Mesire Guilleume Gales, beneficié à l"
persName,Guilleume le Cordoanier,SMPA-EG_censier_0036,197,Les hers de feu Guilleume le Cordoanier pour l
persName,Heude de Corbuell,SMPA-EG_censier_0036,198,"biano], VI d.; les quiex poie Heude de Corbuell, le frapier"
persName,Hue le Corneeur,SMPA-EG_censier_0036,199,"Baudoi [Adan] Bouceu, que fut Hue le Corneeur, III d.; les q"
persName,Jaque le Prestre,SMPA-EG_censier_0036,197,"et, d'autre part, à le meison Jaque le Prestre [modo Maruche"
persName,Jehan,SMPA-EG_censier_0036,198,"r le meison Raoul de Conches [Jehan de la Crois], que feit l"
persName,Jehan Beneit,SMPA-EG_censier_0036,196,"ison, que feut Rogier Lulier [Jehan Beneit, savetier], deden"
persName,Jehan Bignon,SMPA-EG_censier_0036,196,"e feut de Rogier le Talleeur [Jehan Bignon], que feit le coi"
persName,Jehan Harrode,SMPA-EG_censier_0036,198,"naude], II s.; des quiex poie Jehan Harrode [Jehan des Essar"
persName,Jehan Maceu,SMPA-EG_censier_0036,198,"hors de le porte, aus meisons Jehan Maceu [Lancelot Barate],"
persName,Jehan Tibout,SMPA-EG_censier_0036,198,"XII d.; les quiex poie mestre Jehan Tibout, pour IIII l. p."
persName,Jehan des Essarz,SMPA-EG_censier_0036,198,"des quiex poie Jehan Harrode [Jehan des Essarz], pour XI l."
persName,Jehan le Blont,SMPA-EG_censier_0036,197,"ier, XXIII d.; des quiex poie Jehan le Blont, pour IIII s. d"
persName,Jehan le Breto,SMPA-EG_censier_0036,199,es pour le dite meison de feu Jehan le Breto [modo Mauchelin
persName,Jehan le Breto,SMPA-EG_censier_0036,199,"rt, à le meison que fut jadis Jehan le Breto [pridem Maurici"
persName,Jehan le Normant,SMPA-EG_censier_0036,197,Dame Guontors le Meire [Jehan le Normant] pour XLIIII
persName,Jehan le Prestre,SMPA-EG_censier_0036,197,"enant à le dite meison de feu Jehan le Prestre, et, d'autre"
persName,Jehan le Prestre,SMPA-EG_censier_0036,197,Li meison de feu Jehan le Prestre [modo Maruche
persName,Jehane,SMPA-EG_censier_0036,200,"nens, tenans à le dite meison Jehane d'Yrre, d'une part, et,"
persName,Jehane,SMPA-EG_censier_0036,199,"et, d'autre part, à le meison Jehane d'Yrre, et, devers le V"
persName,Jehane,SMPA-EG_censier_0036,198,"el de Morgneval [la dite dame Jehane] pour sa maison tenant,"
persName,Jehane,SMPA-EG_censier_0036,197,"ant, d'un cousté, à le meison Jehane, sa fille, et, d'autre"
persName,Jehane la Regnaude,SMPA-EG_censier_0036,198,"e Morgneval, clerc [modo dame Jehane la Regnaude], II s.; de"
persName,Johannes Lureii,SMPA-EG_censier_0036,199,s hers de feu Andri Langlois [Johannes Lureii] pour le dite
persName,Lancelot Barate,SMPA-EG_censier_0036,198,"rte, aus meisons Jehan Maceu [Lancelot Barate], si comme ell"
persName,Maci Bordo,SMPA-EG_censier_0036,197,"ent, I d., et les autres poie Maci Bordo, pour LXI s. p. de"
persName,Marie le Blanchete,SMPA-EG_censier_0036,197,"ns que il i prent, que furent Marie le Blanchete, XXII d."
persName,Michel de Morgneval,SMPA-EG_censier_0036,198,"utre part, à le meison mestre Michel de Morgneval, clerc [mo"
persName,Michiel,SMPA-EG_censier_0036,198,"rt, à le meison du dit mestre Michiel, et, d'autre part, à l"
persName,Michiel de Morgneval,SMPA-EG_censier_0036,198,Le devant dit mestre Michiel de Morgneval [la dite
persName,Nicholaus de Meuns,SMPA-EG_censier_0036,200,"prent sus le meison, que fut Nicholaus de Meuns, par les ma"
persName,Nicholaus de Rosai,SMPA-EG_censier_0036,198,"r, pour le dite meison de feu Nicholaus de Rosai tenant, d'u"
persName,Nicholaus de Rosai,SMPA-EG_censier_0036,198,"re part, à la meison que feut Nicholaus de Rosai [modo Ancel"
persName,Perrin Bourgois,SMPA-EG_censier_0036,198,"chanoines pour la forfeiture Perrin Bourgois, pour les LX s"
persName,Petrus,SMPA-EG_censier_0036,199,".] Guiart de Reins [predictus Petrus], sergent du Chastellet"
persName,Pierre Brice,SMPA-EG_censier_0036,196,"s, I d.; le quiel poie mestre Pierre Brice, clerc, pour LXX"
persName,Raoul,SMPA-EG_censier_0036,197,"'une part, à le meison du dit Raoul, et, d'autre part, à le"
persName,Raoul de Conches,SMPA-EG_censier_0036,198,enant à le dite meison du dit Raoul de Conches [modo J. de C
persName,Raoul de Conches,SMPA-EG_censier_0036,198,l Seint Martin pour le meison Raoul de Conches [Jehan de la
persName,Raoul de Conches,SMPA-EG_censier_0036,197,Raoul de Conches¹ pour sa meis
persName,Raoul de Conches,SMPA-EG_censier_0036,197,"et, d'autre part, à le meison Raoul de Conches, le mostardie"
persName,Robert,SMPA-EG_censier_0036,199,"narde, XII d.; les quiex poie Robert aus Gans [modo heredes"
persName,Robert,SMPA-EG_censier_0036,198,"le dite meison du dit mestre Robert [Thierri], et, d'autre"
persName,Robert de Corbuell,SMPA-EG_censier_0036,197,"sus les meisons, que feurent Robert de Corbuell [modo de le"
persName,Robert le Breto,SMPA-EG_censier_0036,198,Le devant dit mestre Robert le Breto [modo Thierri]
persName,Robert le Breto,SMPA-EG_censier_0036,198,"utre part, à le meison mestre Robert le Breto [Thierry l'All"
persName,Rogier Lulier,SMPA-EG_censier_0036,196,"usté, à le dite meison de feu Rogier Lulier, et, d'autre par"
persName,Rogier Lulier,SMPA-EG_censier_0036,196,"Le devant dite meison de feu Rogier Lulier tenant, d'un cou"
persName,Rogier Lulier,SMPA-EG_censier_0036,196,"e part, à le meison, que feut Rogier Lulier [Jehan Beneit, s"
persName,Rogier le Talleeur,SMPA-EG_censier_0036,196,"usté, à le dite meison de feu Rogier le Talleeur, et, d'autr"
persName,Rogier le Talleeur,SMPA-EG_censier_0036,196,Le meison que feut de Rogier le Talleeur [Jehan Bign
persName,Symon,SMPA-EG_censier_0036,197,"usté, à le dite meison de feu Symon d'Athies, et, d'autre pa"
persName,Symon,SMPA-EG_censier_0036,197,"usté, à le dite meison de feu Symon d'Atyes, I d."
persName,Symon,SMPA-EG_censier_0036,196,"ant, et pour le meison de feu Symon d'Athyes [ut supra], V d"
persName,Symon Barbete,SMPA-EG_censier_0036,199,"quiex poient les hers de feu Symon Barbete, pour IIII l. XI"
persName,Thierry,SMPA-EG_censier_0036,198,"eison mestre Robert le Breto [Thierry l'Allemant], VI d."
persName,Thomas,SMPA-EG_censier_0036,197,"usté, à le dite meison de feu Thomas de l'Escolles, et, de l"
persName,Thomas,SMPA-EG_censier_0036,196,"t, et pour le meison, que fut Thomas de l'Escolles [modo aus"
persName,Thomas,SMPA-EG_censier_0036,196,"rt, à le meison de feu Andri [Thomas] Langlois, sergent d'ar"
persName,Thomas le Chandelier,SMPA-EG_censier_0036,199,"part, à le dite meison de feu Thomas le Chandelier, et, d'au"
persName,Thomas le Chandelier,SMPA-EG_censier_0036,199,Le meison que feut Thomas le Chandelier [mes. G.
persName,Ysabieu le Renarde,SMPA-EG_censier_0036,198,Le dite Ysabieu le Renarde pour sa mei
placeName,Biaubourc,SMPA-EG_censier_0036,197,"ell [modo de le communauté de Biaubourc], et sus le meison"
placeName,Chastellet,SMPA-EG_censier_0036,199,"ernat de Loncprié, notaire du Chastellet de Paris, [modo dic"
placeName,Chastellet,SMPA-EG_censier_0036,199,"predictus Petrus], sergent du Chastellet, pour sa meison dev"
placeName,Robert de Paris,SMPA-EG_censier_0036,199,"e, que feit le coin de le rue Robert de Paris par dessa, ten"
placeName,Seint Denis,SMPA-EG_censier_0036,197,"e le Trinité, dehors le porte Seint Denis, pour le amortisem"
placeName,Seint Martin,SMPA-EG_censier_0036,198,nt ditz beneficié de l'autiel Seint Martin pour le meison Ra
placeName,Seint Martin,SMPA-EG_censier_0036,198,Le beneficié de l'autiel Seint Martin de Seint Merri po
placeName,Seint Martin,SMPA-EG_censier_0036,196,"eison Rotlant le Voyer [G. de Seint Martin], et pour le dite"
placeName,Seint Merri,SMPA-EG_censier_0036,200,"asi et de Seinte Katherine de Seint Merri, et, d'autre part,"
placeName,Seint Merri,SMPA-EG_censier_0036,199,"n au seingneur d'Angu, devers Seint Merri, IIII d."
placeName,Seint Merri,SMPA-EG_censier_0036,198,é de l'autiel Seint Martin de Seint Merri pour les meisons d
placeName,Seint Merri,SMPA-EG_censier_0036,196,"le petite messe de l'egliese Seint Merri, pour VI l. [X s.]"
placeName,Seinte Katherine,SMPA-EG_censier_0036,200,eneficié de Seint Blasi et de Seinte Katherine de Seint Merr
placeName,Seinte Katherine,SMPA-EG_censier_0036,200,"cié à l'autiel Seint Blasi et Seinte Katherine, pour les cen"
placeName,Trinité,SMPA-EG_censier_0036,197,La Trinité. — Les freires de le T
placeName,Trinité,SMPA-EG_censier_0036,197,"Trinité. — Les freires de le Trinité, dehors le porte Seint"
persName,Aden,SMPA-EG_censier_0037,201,"lleume Guillot [modo M. G. de Adenvilla], x d.; les quiex po"
persName,Daniel,SMPA-EG_censier_0037,202,"ousté, à le dite meison dudit Daniel, et, d'autre part, à le"
persName,Daniel,SMPA-EG_censier_0037,202,"r le dite meison dudit mestre Daniel, pour vii l. de cens qu"
persName,Daniel le Breto,SMPA-EG_censier_0037,202,"utre part, à le meison mestre Daniel le Breto, clerc [modo J"
persName,Estiene Nenut,SMPA-EG_censier_0037,201,"re part, à le meison que feut Estiene Nenut, que est Thomass"
persName,Estiene de Monchauvet,SMPA-EG_censier_0037,203,"nent, d'une part, à le meison Estiene de Monchauvet, le char"
persName,Estiene de Suxi,SMPA-EG_censier_0037,201,Les devant ditz hers de feu Estiene de Suxi [modo decani]
persName,Estiene de Suxi,SMPA-EG_censier_0037,201,"re part, à le meison que feut Estiene de Suxi, que est à pre"
persName,Estiene le Recouvreeur,SMPA-EG_censier_0037,202,"Michiel, et, d'autre part, à Estiene le Recouvreeur [modo S"
persName,Estiene le Recovreur,SMPA-EG_censier_0037,202,de Seint Merri pour le meison Estiene le Recovreur [modo S.
persName,Estienne de Suxi,SMPA-EG_censier_0037,201,"part, à le dite meison du dit Estienne de Suxi, et, d'autre"
persName,Gile Arrode,SMPA-EG_censier_0037,202,"Dame Gile Arrode, fame jadis du dit"
persName,Guillaume Guillot,SMPA-EG_censier_0037,201,"usté, à le dite meison du dit Guillaume Guillot, et, d'autre"
persName,Guilleume,SMPA-EG_censier_0037,203,"lequiel est à present mesire Guilleume l'Avergnaz, pour l'a"
persName,Guilleume,SMPA-EG_censier_0037,200,"Item, le dit sire Guilleume [modo dicte Margarit"
persName,Guilleume,SMPA-EG_censier_0037,200,Le dit sire Guilleume d'Angest pour sa mei
persName,Guilleume,SMPA-EG_censier_0037,200,"Mongizo, que est au dit sire Guilleume [totum dicte Margari"
persName,Guilleume,SMPA-EG_censier_0037,200,"et, d'autre part, à le meison Guilleume d'Angest, III d."
persName,Guilleume Espaulart,SMPA-EG_censier_0037,203,"usté, à le dite meison de feu Guilleume Espaulart, et, d'aut"
persName,Guilleume Espaulart,SMPA-EG_censier_0037,203,Les meisons que feurent Guilleume Espaulart [modo Becu
persName,Guilleume Guillot,SMPA-EG_censier_0037,201,[Fol. 15.] Le devant dit Guilleume Guillot pour sa meis
persName,Guilleume Guillot,SMPA-EG_censier_0037,201,"et, d'autre part, à le meison Guilleume Guillot [modo M. G."
persName,Guilleume Herveys de S,SMPA-EG_censier_0037,202,"i acheta, et les hers de feu Guilleume Herveys de S. Gervey"
persName,Guilleume le Breto,SMPA-EG_censier_0037,201,"ant, d'un cousté, à le meison Guilleume le Breto, clerc [Phi"
persName,Guy,SMPA-EG_censier_0037,203,"leume Espaulart [modo Becuche Guy], que font le coing de le"
persName,Hervi,SMPA-EG_censier_0037,203,"à le meison du dit feu mestre Hervi [que est G. de Meldis],"
persName,Hervi,SMPA-EG_censier_0037,202,"ode, fame jadis du dit mestre Hervi [dicta domus que fuit di"
persName,Hervi le Breto,SMPA-EG_censier_0037,202,"nt à le meison que feu mestre Hervi le Breto, clerc [que fui"
persName,Heude,SMPA-EG_censier_0037,203,Le dite meison de feu Heude l'Eschacier [modo dicti
persName,Heude,SMPA-EG_censier_0037,203,"re part, à le meison que feut Heude l'Eschacier [modo dicti"
persName,Jaque le Flamenc de Grive,SMPA-EG_censier_0037,200,"quiex poient les hers de feu Jaque le Flamenc de Grive, pou"
persName,Jaqueline le Barentine,SMPA-EG_censier_0037,203,"à le dite meison de feu jadis Jaqueline le Barentine, et, d'"
persName,Jaqueline le Barentine,SMPA-EG_censier_0037,203,"pour l'autre meison, que feut Jaqueline le Barentine [modo d"
persName,Jehan,SMPA-EG_censier_0037,202,Le devant dit Michiel [Jehan] Boulengier pour sa meis
persName,Jehan,SMPA-EG_censier_0037,202,"son tenant à le meison du dit Jehan, et, d'autre part, à le"
persName,Jehan,SMPA-EG_censier_0037,202,"re part, à le meison Michiel [Jehan] Boulengier, iiii d.; le"
persName,Jehan,SMPA-EG_censier_0037,202,"Item, le dit Jehan [Petrus] de Roan, pour s"
persName,Jehan,SMPA-EG_censier_0037,202,"et, d'autre part, à le meison Jehan [Petri] de Roan, le thin"
persName,Jehan,SMPA-EG_censier_0037,200,"ve, tenant à le meison du dit Jehan d'Esparno, et, d'autre p"
persName,Jehan,SMPA-EG_censier_0037,200,Jehan d'Esparno [Margarite d'E
persName,Jehan Blondieu,SMPA-EG_censier_0037,201,"meison devant dite, que feut Jehan Blondieu, clerc, tenant,"
persName,Jehan Bolengier,SMPA-EG_censier_0037,203,"sté, à le dite meison du fiuz Jehan Bolengier, et, d'autre p"
persName,Jehan Bolengier,SMPA-EG_censier_0037,203,"Margarite, fame jadis de feu Jehan Bolengier, le monoyer, p"
persName,Jehan Rocin,SMPA-EG_censier_0037,201,"eison tenant à le dite meison Jehan Rocin [dicti P.], et, d'"
persName,Jehan Rocin,SMPA-EG_censier_0037,201,"cabo, in Vico Novo], que feut Jehan Rocin, [modo Jehan des P"
persName,Jehan de Compiegne,SMPA-EG_censier_0037,202,"pour le dite meison, que feut Jehan de Compiegne, tenant, d'"
persName,Jehan de Compiegne,SMPA-EG_censier_0037,201,"eison du dit Thomas, que feut Jehan de Compiegne, que est au"
persName,Jehan de Villeneuve,SMPA-EG_censier_0037,200,"ngest pour sa meison, que fut Jehan de Villeneuve, tenant à"
persName,Jehan des Pavellons,SMPA-EG_censier_0037,201,", que feut Jehan Rocin, [modo Jehan des Pavellons], tenant,"
persName,Jehan le Prestre,SMPA-EG_censier_0037,201,"quiex poient les hers de feu Jehan le Prestre, des quiex pr"
persName,Jehane la Renaude,SMPA-EG_censier_0037,200,dit Jordain Petitpas [domine Jehane la Renaude]
persName,Margarite,SMPA-EG_censier_0037,203,"Le dite Margarite, fame jadis de feu J"
persName,Margarite,SMPA-EG_censier_0037,203,on que est au fiuz de le dite Margarite [modo heredis dicti
persName,Margarite,SMPA-EG_censier_0037,200,it sire Guilleume [modo dicte Margarite] pour le dite meison
persName,Margarite,SMPA-EG_censier_0037,200,"t sire Guilleume [totum dicte Margarite], V d."
persName,Margarite,SMPA-EG_censier_0037,200,"Jehan d'Esparno [Margarite d'Espernon], merchen"
persName,Margarite la Bolengiere,SMPA-EG_censier_0037,203,"utre part, tenans à le meison Margarite la Bolengiere [modo"
persName,Martin,SMPA-EG_censier_0037,203,"[beneficerius altaris Sancti Martini Turonensis], pour le d"
persName,Martin,SMPA-EG_censier_0037,202,"rde [modo beneficerius Sancti Martini], ii s.<pb n=""203"" facs=""https://archive.org/download/mmoiresdelasoci15fragoog/page/n210_w1600.jpg"" corresp=""https://iiif.archive.org/iiif/mmoiresdelasoci15fragoog/manifest.json"" xml:id=""SMPA-EG_censier_p203_c37_25""/> vi d.; de"
persName,Martin de Chartres,SMPA-EG_censier_0037,201,"masii], vi d.; des quiex poie Martin de Chartres, pour XL s."
persName,Michiel,SMPA-EG_censier_0037,202,"tenant à icelle meison du dit Michiel, et, d'autre part, à E"
persName,Michiel,SMPA-EG_censier_0037,202,Le devant dit Michiel [Jehan] Boulengier pou
persName,Michiel,SMPA-EG_censier_0037,202,"et, d'autre part, à le meison Michiel [Jehan] Boulengier, ii"
persName,Nicholaus Mallert,SMPA-EG_censier_0037,201,les autres iii d. le hers de Nicholaus Mallert.
persName,Petrus,SMPA-EG_censier_0037,202,"Item, le dit Jehan [Petrus] de Roan, pour sa meiso"
persName,Pierre Bonart,SMPA-EG_censier_0037,201,"part, à le dite meison de feu Pierre Bonart, et, d'autre par"
persName,Pierre Bonart,SMPA-EG_censier_0037,201,La fame de feu Pierre Bonart pour sa maison t
persName,Pierre le Queu,SMPA-EG_censier_0037,201,"e meison Symon le Mostardier [Pierre le Queu], vi d."
persName,Renaut,SMPA-EG_censier_0037,203,Renaut l'Ermitain et Ysabieu l
persName,Richart des Polies,SMPA-EG_censier_0037,202,"r, iiii d.; les quiex poie R. Richart des Polies, pour xx s."
persName,Robert,SMPA-EG_censier_0037,201,Le devant dit Robert l'Escuier pour sa meiso
persName,Robert,SMPA-EG_censier_0037,201,"t, d'autre part, à le meisson Robert l'Escuier [modo predict"
persName,Robert le Descharcheur,SMPA-EG_censier_0037,200,"ant, d'un cousté, à le meison Robert le Descharcheur [Thomas"
persName,Symon le Mostardier,SMPA-EG_censier_0037,201,Ledit Symon le Mostardier pour sa me
persName,Symon le Mostardier,SMPA-EG_censier_0037,201,"et, d'autre part, à le meison Symon le Mostardier [Pierre le"
persName,Thomas,SMPA-EG_censier_0037,202,"enant à le dite meison du dit Thomas, et, d'autre part, à le"
persName,Thomas,SMPA-EG_censier_0037,202,"meison tenant à icelle du dit Thomas, et, d'autre part, à le"
persName,Thomas,SMPA-EG_censier_0037,202,"Item, le devant dit Thomas pour le dite meison, qu"
persName,Thomas,SMPA-EG_censier_0037,201,"Le dit Thomas, laveur à l'auge, pour"
persName,Thomas,SMPA-EG_censier_0037,201,"utre part, à le meison du dit Thomas, que feut Jehan de Comp"
persName,Thomas,SMPA-EG_censier_0037,201,"e feut Estiene Nenut, que est Thomassi [l'Anglés], le laveur"
persName,Thomas,SMPA-EG_censier_0037,201,"veur à l'auge [heres defuncti Thomasii], vi d.; des quiex po"
persName,Thomas,SMPA-EG_censier_0037,200,"eison Robert le Descharcheur [Thomasii du Boc], et, d'autre"
persName,Thomas le Barbier,SMPA-EG_censier_0037,202,Le dit Thomas le Barbier [modo Bertau
persName,Thomas le Barbier,SMPA-EG_censier_0037,202,"et, d'autre part, à le meison Thomas le Barbier [modo dicti"
persName,Ysabieu le Beguine,SMPA-EG_censier_0037,203,"nefice, et sus le dite meison Ysabieu le Beguine, doreeur, x"
persName,Ysabieu le Renarde,SMPA-EG_censier_0037,203,"Renaut l'Ermitain et Ysabieu le Renarde, sa fame, ["
persName,Ysabieu le Renarde,SMPA-EG_censier_0037,202,"et, d'autre part, à le meison Ysabieu le Renarde [modo benef"
placeName,S. Martin,SMPA-EG_censier_0037,203,"es dus beneficiez de l'autiel S. Martin, pour viii l. x s. ["
placeName,Seint Martin,SMPA-EG_censier_0037,200,"encier au bout, devers le rue Seint Martin."
placeName,Seint Merri,SMPA-EG_censier_0037,202,é de l'autiel Seinte Agnés de Seint Merri pour le meison Est
persName,Alain le Bossu,SMPA-EG_censier_0038,204,"utre part, à le meison mestre Alain le Bossu, ii s."
persName,Ancel,SMPA-EG_censier_0038,204,"efice, sur les meisons mestre Ancel et Guilleume Bonefille ["
persName,Estiene le Charetier,SMPA-EG_censier_0038,204,"isons Tibaut de Seint Martin, Estiene le Charetier, et pour"
persName,Guilleume Bonefille,SMPA-EG_censier_0038,204,r les meisons mestre Ancel et Guilleume Bonefille [modo Cote
persName,Guy,SMPA-EG_censier_0038,204,uilleume Bonefille [modo Cote Guy] seans en le rue que l'en
persName,Heude,SMPA-EG_censier_0038,204,"d'un cousté, à le dite meison Heude l'Eschacier, et, d'autre"
persName,Jehan,SMPA-EG_censier_0038,204,"grant meison que feut au dit Jehan, et, d'autre part, à le"
persName,Jehan Daupex,SMPA-EG_censier_0038,204,"el, que est à present messire Jehan Daupex, pour les censive"
persName,Jehan Lulier,SMPA-EG_censier_0038,204,"ur le petite meison, que feut Jehan Lulier, tenant, d'un cou"
persName,Jehan Lulier,SMPA-EG_censier_0038,203,"our le grant meison, que feut Jehan Lulier, et pour autres t"
persName,Jehan de Grive,SMPA-EG_censier_0038,203,"ajognant, que feurent mestre Jehan de Grive, clerc, que l'e"
persName,Jehane,SMPA-EG_censier_0038,204,Jehane d'Yrre pour sa meison t
persName,Pierre le Barbier,SMPA-EG_censier_0038,204,"et, d'autre part, à le meison Pierre le Barbier, que feut ce"
persName,Robert,SMPA-EG_censier_0038,203,"pour son benefice : le meison Robert<pb n=""204"" facs=""https://archive.org/download/mmoiresdelasoci15fragoog/page/n211_w1600.jpg"" corresp=""https://iiif.archive.org/iiif/mmoiresdelasoci15fragoog/manifest.json"" xml:id=""SMPA-EG_censier_p204_c38_2""/> Langlois et les du"
placeName,Guilleume Espaulart,SMPA-EG_censier_0038,204,"en le rue que l'en dit le rue Guilleume Espaulart, xv d."
placeName,Seint Jehan,SMPA-EG_censier_0038,203,16.] Le beneficié de l'autiel Seint Jehan desouz [celui de T
placeName,Seint Martin,SMPA-EG_censier_0038,204,"ce, sur les meisons Tibaut de Seint Martin, Estiene le Chare"
persName,Guilleume des Gronhetz,SMPA-EG_censier_0039,204,", et pour le meison, que feut Guilleume des Gronhetz, et pou"
persName,Jehan Lulier,SMPA-EG_censier_0039,204,"petite meison, que fut du dit Jehan Lulier, seant en le rue"
persName,Jehan Lulier,SMPA-EG_censier_0039,204,"petite meison, que fut audit Jehan Lulier, de Rue Nueuve ju"
persName,Pierre le Barbier,SMPA-EG_censier_0039,204,"lle Lulier, et pour le meison Pierre le Barbier, et pour le"
placeName,Seint Martin,SMPA-EG_censier_0039,204,gnant de le meison Thibaut de Seint Martin; pour toutes ces
placeName,Seint Martin,SMPA-EG_censier_0039,204,"à le meison du dit Thibaut de Seint Martin, pour les censive"
persName,Adam Laguerre,SMPA-EG_censier_0040,205,les meisons Guilleume Niober [Adam Laguerre] et Renaut de Ve
persName,Bertaut,SMPA-EG_censier_0040,205,"isons Ysabieu de Glathini, et Bertaut, et Jehan du Choquet,"
persName,Colin Thibout,SMPA-EG_censier_0040,205,"Mestre Jehan et Colin Thibout, freires [modo J"
persName,Gieffre le Chaucier,SMPA-EG_censier_0040,204,"s à le meison aus hers de feu Gieffre le Chaucier,<pb n=""205"" facs=""https://archive.org/download/mmoiresdelasoci15fragoog/page/n212_w1600.jpg"" corresp=""https://iiif.archive.org/iiif/mmoiresdelasoci15fragoog/manifest.json"" xml:id=""SMPA-EG_censier_p205_c40_2""/> et p"
persName,Gile,SMPA-EG_censier_0040,205,"r derriere, et pour le meison Gile a le Souche, le mostardie"
persName,Guiart le Charpentier,SMPA-EG_censier_0040,204,"meisons Auber le Aguillier et Guiart le Charpentier, et pour"
persName,Guillaume de Boichi,SMPA-EG_censier_0040,204,"ucier,<pb n=""205"" facs=""https://archive.org/download/mmoiresdelasoci15fragoog/page/n212_w1600.jpg"" corresp=""https://iiif.archive.org/iiif/mmoiresdelasoci15fragoog/manifest.json"" xml:id=""SMPA-EG_censier_p205_c40_2""/> et pour le meison Guillaume de Boichi, et pour l"
persName,Guilleume Berout,SMPA-EG_censier_0040,205,", et Jehan du Choquet, et feu Guilleume Berout, et de mestre"
persName,Guilleume Niober,SMPA-EG_censier_0040,205,", chascun an, sus les meisons Guilleume Niober [Adam Laguerr"
persName,Guilleume de Gremorte,SMPA-EG_censier_0040,204,"eece ajognant, que fut de feu Guilleume de Gremorte, et pour"
persName,Henri,SMPA-EG_censier_0040,204,"de Boichi, et pour le meison Henri l'Alement ajognant, et p"
persName,Henri le Charpentier,SMPA-EG_censier_0040,205,"uilleume Berout, et de mestre Henri le Charpentier, toutes e"
persName,Heude de Bonneull,SMPA-EG_censier_0040,204,"s ajognant, et pour le meison Heude de Bonneull, pour les me"
persName,Jaque,SMPA-EG_censier_0040,205,"e rue de Cul de Pext, que est Jaques de Trives, clerc, i s."
persName,Jehan,SMPA-EG_censier_0040,205,"Mestre Jehan et Colin Thibout, freire"
persName,Jehan,SMPA-EG_censier_0040,205,"sons Nicholaus le Monoier, et Jehan d'Arenes, et pour le mei"
persName,Jehan de Bogival,SMPA-EG_censier_0040,205,"enes, et pour le meison de fu Jehan de Bogival, et pour les"
persName,Jehan du Choquet,SMPA-EG_censier_0040,205,"u de Glathini, et Bertaut, et Jehan du Choquet, et feu Guill"
persName,Johannes de Hesdevilla,SMPA-EG_censier_0040,205,"Colin Thibout, freires [modo Johannes de Hesdevilla, junior"
persName,Maci de Pierrefrite,SMPA-EG_censier_0040,205,"val, et pour les dues meisons Maci de Pierrefrite entretenan"
persName,Nicholaus le Monoier,SMPA-EG_censier_0040,205,"retenans, et pour les meisons Nicholaus le Monoier, et Jehan"
persName,Raoul le Sarraurier,SMPA-EG_censier_0040,205,eurent Gandofle le Lombart et Raoul le Sarraurier jusques au
persName,Renaut de Verdu,SMPA-EG_censier_0040,205,"ume Niober [Adam Laguerre] et Renaut de Verdu ajognant, et s"
persName,Richart,SMPA-EG_censier_0040,204,"harpentier, et pour le meison Richart l'Orfevre, et pour aut"
persName,Richart des Polies,SMPA-EG_censier_0040,205,Richart des Polies pour le mei
persName,Robert Beroust,SMPA-EG_censier_0040,205,"[Fol. 16 vo.] Mestre Robert Beroust, clerc [modo he"
persName,Thomas,SMPA-EG_censier_0040,204,"osay, devant le meison du dit Thomas, et pour les meisons Au"
persName,Thomas le Frapier,SMPA-EG_censier_0040,205,", exceptée le meison que feut Thomas le Frapier."
persName,Thomas le Fundeeur,SMPA-EG_censier_0040,204,"e Gremorte, et pour le meison Thomas le Fundeeur ajognant, e"
persName,Ysabieu de Glathini,SMPA-EG_censier_0040,205,"Item, pour les meisons Ysabieu de Glathini, et Bertau"
persName,Yve des Pavellons,SMPA-EG_censier_0040,204,"ite comunité pour les meisons Yve des Pavellons, si comme el"
placeName,Biaubourc,SMPA-EG_censier_0040,204,"e part et d'autre, jusques en Biaubourc."
placeName,Gieffre,SMPA-EG_censier_0040,204,"du Temple, ou coing de le rue Gieffre l'Angevin, et dedans l"
persName,Estiene le Gros,SMPA-EG_censier_0041,206,"et, d'autre part, à le meison Estiene le Gros [modo heredi S"
persName,Evrart le Charpentier,SMPA-EG_censier_0041,206,"un cousté, à le meison mestre Evrart le Charpentier [modo he"
persName,Jehan de Forges,SMPA-EG_censier_0041,206,"ont et prenent sus le meison Jehan de Forges, le tescherren"
persName,Jehan de Fossez,SMPA-EG_censier_0041,205,", le fame feu Robert Coquere [Jehan de Fossez, ferron], et K"
persName,Jehan de Seint Tibaut,SMPA-EG_censier_0041,206,"Ales pour sa meison, que feut Jehan de Seint Tibaut, le pehi"
persName,Katherine le Pizdoe,SMPA-EG_censier_0041,205,"[Jehan de Fossez, ferron], et Katherine le Pizdoe [modo Maci"
persName,Maci Pido,SMPA-EG_censier_0041,205,"et Katherine le Pizdoe [modo Maci Pido, ambo debent xxvi d."
persName,Marie,SMPA-EG_censier_0041,205,"(sic).<pb n=""206"" facs=""https://archive.org/download/mmoiresdelasoci15fragoog/page/n213_w1600.jpg"" corresp=""https://iiif.archive.org/iiif/mmoiresdelasoci15fragoog/manifest.json"" xml:id=""SMPA-EG_censier_p206_c41_2""/> Mahi¹ de Sachi et Marie sa femme, sergent du gue"
persName,Marie de Mullent,SMPA-EG_censier_0041,205,"Marie de Mullent, le fame feu"
persName,Michiel le Mason,SMPA-EG_censier_0041,205,"ue Symon Franc, qui fut jadis Michiel le Mason [modo dicti M"
persName,Pierre le Borssier des Ales,SMPA-EG_censier_0041,206,Pierre le Borssier des Ales po
persName,Pierre le Linier,SMPA-EG_censier_0041,206,"le Petite Bouckarie, que est Pierre le Linier, iii s."
persName,Raoul de Romainvilla,SMPA-EG_censier_0041,206,"nant, d'une part, à le meison Raoul de Romainvilla, et, d'au"
persName,Raoul le Breton,SMPA-EG_censier_0041,205,"et, d'autre part, à le meson Raoul le Breton, et aboutist,"
persName,Robert Coquere,SMPA-EG_censier_0041,205,"Marie de Mullent, le fame feu Robert Coquere [Jehan de Fosse"
placeName,Symon Franc,SMPA-EG_censier_0041,205,"son ou place assise en la rue Symon Franc, qui fut jadis Mic"
placeName,Symon Franc,SMPA-EG_censier_0041,205,"8. — En le rue Symon Franc, jusques au kairef"
persName,Alain le Pelletier,SMPA-EG_censier_0042,206,"l'auge, et Hervi le Breto et Alain le Pelletier entretenans"
persName,Ancel de Morgneval,SMPA-EG_censier_0042,207,"llin, pour les meisons mestre Ancel de Morgneval et pour tou"
persName,Estiene,SMPA-EG_censier_0042,207,"chiere, pour le meison mestre Estiene d'Auceurre [modo Theob"
persName,Estiene de Nuefchastieu,SMPA-EG_censier_0042,207,"d'une part, à le porte mestre Estiene de Nuefchastieu, le ph"
persName,Estienne de Nuefchastieu,SMPA-EG_censier_0042,207,"tre, de le porte dudit mestre Estienne de Nuefchastieu, jusq"
persName,Gieffre de Compiegne,SMPA-EG_censier_0042,207,Robert [Petri] de Gambays et Gieffre de Compiegne entretena
persName,Gieffre le Molleur,SMPA-EG_censier_0042,207,"son ajognant, que feut de feu Gieffre le Molleur, tenant à l"
persName,Guilleume Espaulart,SMPA-EG_censier_0042,207,"sques aus meisons que feurent Guilleume Espaulart, pour [pro"
persName,Guilleume de Loviers,SMPA-EG_censier_0042,206,"Les hers de feu Guilleume de Loviers, le ferro"
persName,Guilleume le Mercier,SMPA-EG_censier_0042,207,[Fol. 17 vo.] La² fame de feu Guilleume le Mercier pour ces
persName,Hervi le Breto,SMPA-EG_censier_0042,206,"l'Anglés, laveur à l'auge, et Hervi le Breto et Alain le Pel"
persName,Hervi le Breto,SMPA-EG_censier_0042,206,"les meisons au Chevau Roge et Hervi le Breto, et, d'autre pa"
persName,Jehan,SMPA-EG_censier_0042,206,"pour les meisons, que feurent Jehan d'Athainville, ajognant"
persName,Jehan Arrode,SMPA-EG_censier_0042,207,"Jehan Arrode, pour vi l. et x"
persName,Jehan Roucin,SMPA-EG_censier_0042,206,"poitavine, et sus les meisons Jehan Roucin et Thomas l'Anglé"
persName,Jehan de Forges,SMPA-EG_censier_0042,206,"rue Symon Franc, à le meison Jehan de Forges devant dit, xx"
persName,Jehane,SMPA-EG_censier_0042,207,"ognant des dites meisons dame Jehane, ii d."
persName,Jehane,SMPA-EG_censier_0042,207,"ognant des dites meisons dame Jehane, d'une part et d'autre,"
persName,Johannes de Fossatis,SMPA-EG_censier_0042,206,Margarite d'Acre [modo Johannes de Fossatis] pour les
persName,Johannes de Fossatis,SMPA-EG_censier_0042,206,"ferro de le Ferronerie [modo Johannes de Fossatis], pour le"
persName,Margarite,SMPA-EG_censier_0042,206,Margarite d'Acre [modo Johanne
persName,Marie de Monfort,SMPA-EG_censier_0042,207,"ne part, à le meison que feut Marie de Monfort, le beguine,"
persName,Marie de Mullent,SMPA-EG_censier_0042,207,Marie de Mullent pour le meiso
persName,Pierre Marceu,SMPA-EG_censier_0042,207,"r [modo M. G. de Cleville] et Pierre Marceu, le joeune, pour"
persName,Pierre de Bougival,SMPA-EG_censier_0042,206,"ognant de le meison, que feut Pierre de Bougival, et pour le"
persName,Robert,SMPA-EG_censier_0042,207,que il prent sus les meisons Robert [Petri] de Gambays et G
persName,Symon,SMPA-EG_censier_0042,207,"devant le dite meison du dit Symon l'Espingier, pour le cen"
persName,Symon,SMPA-EG_censier_0042,207,Le dit Symon l'Espinguier [modo M. G.
persName,Symon,SMPA-EG_censier_0042,207,"eur, tenant à le meison dudit Symon."
persName,Symon le Coc,SMPA-EG_censier_0042,207,La fame de feu Symon le Coc [R. Baradan] pour
persName,Symon le Mostardier,SMPA-EG_censier_0042,206,"t, d'autre part, de le meison Symon le Mostardier, per toute"
persName,Symon les Espinguiers,SMPA-EG_censier_0042,207,é pour les meisons Gilbert et Symon les Espinguiers [modo H.
persName,Thibaut le Picart,SMPA-EG_censier_0042,206,", et pour le meison, que feut Thibaut le Picart, devant ajog"
persName,Thomas,SMPA-EG_censier_0042,206,"s les meisons Jehan Roucin et Thomas l'Anglés, laveur à l'au"
placeName,Pierre Aulart,SMPA-EG_censier_0042,206,"Petite Bouckarie et en le rue Pierre Aulart, jusques en Rue"
placeName,Symon Franc,SMPA-EG_censier_0042,206,"ons asizes ou coing de le rue Symon Franc, pour xxvii s. iii"
placeName,Symon Franc,SMPA-EG_censier_0042,206,"es meisons jusques, en le rue Symon Franc, à le meison Jehan"
persName,Gautier Taupin,SMPA-EG_censier_0043,208,"oe, devant le meison que feut Gautier Taupin¹."
persName,Gile Maupas,SMPA-EG_censier_0043,208,"ine [dictus G.], fille feu de Gile Maupas, pour sa meison aj"
persName,Jaqueline,SMPA-EG_censier_0043,208,"ousté, à le meison de le dite Jaqueline, et, d'autre part, f"
persName,Jaqueline,SMPA-EG_censier_0043,208,"Le dite Jaqueline [dictus G.], fille f"
persName,Jaqueline Malpas,SMPA-EG_censier_0043,208,"et, d'autre part, à le meison Jaqueline Malpas, iii s."
persName,Jehan Daupiex,SMPA-EG_censier_0043,208,"s meisons du benefice messire Jehan Daupiex, et, d'autre par"
persName,Jehan de Villeneuve,SMPA-EG_censier_0043,208,Le dit Jehan de Villeneuve pour ces m
persName,Jehan de Villeneuve,SMPA-EG_censier_0043,208,"re part, tenant à les meisons Jehan de Villeneuve [dicto G.]"
persName,Raoul de Conches,SMPA-EG_censier_0043,208,"Raoul de Conches [G. Biaufiuz,"
persName,Bertaut,SMPA-EG_censier_0044,208,"ant, d'un cousté, aus meisons Bertaut de le Ale, et, d'autre"
persName,Jaque Brichart,SMPA-EG_censier_0044,208,"in] pour le granche, que feut Jaque Brichart, tenant, d'un c"
persName,Jehan Gresillon,SMPA-EG_censier_0044,208,"ue Neuve, aus meisons messire Jehan Gresillon [dominus G. Ch"
persName,Phelippe Bonnetin,SMPA-EG_censier_0044,208,"Renier Bordo, le jeune [modo Phelippe Bonnetin — aux hers J"
persName,Pierre de Moncuc,SMPA-EG_censier_0044,208,"sus les dites meisons du dit Pierre de Moncuc ajognant, et,"
persName,Pierre de Moncuc,SMPA-EG_censier_0044,208,"et, d'autre part, aus meisons Pierre de Moncuc [Petit], i d."
persName,Renier Bordo,SMPA-EG_censier_0044,208,"Renier Bordo, le jeune [modo P"
persName,Robert de Paris,SMPA-EG_censier_0044,208,"11. — En le rue de le Court Robert de Paris, d'un cousté e"
persName,Geufroi,SMPA-EG_censier_0045,209,"rc du Chastellet [modo au dit Geufroi], iii s."
persName,Geufroi,SMPA-EG_censier_0045,209,"Thomas du Lovre [modo au dit Geufroi], i tornés."
persName,Geufroi,SMPA-EG_censier_0045,209,"Jehan de Chielle [modo au dit Geufroi], i s."
persName,Geufroi de Savegni,SMPA-EG_censier_0045,209,"feut Anequin Valequier¹ [modo Geufroi de Savegni], iii d."
persName,Gieffre,SMPA-EG_censier_0045,209,"enant à le dite meison du dit Gieffre, que feut au Flement d"
persName,Gieffre,SMPA-EG_censier_0045,209,"utre part, à le meison du dit Gieffre, que feut Anequin Vale"
persName,Gieffre Coquatris,SMPA-EG_censier_0045,209,Gieffre Coquatris pour le meis
persName,Jehan,SMPA-EG_censier_0045,209,"ue, tenant à le meison du dit Jehan et à le meison mestre Ys"
persName,Jehan Palée,SMPA-EG_censier_0045,209,"ne part, à le meison que feut Jehan Palée, en lequielle ha u"
persName,Jehan de Chielle,SMPA-EG_censier_0045,209,"Le dit Jehan de Chielle, le paveeur,"
persName,Jehan de Chielle,SMPA-EG_censier_0045,209,"et, d'autre part, à le meison Jehan de Chielle [modo au dit"
persName,Margarite,SMPA-EG_censier_0045,209,"Dame Margarite, fame jadis de feu P"
persName,Margarite,SMPA-EG_censier_0045,209,"part, à le petite meison dame Margarite, fame jadis de feu P"
persName,Marie Laugiere,SMPA-EG_censier_0045,209,"s, le messatgier le roy [modo Marie Laugiere], i d. p."
persName,Marie Laugiere,SMPA-EG_censier_0045,209,"dit sire Pierre Gencien [modo Marie Laugiere], i tornés."
persName,Pierre Gencien,SMPA-EG_censier_0045,209,"Margarite, fame jadis de feu Pierre Gencien, pour le petite"
persName,Pierre Gencien,SMPA-EG_censier_0045,209,"e meison, que fut au dit sire Pierre Gencien [modo Marie Lau"
persName,Pierre Gencien,SMPA-EG_censier_0045,209,"Margarite, fame jadis de feu Pierre Gencien, ii d. et poita"
persName,Pierre Gencien,SMPA-EG_censier_0045,209,"devant le meison de feu sire Pierre Gencien, jusques au mie"
persName,Robert,SMPA-EG_censier_0045,209,"autre, par dessa, à le meison Robert d'Angiers, le messatgie"
placeName,Chastellet,SMPA-EG_censier_0045,209,"eison mestre Ystace, clerc du Chastellet [modo au dit Geufro"
placeName,Lambert de Chielle,SMPA-EG_censier_0045,209,"12. — [Fol. 18.] En le rue Lambert de Chielle, devant le"
persName,Aden Boucel,SMPA-EG_censier_0046,210,itz devant en Rue Neuve [modo Aden Boucel].
persName,Estiene Malpas,SMPA-EG_censier_0046,211,"ne partie de le meison du dit Estiene Malpas, que il achete"
persName,Estiene Malpas,SMPA-EG_censier_0046,211,"utre part, à le meison du dit Estiene Malpas, ii d."
persName,Estiene Malpas,SMPA-EG_censier_0046,211,"autre part, à le meison dudit Estiene Malpas, iiii d."
persName,Estiene Malpas,SMPA-EG_censier_0046,211,"Estiene Malpas pour sa meison,"
persName,Gieffre de Vitri,SMPA-EG_censier_0046,210,"ant, d'un cousté, à le meison Gieffre de Vitri, et, d'autre"
persName,Gile,SMPA-EG_censier_0046,211,"t meison et le meison de fueu Giles Malpas, dedens l’Enclois"
persName,Jaque Gencien,SMPA-EG_censier_0046,210,"tenant à ledite meison du dit Jaque Gencien, d'un cousté, et"
persName,Jaque Gencien,SMPA-EG_censier_0046,210,Jaque Gencien [modo la malader
persName,Jehan,SMPA-EG_censier_0046,211,[Fol. 19.] Jehan dit Roy [modo Jehane la
persName,Jehan Arrode,SMPA-EG_censier_0046,210,Jehan Arrode [modo Perrin d'Os
persName,Jehan Baugart,SMPA-EG_censier_0046,210,"feu Richart le Talleur [modo Jehan Baugart], iii s."
persName,Jehan Baugart,SMPA-EG_censier_0046,210,Jehan Brichart [modo Jehan Baugart] pour le dite me
persName,Jehan Brichart,SMPA-EG_censier_0046,210,"Item, le dit Jehan Brichart [modo Perrin d'"
persName,Jehan Brichart,SMPA-EG_censier_0046,210,Jehan Brichart [modo Jehan Bau
persName,Jehan Brichart,SMPA-EG_censier_0046,210,"par dessa, à le meison du dit Jehan Brichart, iii s."
persName,Jehan Marcel,SMPA-EG_censier_0046,211,"tite meison aus Carneus [modo Jehan Marcel], entre sa grant"
persName,Jehan Marcel,SMPA-EG_censier_0046,211,"Le dit Symon Marceu [modo Jehan Marcel, drapier¹], pour"
persName,Jehan Marcel,SMPA-EG_censier_0046,211,"ant meison Symon Marceu [modo Jehan Marcel], iii d. t."
persName,Jehan Roy,SMPA-EG_censier_0046,211,"une part, à les dites meisons Jehan Roy [Jehane la Reine], e"
persName,Jehan de Lions,SMPA-EG_censier_0046,211,Phelippe Bonetin [modo Jehan de Lions] pour sa grant
persName,Jehan le Paumier,SMPA-EG_censier_0046,210,tenei — modo aus hoirs de feu Jehan le Paumier] pour sa gran
persName,Jehane la Reine,SMPA-EG_censier_0046,211,"les dites meisons Jehan Roy [Jehane la Reine], et, d’autre"
persName,Jehane la Roine,SMPA-EG_censier_0046,211,Fol. 19.] Jehan dit Roy [modo Jehane la Roine] pour ces meis
persName,Marie,SMPA-EG_censier_0046,210,"Le meison choete, que fut Marie d'Autuelh, tenant, d'un"
persName,Marie le Conversse,SMPA-EG_censier_0046,210,"e Forest, jusques à le meison Marie le Conversse, devant et"
persName,Nicholaus le Tuillier,SMPA-EG_censier_0046,211,Nicholaus le Tuillier [modo Th
persName,Nicholaus le Tuillier,SMPA-EG_censier_0046,211,"et, d’autre part, à le meison Nicholaus le Tuillier, iiii d."
persName,Perrin,SMPA-EG_censier_0046,210,"Jehan Arrode [modo Perrin d'Osserre, changeur] po"
persName,Perrin,SMPA-EG_censier_0046,210,", le dit Jehan Brichart [modo Perrin d'Osserre, orfevre] pou"
persName,Phelippe Bonetin,SMPA-EG_censier_0046,211,Phelippe Bonetin [modo Jehan d
persName,Pierre,SMPA-EG_censier_0046,211,"rt, à une autre meison du dit Pierre, i d."
persName,Pierre Leber,SMPA-EG_censier_0046,210,"l. 18 vo.] Le meison, que fut Pierre Leber¹, que est de le a"
persName,Pierre Marceu,SMPA-EG_censier_0046,211,"d’autre part, à ledite meison Pierre Marceu, iii tourn."
persName,Pierre Marceu,SMPA-EG_censier_0046,211,"Le dit Pierre Marceu, le vieus, pour"
persName,Pierre Marceu,SMPA-EG_censier_0046,211,"de l’autre part, aus meisons Pierre Marceu, le vieus, le dr"
persName,Pierre Petit,SMPA-EG_censier_0046,211,"Pierre de Moncuc [modo Pierre Petit, changeur] pour s"
persName,Pierre de Moncuc,SMPA-EG_censier_0046,211,"té, à le petite meison du dit Pierre de Moncuc, et, d’autre"
persName,Pierre de Moncuc,SMPA-EG_censier_0046,211,Pierre de Moncuc [modo Pierre
persName,Richart de Forest,SMPA-EG_censier_0046,210,"de le meison, que feut mestre Richart de Forest, jusques à l"
persName,Richart le Talleeur,SMPA-EG_censier_0046,210,t] pour le dite meison de feu Richart le Talleeur tenant à l
persName,Richart le Talleeur,SMPA-EG_censier_0046,210,"re part, à le meison que feut Richart le Talleeur, ii s.; de"
persName,Richart le Talleur,SMPA-EG_censier_0046,210,nant de le dite meison de feu Richart le Talleur [modo Jehan
persName,Symon Marceu,SMPA-EG_censier_0046,211,Le dit Symon Marceu [modo Jehan Marce
persName,Symon Marceu,SMPA-EG_censier_0046,211,"autre part, à le grant meison Symon Marceu [modo Jehan Marce"
persName,Thomas le Tuilier,SMPA-EG_censier_0046,211,Nicholaus le Tuillier [modo Thomas le Tuilier] pour sa mei
placeName,Encloistre,SMPA-EG_censier_0046,211,"e fueu Giles Malpas, dedens l’Encloistre, devant le chief du"
placeName,Encloistre,SMPA-EG_censier_0046,211,"eison, que feit le coing de l’Encloistre, devant le petit ci"
placeName,Encloistre,SMPA-EG_censier_0046,211,"comportent, jusques dedens l’Encloistre, tenans, d’une part"
placeName,Encloistre,SMPA-EG_censier_0046,211,"isons, qui font le coing de l’Encloistre, de l’autre part, s"
placeName,Encloistre,SMPA-EG_censier_0046,211,"comportent, jusques dedens l’Encloistre, tenans, de l’autre"
placeName,Encloistre,SMPA-EG_censier_0046,211,"eit le coing de l’entrée de l’Encloistre, d’une part, et ten"
placeName,Encloistre,SMPA-EG_censier_0046,209,"Merri, jusques au coing de l'Encloistre, devant le meison G"
placeName,Robert de Paris,SMPA-EG_censier_0046,210,", que feit le coing de le rue Robert de Paris, ajognant de l"
placeName,Seint Anthoine,SMPA-EG_censier_0046,210,"ber¹, que est de le abbaye de Seint Anthoine, si comme elle"
placeName,Seint Anthoine,SMPA-EG_censier_0046,209,"é pour les petites meisons de Seint Anthoine, devant le Barr"
placeName,Seint Merri,SMPA-EG_censier_0046,209,"ie, et par toute le Grant Rue Seint Merri, jusques au coing"
persName,Evrart le Nerou,SMPA-EG_censier_0047,212,"ant, d’un cousté, à le meison Evrart le Nerou¹, le fanier, e"
persName,Guillaume Boucel,SMPA-EG_censier_0047,212,"n Margarite le Boucelle [modo Guillaume Boucel], et sus autr"
persName,Guilleume,SMPA-EG_censier_0047,212,"Seint Merri, que est à mesire Guilleume l’Auvergnaz au prese"
persName,Margarite le Boucelle,SMPA-EG_censier_0047,212,"et, d’autre part, à le meison Margarite le Boucelle [modo Gu"
persName,Pierre,SMPA-EG_censier_0047,212,"ier, les dues, et l’autre est Pierre d’Ablege, ii d."
persName,Pierre de Tornai,SMPA-EG_censier_0047,212,", à le petite meison aus hers Pierre de Tornai, et, d’autre"
persName,Pierre de Tornay,SMPA-EG_censier_0047,212,", à le meison aus hers de feu Pierre de Tornay, ix s."
persName,Robert le Cloetier,SMPA-EG_censier_0047,212,"le rue de Marivaus, que sont Robert le Cloetier, les dues,"
persName,Robert le Vinetier,SMPA-EG_censier_0047,212,"meisons entretenans, que sont Robert le Vinetier [modo Douch"
placeName,Seint Denis du Pas,SMPA-EG_censier_0047,212,"Les chanoines de Seint Denis du Pas, pour xx s."
placeName,Seint Merri,SMPA-EG_censier_0047,212,"de l’autiel Seint Michiel de Seint Merri, que est à mesire"
placeName,Seinte Katherine,SMPA-EG_censier_0047,212,"sus le meison de l’Ostiel de Seinte Katherine tenant, d’un"
persName,Guiart le Porchier,SMPA-EG_censier_0048,212,"chans, le petit archier [modo Guiart le Porchier, savetier],"
persName,Guilleume Deschans,SMPA-EG_censier_0048,212,"Guilleume Deschans, le petit a"
persName,Jehan Bourdon,SMPA-EG_censier_0048,212,eritiers de feu Jehan Fornié [Jehan Bourdon].
persName,Jehan Fornié,SMPA-EG_censier_0048,212,x poient les heritiers de feu Jehan Fornié [Jehan Bourdon].
persName,Robert Basin,SMPA-EG_censier_0048,212,"tre part, à le meison que fut Robert Basin, x d.; les quiex"
placeName,Jehan Pain Mollet,SMPA-EG_censier_0048,212,"15. — [Fol. 19 v°.] En le rue Jehan Pain Mollet, devant le G"
persName,Gieffre Morise,SMPA-EG_censier_0049,212,ie le fame ou ces hers de feu Gieffre Morise.
persName,Henri le Fornier,SMPA-EG_censier_0049,212,Les hers de feu Henri le Fornier [modo Jehan F
persName,Jaque,SMPA-EG_censier_0049,212,"— Devant le Chief du mostier Jaque, tres meisons tant seule"
persName,Jehan Fiqueit,SMPA-EG_censier_0049,212,de feu Henri le Fornier [modo Jehan Fiqueit] pour leur meiso
persName,Michiel le Tonnelier,SMPA-EG_censier_0049,212,"ant, d’un cousté, à le meison Michiel le Tonnelier, et, d’au"
persName,Pierre de Dieppe,SMPA-EG_censier_0049,212,"utre part, à le meison de feu Pierre de Dieppe, i d.; le qui"
persName,Agnès la Bordone,SMPA-EG_censier_0050,213,"ier, xv d.; les quieus poient Agnès la Bordone et Devenot, s"
persName,Estiene,SMPA-EG_censier_0050,213,"rdin par derriere, que le dit Estiene acheta de May de Erras"
persName,Estiene de Tria,SMPA-EG_censier_0050,213,"que il acheta des hers de feu Estiene de Tria, le calemellie"
persName,Jaque le Pevrier,SMPA-EG_censier_0050,213,"idonpnaie jusques à le meison Jaque le Pevrier, drapier, xv"
persName,Jehan le Sirier,SMPA-EG_censier_0050,212,"re de Mante, l’orfievre [modo Jehan le Sirier], pour sa meis"
persName,Laurens Quidonpnaie,SMPA-EG_censier_0050,213,"rs et les meisons que feurent Laurens Quidonpnaie, si comme"
persName,Laurens Quidonpnaie,SMPA-EG_censier_0050,213,"les quiex poie le fame de feu Laurens Quidonpnaie, pour le c"
persName,Maci,SMPA-EG_censier_0050,213,Les meisons Maci et Pierre de Montevrain e
persName,Pierre,SMPA-EG_censier_0050,213,"Item, le dit Pierre pour une chambre et pou"
persName,Pierre de Mante,SMPA-EG_censier_0050,213,"ierre de Montevrain et du dit Pierre de Mante ajognant, et l"
persName,Pierre de Mante,SMPA-EG_censier_0050,212,"Pierre de Mante, l’orfievre [m"
persName,Pierre de Montevrain,SMPA-EG_censier_0050,213,Les meisons Maci et Pierre de Montevrain et du dit
persName,Symon Paien,SMPA-EG_censier_0050,213,"tre part, à le meison que est Symon Paien, viii d.; les quie"
persName,Symon Paien,SMPA-EG_censier_0050,212,"oucherie, exceptées le meison Symon Paien et le meison que f"
persName,Symon Quidonpnaie,SMPA-EG_censier_0050,213,"s se comportent, de le meison Symon Quidonpnaie jusques à le"
persName,Symon Quidonpnaie,SMPA-EG_censier_0050,212,"on Paien et le meison que fut Symon Quidonpnaie, que ne sont"
placeName,Seint Jaque,SMPA-EG_censier_0050,212,"17. — En le Grant Rue, devant Seint Jaque, du coing de le Ta"
persName,Estiene le Picart,SMPA-EG_censier_0051,213,La fame de feu Estiene le Picart [modo Jehan
persName,Hue le Restore,SMPA-EG_censier_0051,213,"un cousté, à le meison mestre Hue le Restore, clerc, et, d’a"
persName,Jehan,SMPA-EG_censier_0051,213,"t et Jehane, sa suer, fame de Jehan l’Ymagier [modo Jehan Ro"
persName,Jehan Poillevilain,SMPA-EG_censier_0051,213,e feu Estiene le Picart [modo Jehan Poillevilain] pour ces m
persName,Jehan Rouciau,SMPA-EG_censier_0051,213,"fame de Jehan l’Ymagier [modo Jehan Rouciau, tesarant] pour"
persName,Jehan Rouciau,SMPA-EG_censier_0051,213,"bert et Jehane, sa suer [modo Jehan Rouciau, tesarant], ii d"
persName,Jehan de Lueu,SMPA-EG_censier_0051,213,"Le meison, que feut Jehan de Lueu, aus Sallies ten"
persName,Jehan le Lueu,SMPA-EG_censier_0051,213,"part, à le dite meison de feu Jehan le Lueu, et, d’autre par"
persName,Jehane,SMPA-EG_censier_0051,213,"devant ditz Pierre Tibert et Jehane, sa suer, fame de Jehan"
persName,Jehane,SMPA-EG_censier_0051,213,"à le meison Pierre Tibert et Jehane, sa suer [modo Jehan Ro"
persName,Laurens Quidonpnaye,SMPA-EG_censier_0051,213,"derriere, tenant aus meisons Laurens Quidonpnaye et Pierre"
persName,Pierre Tibert,SMPA-EG_censier_0051,213,"[Fol. 20.] Les devant ditz Pierre Tibert et Jehane, sa su"
persName,Pierre Tibert,SMPA-EG_censier_0051,213,"et, d’autre part, à le meison Pierre Tibert et Jehane, sa su"
persName,Pierre de Manta,SMPA-EG_censier_0051,213,"eisons Laurens Quidonpnaye et Pierre de Manta, l’orfievre, i"
persName,Jehan Dupin,SMPA-EG_censier_0052,213,"’autre<pb n=""214"" facs=""https://archive.org/download/mmoiresdelasoci15fragoog/page/n221_w1600.jpg"" corresp=""https://iiif.archive.org/iiif/mmoiresdelasoci15fragoog/manifest.json"" xml:id=""SMPA-EG_censier_p214_c52_2""/> part, à le meison Jehan Dupin, devant le petite"
persName,Pierre,SMPA-EG_censier_0052,213,"Pierre, le courreeur de cuers,"
persName,Pierre de Veires,SMPA-EG_censier_0052,213,"uers, pour sa meison, que fut Pierre de Veires [modo aus hei"
persName,Alain,SMPA-EG_censier_0053,214,"le Bouchier, le meison du dit Alain et cele dudit Raoul à le"
persName,Alain le Chaucier,SMPA-EG_censier_0053,214,Alain le Chaucier et Raoul Les
persName,Evrart du Wer,SMPA-EG_censier_0053,214,"Robert Beroust, clerc, [modo Evrart du Wer] pour xx s. de c"
persName,Hue le Boulvegne,SMPA-EG_censier_0053,214,"dit Raoul à le meison que fut Hue le Boulvegne, que est à pr"
persName,Jaque le Chapellier,SMPA-EG_censier_0053,214,"Boulvegne, que est à present Jaque le Chapellier, [modo Jeh"
persName,Jehan Aspicier,SMPA-EG_censier_0053,214,"nt Jaque le Chapellier, [modo Jehan Aspicier] iii s.; les qu"
persName,Raoul,SMPA-EG_censier_0053,214,on du dit Alain et cele dudit Raoul à le meison que fut Hue
persName,Raoul Lescot,SMPA-EG_censier_0053,214,"Alain le Chaucier et Raoul Lescot, le cellier, [mod"
persName,Robert Beroust,SMPA-EG_censier_0053,214,"ire Yves le Breton, et mestre Robert Beroust, clerc, [modo E"
persName,Yves le Breton,SMPA-EG_censier_0053,214,"nt le benefice que fut mesire Yves le Breton, et mestre Robe"
placeName,Chastellet,SMPA-EG_censier_0053,214,"p. de cens, que il en ont ou Chastellet de Paris, chascun a"
placeName,Seint Denis,SMPA-EG_censier_0053,214,"20. — En le Grant Rue Seint Denis, devant le fontein"
persName,Adam Aranc,SMPA-EG_censier_0054,222,"aoul de Mafliers, dont mesire Adam Aranc prent de fons de te"
persName,Adam Arenc,SMPA-EG_censier_0054,222,"v arpens en le censive mesire Adam Arenc, et arpent et demi"
persName,Adam Arenc,SMPA-EG_censier_0054,221,"les cinc en le censive mesire Adam Arenc, et le autre arpent"
persName,Adam Coquinnier,SMPA-EG_censier_0054,218,Estiene le Barrois [modo Adam Coquinnier] tient un quar
persName,Adam Picalesne,SMPA-EG_censier_0054,217,Adam Picalesne de le Villete S
persName,Adam Ranier,SMPA-EG_censier_0054,220,"et demi ; la fame Agnez, fame Adam Ranier, demi arpent; mest"
persName,Aden Point La Rue,SMPA-EG_censier_0054,217,Jaque Bouceu [modo Aden Point La Rue] pour dus ar
persName,Agnes,SMPA-EG_censier_0054,222,"riere et à le terre, que feut Agnes le fame feu Raoul de Maf"
persName,Agnès la Bardelle,SMPA-EG_censier_0054,214,"bouchier de Grant Pont [modo Agnès la Bardelle], pour un ar"
persName,Alain de Seint Benoist,SMPA-EG_censier_0054,218,"e Convers [à present auz hers Alain de Seint Benoist], vi d."
persName,Ameline,SMPA-EG_censier_0054,220,"Ameline, le fame feu Nicholaus"
persName,Andri Bigue,SMPA-EG_censier_0054,215,"utre part, à le viegne de feu Andri Bigue [Jehan Brice — mod"
persName,Andri Sance,SMPA-EG_censier_0054,214,"Nicholaus Sance [mestre Andri Sance, clerc, fiuz du di"
persName,Andrieu de Villenes,SMPA-EG_censier_0054,223,"ient à present la dicte ferme Andrieu de Villenes, gendre du"
persName,Arnoul,SMPA-EG_censier_0054,218,"rs de feu Henri de Neys [modo Arnoul d’Armenonville, clerc,"
persName,Aubert Murié,SMPA-EG_censier_0054,217,"enans, d’une part, à le terre Aubert Murié du coing de Piche"
persName,Aubert Murié,SMPA-EG_censier_0054,216,"rt, à le viegne et à le terre Aubert Murié [modo Engeren le"
persName,Bertaut Arrode,SMPA-EG_censier_0054,214,"t Martin, devant le presseeur Bertaut Arrode, tenant au chem"
persName,Bertaut Poupin,SMPA-EG_censier_0054,217,"Malcoart, tenans à le viegne Bertaut Poupin, d’une part, et"
persName,Clement Tioust,SMPA-EG_censier_0054,219,Clement Tioust [modo Adan de l
persName,Colin Baube,SMPA-EG_censier_0054,215,re Jehan Lecomte [et l’autre] Colin Baube; et les bailla led
persName,Enjoren le Fournier,SMPA-EG_censier_0054,216,"Guerin — Paien le Fournier — Enjoren le Fournier¹], vi d."
persName,Ernoul Pigno La Rue,SMPA-EG_censier_0054,217,"Panti [modo Henri Berangier — Ernoul Pigno La Rue], iii d."
persName,Estiene,SMPA-EG_censier_0054,219,"noines ; en insit tient ledit Estiene un arpent, que doit ii"
persName,Estiene,SMPA-EG_censier_0054,218,"’un cousté, à le terre du dit Estiene, que est en le censive"
persName,Estiene Asce,SMPA-EG_censier_0054,220,"t, devers le boys, à le terre Estiene Asce du dit pont ; et"
persName,Estiene Asse,SMPA-EG_censier_0054,220,"rt, du bot en aut, à le terre Estiene Asse du dit pont de Ch"
persName,Estiene Bonefille,SMPA-EG_censier_0054,218,re Seint Martin et à le terre Estiene Bonefille [à present J
persName,Estiene Bonefille,SMPA-EG_censier_0054,217,"d’une part, à le terre dudit Estiene Bonefille, et, d’autre"
persName,Estiene Bonefille,SMPA-EG_censier_0054,216,"Estiene Bonefille, le bouchier"
persName,Estiene Le Mire,SMPA-EG_censier_0054,215,Mestre Pierre le Myere [modo Estiene Le Mire — modo Emoren
persName,Estiene Piquet,SMPA-EG_censier_0054,215,"— modo Emoren le Fournier et Estiene Piquet], pour trois ar"
persName,Estiene de Riviere,SMPA-EG_censier_0054,215,— modo Emoren le Fournier et Estiene de Riviere] pour un ar
persName,Estiene le Barois,SMPA-EG_censier_0054,219,"Estiene le Barois, pour autres"
persName,Estiene le Barrois,SMPA-EG_censier_0054,219,"enant, d’une part, à le terre Estiene le Barrois, et, d’autr"
persName,Estiene le Barrois,SMPA-EG_censier_0054,218,"’une part, de le terre au dit Estiene le Barrois, et, d’autr"
persName,Estiene le Barrois,SMPA-EG_censier_0054,218,"e part, à le terre que le dit Estiene le Barrois tient trois"
persName,Estiene le Barrois,SMPA-EG_censier_0054,218,Estiene le Barrois [modo Adam
persName,Estienne Alorge,SMPA-EG_censier_0054,221,"ves, Bernat, son freire [modo Estienne Alorge], pour ledit a"
persName,Estienne de Monteigne,SMPA-EG_censier_0054,222,"laarent le Breto, clerc [modo Estienne de Monteigne et Julia"
persName,Gautier de Mons,SMPA-EG_censier_0054,217,"Guilleume de Sanz [modo Gautier de Mons], qui demeure"
persName,Gautier le Boutonier,SMPA-EG_censier_0054,215,"Fol. 21.] Jehane, le fame feu Gautier le Boutonier [modo Hue"
persName,Geufroi Viel,SMPA-EG_censier_0054,217,urens [modo Jehan Viel — modo Geufroi Viel] pour un arpent e
persName,Gieffre,SMPA-EG_censier_0054,215,", ajognant de le terre du dit Gieffre, d’un cousté, et, d’au"
persName,Gieffre de Donpmartin,SMPA-EG_censier_0054,215,"de Savies et à le terre dudit Gieffre de Donpmartin, vii d."
persName,Gieffre de Donpmartin,SMPA-EG_censier_0054,215,"Gieffre de Donpmartin, le merc"
persName,Gile,SMPA-EG_censier_0054,216,"bouchier de Grant Pont [modo Giles de Bonville], pour dus a"
persName,Girart de Breiben,SMPA-EG_censier_0054,218,"stiene, que est en le censive Girart de Breiben, qui jognt à"
persName,Guiart de Lagni,SMPA-EG_censier_0054,218,"ur partie, iii s. ii d. [modo Guiart de Lagni, demourant en"
persName,Guillaume,SMPA-EG_censier_0054,221,", à le terre, que feut mestre Guillaume aus Feuves, dus arpe"
persName,Guillaume Caourci de Monsturel,SMPA-EG_censier_0054,219,[Fol. 23.] Guillaume Caourci de Monsturel
persName,Guillaume Teillier,SMPA-EG_censier_0054,218,"Teillier, et ces enfans [modo Guillaume Teillier], pour troi"
persName,Guilleume,SMPA-EG_censier_0054,221,"Les hers de feu mestre Guilleume au Feuves, Bernat, s"
persName,Guilleume,SMPA-EG_censier_0054,219,"gne tenant à le viegne du dit Guilleume, d’un cousté [modo T"
persName,Guilleume,SMPA-EG_censier_0054,219,"autre arpent de viegne du dit Guilleume, xvi d. de fons de t"
persName,Guilleume Bordo,SMPA-EG_censier_0054,222,"sté, à le terre que feut sire Guilleume Bordo, et, part deso"
persName,Guilleume Gallo,SMPA-EG_censier_0054,215,"s, d’une part, à le viegne fu Guilleume Gallo, et, d’autre p"
persName,Guilleume de Sanz,SMPA-EG_censier_0054,217,"d’un cousté, à le dite viegne Guilleume de Sanz, et, d’autre"
persName,Guilleume de Sanz,SMPA-EG_censier_0054,217,Guilleume de Sanz [modo Gautie
persName,Guilleume le Mereschalc,SMPA-EG_censier_0054,215,Guilleume le Mereschalc [modo
persName,Henri Berangier,SMPA-EG_censier_0054,217,e le maladerie de Panti [modo Henri Berangier — Ernoul Pigno
persName,Henri de Neys,SMPA-EG_censier_0054,218,Les hers de feu Henri de Neys [modo Arnoul d’A
persName,Hervi,SMPA-EG_censier_0054,218,"Mestre Hervi de le Trinité, clerc, po"
persName,Hervi,SMPA-EG_censier_0054,217,", d’une part, à le dite terre Hervi de le Trinité, d’autre p"
persName,Hervi,SMPA-EG_censier_0054,217,"et, d’autre part, à le terre Hervi de le Trinité, clerc, xv"
persName,Hue,SMPA-EG_censier_0054,215,"eu Gautier le Boutonier [modo Huet Guerin], pour demi arpent"
persName,Hue,SMPA-EG_censier_0054,215,"terre sur nous, etc., qui est Huec Ribot. — Item, de parler"
persName,Hue Guerin,SMPA-EG_censier_0054,216,modo Tibaut Gerin — à present Hue Guerin — Paien le Fournier
persName,Hue Guerin,SMPA-EG_censier_0054,216,"llet [à present Jehan Murié — Hue Guerin], v d. et poitevine"
persName,Hue Guerin,SMPA-EG_censier_0054,215,"Jehan de Buci [modo Hue Guerin], demourans en Quin"
persName,Hue Guerin,SMPA-EG_censier_0054,215,"Donpmartin, le mercier [modo Hue Guerin — modo Emoren le Fo"
persName,Jaque Bouceu,SMPA-EG_censier_0054,217,Jaque Bouceu [modo Aden Point
persName,Jaquet Boucel,SMPA-EG_censier_0054,214,fame feu Pierre Boucou [modo Jaquet Boucel] pour un arpent
persName,Jehan,SMPA-EG_censier_0054,223,desclarée par avant. [Lequel¹ Jehan est trespassé et tient à
persName,Jehan,SMPA-EG_censier_0054,223,"eu de Villenes, gendre du dit Jehan.]"
persName,Jehan,SMPA-EG_censier_0054,222,"s tint à sa vie du dit mesire Jehan, et tient trois arpens d"
persName,Jehan,SMPA-EG_censier_0054,219,Jehano le Lombart tient trois
persName,Jehan,SMPA-EG_censier_0054,218,"Jehan, dit Teiller, tient demi"
persName,Jehan,SMPA-EG_censier_0054,217,"Robert Lescrivenz — à present Jehan de la Fournaize, ou nom"
persName,Jehan Augier,SMPA-EG_censier_0054,221,"devant ditz dus arpens dudit Jehan Augier, d'un cousté, et,"
persName,Jehan Augier,SMPA-EG_censier_0054,221,Jehan Augier pour dus arpens d
persName,Jehan Becheron,SMPA-EG_censier_0054,219,"don; et, pour le dit Thibaut, Jehan Becheron et Jehan le Lar"
persName,Jehan Berengier,SMPA-EG_censier_0054,216,"et, d’autre part, à le terre Jehan Berengier de le Villete"
persName,Jehan Billouart,SMPA-EG_censier_0054,217,"erre et pour dyeme [à present Jehan Billouart], v s. p."
persName,Jehan Bordo,SMPA-EG_censier_0054,214,"et, d’autre part, a le viegne Jehan Bordo, le jouene [à pres"
persName,Jehan Brice,SMPA-EG_censier_0054,215,le viegne de feu Andri Bigue [Jehan Brice — modo Jehan de Ri
persName,Jehan Garnier,SMPA-EG_censier_0054,214,"Jehan Garnier, le bouchier de"
persName,Jehan Lecomte,SMPA-EG_censier_0054,218,"Estiene Bonefille [à present Jehan Lecomte, closier de Sein"
persName,Jehan Lecomte,SMPA-EG_censier_0054,215,"Hemart le Riche, (et) l’autre Jehan Lecomte [et l’autre] Col"
persName,Jehan Murié,SMPA-EG_censier_0054,216,"Aloïs, le fame fu Jehan Murié [modo J. Murié], p"
persName,Jehan Murié,SMPA-EG_censier_0054,216,"du petit Aignellet [à present Jehan Murié — Hue Guerin], v d"
persName,Jehan Murié,SMPA-EG_censier_0054,215,"terre Aalois, le fame de feu Jehan Murié, et, d’autre part,"
persName,Jehan Murié de Poitronville,SMPA-EG_censier_0054,216,"Jehan Murié de Poitronville, p"
persName,Jehan Otren,SMPA-EG_censier_0054,221,"lec, et les tient son closier Jehan Otren, auprés au Molin a"
persName,Jehan Poislaysne,SMPA-EG_censier_0054,222,devers les marays à le terre Jehan Poislaysne [modo N. le M
persName,Jehan Poupin,SMPA-EG_censier_0054,218,"ne arrachée, que il acheta de Jehan Poupin, tenans, d’une pa"
persName,Jehan Poupin,SMPA-EG_censier_0054,216,"let, le boulengier, acheta de Jehan Poupin, que est en nostr"
persName,Jehan Russel,SMPA-EG_censier_0054,223,"Jehan Russel, le vieil, d'Yver"
persName,Jehan Teillier,SMPA-EG_censier_0054,218,"’un cousté, à le terre au dit Jehan Teillier, et, d’autre pa"
persName,Jehan Teillier,SMPA-EG_censier_0054,218,"et, d’autre part, à le terre Jehan Teillier, que tient de n"
persName,Jehan Tient,SMPA-EG_censier_0054,219,t Robert de Monstreul² — modo Jehan Tient et Climent Tient]
persName,Jehan Viel,SMPA-EG_censier_0054,217,ambert de Seint Laurens [modo Jehan Viel — modo Geufroi Viel
persName,Jehan Viel,SMPA-EG_censier_0054,217,", d’autre… (sic) [à present à Jehan Viel], iii d."
persName,Jehan de Bonneul,SMPA-EG_censier_0054,220,r dyeme [modo Pierre Cutin et Jehan de Bonneul].
persName,Jehan de Buci,SMPA-EG_censier_0054,215,Jehan de Buci [modo Hue Guerin
persName,Jehan de Buci,SMPA-EG_censier_0054,215,"et, d’autre part, à le terre Jehan de Buci, xii d."
persName,Jehan de Devisze,SMPA-EG_censier_0054,222,"Mesire Jehan de Devisze, chevalier, d"
persName,Jehan de Riviers,SMPA-EG_censier_0054,215,"dri Bigue [Jehan Brice — modo Jehan de Riviers, à cause de s"
persName,Jehan de Vaubenon,SMPA-EG_censier_0054,221,"Jehan de Vaubenon¹, pour ii ar"
persName,Jehan le Clerc,SMPA-EG_censier_0054,220,"et, d’autre part, à le terre Jehan le Clerc du pont de Char"
persName,Jehan le Clerc de Charanto,SMPA-EG_censier_0054,220,"nans, d’un cousté, à le terre Jehan le Clerc de Charanto, et"
persName,Jehan le Convers,SMPA-EG_censier_0054,218,"enis, entre les terres du dit Jehan le Convers, ii d."
persName,Jehan le Convers,SMPA-EG_censier_0054,218,"part, tenans à le dite terre Jehan le Convers [à present au"
persName,Jehan le Convers,SMPA-EG_censier_0054,217,[Fol. 22.] Jehan le Convers [modo Robert
persName,Jehan le Convers,SMPA-EG_censier_0054,216,"enant, d’une part, à le terre Jehan le Convers, que tient de"
persName,Jehan le Cordier,SMPA-EG_censier_0054,217,"ordier des Hallez — à present Jehan le Cordier, demourant en"
persName,Jehan le Douz,SMPA-EG_censier_0054,219,"trois quartiers, que feurent Jehan le Douz et Tierri le Ros"
persName,Jehan le Larron,SMPA-EG_censier_0054,219,"it Thibaut, Jehan Becheron et Jehan le Larron tienent¹ — mod"
persName,Jehan le Maçon,SMPA-EG_censier_0054,219,me Caourci de Monsturel [modo Jehan le Maçon et Thibaut Card
persName,Jehane,SMPA-EG_censier_0054,216,"tenant à le terre de le dite Jehane, et, d’autre part, à le"
persName,Jehane,SMPA-EG_censier_0054,215,"[Fol. 21.] Jehane, le fame feu Gautier le"
persName,Jehane,SMPA-EG_censier_0054,214,[Fol. 20 v°.] Treuville. Jehane le fame feu Pierre Bouc
persName,Lambert de Seint Laurens,SMPA-EG_censier_0054,217,Lambert de Seint Laurens [modo
persName,Mace,SMPA-EG_censier_0054,220,"part, à le terre sire Tibaut Macei, borgois de Paris, et au"
persName,Maci,SMPA-EG_censier_0054,220,"nt, et à le terre sire Tybout Maci, borgois de Paris [modo S"
persName,Maci de Grosbois,SMPA-EG_censier_0054,216,"enans, d’une part, à le terre Maci de Grosbois, et, d’autre"
persName,Maci de Grosbois,SMPA-EG_censier_0054,215,"urceu et Robert le Messier et Maci de Grosbois, toutes entre"
persName,Marie,SMPA-EG_censier_0054,219,"modo mestre Loys du Boys, par Marie sa fame], pour trois qua"
persName,Marie Laugière,SMPA-EG_censier_0054,221,"arpent en nostre terre [modo Marie Laugière], vi d."
persName,Marie de Murllent,SMPA-EG_censier_0054,216,Marie de Murllent [modo mestre
persName,Nicholaus,SMPA-EG_censier_0054,220,"[Fol. 23 v°.] Mestre Nicholaus, dit à l’Escuruel, d"
persName,Nicholaus Sance,SMPA-EG_censier_0054,214,Nicholaus Sance [mestre Andri
persName,Nicholaus de Rosai,SMPA-EG_censier_0054,220,tenant à le dite terre de feu Nicholaus de Rosai et à le ter
persName,Nicholaus de Rosai,SMPA-EG_censier_0054,220,"Ameline, le fame feu Nicholaus de Rosai, pour dus a"
persName,Nicholaus des Chans,SMPA-EG_censier_0054,218,Le curé de Seint. Nicholaus des Chans pour un qu
persName,Odart,SMPA-EG_censier_0054,220,"nt de Charanto, et à le terre Odart de le Barre, demi arpent"
persName,Odart le Rousse,SMPA-EG_censier_0054,220,"Odart le Rousse, du pont de Ka"
persName,Perrin Brice,SMPA-EG_censier_0054,216,"st en nostre terre [à present Perrin Brice], xii d."
persName,Pierre,SMPA-EG_censier_0054,220,"m Ranier, demi arpent; mestre Pierres Blanchet, un arpent."
persName,Pierre,SMPA-EG_censier_0054,215,"Guilleume le Mereschalc [modo Pierre], demourens en l’Encloi"
persName,Pierre,SMPA-EG_censier_0054,215,"nant à le terre du dit mestre Pierre, d’une part, et, d’autr"
persName,Pierre Boucou,SMPA-EG_censier_0054,214,Treuville. Jehane le fame feu Pierre Boucou [modo Jaquet Bou
persName,Pierre Cutin,SMPA-EG_censier_0054,220,demi de vin pour dyeme [modo Pierre Cutin et Jehan de Bonne
persName,Pierre Marceu,SMPA-EG_censier_0054,222,"s cinc quartiers de prié sire Pierre Marceu, le vieus,"
persName,Pierre Marceu,SMPA-EG_censier_0054,222,ns devers le fonteine au prié Pierre Marceu et au chief desu
persName,Pierre de Chambelin,SMPA-EG_censier_0054,216,Les hers de fu mestre Pierre de Chambelin pour trois
persName,Pierre de Chambelli,SMPA-EG_censier_0054,216,viegne des hers du dit mestre Pierre de Chambelli [modo Sequ
persName,Pierre le Miere,SMPA-EG_censier_0054,215,"d’une part, à le terre mestre Pierre le Miere, que tient des"
persName,Pierre le Myere,SMPA-EG_censier_0054,215,Mestre Pierre le Myere [modo Estiene
persName,Raoul de Mafliers,SMPA-EG_censier_0054,222,"e, que feut Agnes le fame feu Raoul de Mafliers, dont mesire"
persName,Renier Viellet,SMPA-EG_censier_0054,216,"rt, à le viegne arrachée, que Renier Viellet, le boulengier,"
persName,Richart,SMPA-EG_censier_0054,220,"pont de Karanton, fame jadis Richart de le Barre, pour demi"
persName,Richart des Polies,SMPA-EG_censier_0054,222,"Richart des Polies, le mercier"
persName,Richart des Polies,SMPA-EG_censier_0054,221,fons d'un arpent de terre que Richart des Polies tient des c
persName,Robert Blanchet,SMPA-EG_censier_0054,220,"dessus diz, c’est assavoir : Robert Blanchet, ii arpens et"
persName,Robert Lescriven,SMPA-EG_censier_0054,217,". 22.] Jehan le Convers [modo Robert Lescriven, changeeur] p"
persName,Robert Lescrivenz,SMPA-EG_censier_0054,217,et c’en va au bois [à present Robert Lescrivenz — à present
persName,Robert Turost,SMPA-EG_censier_0054,220,"Robert Turost, de Paris, pour"
persName,Robert de Monstreul,SMPA-EG_censier_0054,219,"do Benoit le Descharcheur, et Robert de Monstreul² — modo Je"
persName,Robert le Messier,SMPA-EG_censier_0054,215,es masures Beneoit Pourceu et Robert le Messier et Maci de G
persName,Symon,SMPA-EG_censier_0054,220,"Maci, borgois de Paris [modo Symoni Tibert], xii d."
persName,Thibaut,SMPA-EG_censier_0054,219,"ibaut Cardon; et, pour le dit Thibaut, Jehan Becheron et Jeh"
persName,Thibaut,SMPA-EG_censier_0054,215,"ns de terre, que il acheta de Thibaut d’Anieres, en une piec"
persName,Thibaut Cardon,SMPA-EG_censier_0054,219,"turel [modo Jehan le Maçon et Thibaut Cardon; et, pour le di"
persName,Thomas Brichart,SMPA-EG_censier_0054,217,"d’autre part, à le terre feu Thomas Brichart, pour le fons"
persName,Thomas Viellet,SMPA-EG_censier_0054,218,"Reinier Viellet [modo Thomas Viellet], le boulengier"
persName,Ysabieu,SMPA-EG_censier_0054,219,"nt à le dite terre de le dite Ysabieu, d’une part, et, d’aut"
persName,Ysabieu,SMPA-EG_censier_0054,218,"d’autre part, à le terre que Ysabieu, fame de feu Jordein l"
persName,Ysabieu,SMPA-EG_censier_0054,218,"odo J. Audaus], ii d. t.<pb n=""219"" facs=""https://archive.org/download/mmoiresdelasoci15fragoog/page/n226_w1600.jpg"" corresp=""https://iiif.archive.org/iiif/mmoiresdelasoci15fragoog/manifest.json"" xml:id=""SMPA-EG_censier_p219_c54_42""/> Ysabieu, le fame feu Jordain l"
persName,Yve,SMPA-EG_censier_0054,223,"Jehan Russel, le vieil, d'Yvery, tient une ferme des che"
persName,Yve des Pavellons,SMPA-EG_censier_0054,219,"Ales de le Voute, fame jadis Yve des Pavellons [modo mestre"
placeName,Encloistre,SMPA-EG_censier_0054,215,"[modo Pierre], demourens en l’Encloistre, pour les masures B"
placeName,Saint Martin,SMPA-EG_censier_0054,214,"rpent de viegne seant ou Mont Saint Martin, devant le presse"
placeName,Saint Merry de Paris,SMPA-EG_censier_0054,223,"s chevessier et chagnoines de Saint Merry de Paris, pour le"
placeName,Seint Denis,SMPA-EG_censier_0054,222,"e voie que c'en va de Paris à Seint Denis, desouz le viegne"
placeName,Seint Denis,SMPA-EG_censier_0054,221,"e vient de Paris et c'en va à Seint Denis, par le voie du Va"
placeName,Seint Denis,SMPA-EG_censier_0054,218,", sus les marays à le abbé de Seint Denis, ou terroeur de le"
placeName,Seint Denis,SMPA-EG_censier_0054,218,"terre, seant au dit chemi de Seint Denis, entre les terres"
placeName,Seint Denis,SMPA-EG_censier_0054,218,"re seans ajognant dudit chemi Seint Denis, et, d’autre part,"
placeName,Seint Denis,SMPA-EG_censier_0054,217,ireforc du chemin que vint de Seint Denis et c’en va au bois
placeName,Seint Denis,SMPA-EG_censier_0054,214,"or deuez, aus huitienes de le Seint Denis, aportez en l’egli"
placeName,Seint Denis du Vau,SMPA-EG_censier_0054,222,"dit chemin que va de Paris à Seint Denis du Vau Larronois,"
placeName,Seint Ladre,SMPA-EG_censier_0054,222,"les marays, de cousté le mur Seint Ladre, et, par dessa, de"
placeName,Seint Ladre,SMPA-EG_censier_0054,221,"gnant du chemi que descent de Seint Ladre vers le Roule, ten"
placeName,Seint Ladre,SMPA-EG_censier_0054,218,"nahins, des quiex sept arpens Seint Ladre prent xxviii d. de"
placeName,Seint Ladre,SMPA-EG_censier_0054,218,"ent Jehan Lecomte, closier de Seint Ladre], iii d."
placeName,Seint Ladre,SMPA-EG_censier_0054,217,Le meison de Seint Ladre pour trois arpens
placeName,Seint Ladre,SMPA-EG_censier_0054,217,Adam Picalesne de le Villete Seint Ladre pour trois quartie
placeName,Seint Ladre,SMPA-EG_censier_0054,216,"tronville, devers le Villette Seint Ladre, tenans, d’une par"
placeName,Seint Ladre,SMPA-EG_censier_0054,216,"Jehan Berengier de le Villete Seint Ladre, et, pour un autre"
placeName,Seint Martin,SMPA-EG_censier_0054,218,", d’autre part, à le cousture Seint Martin et à le terre Est"
placeName,Seint Martin,SMPA-EG_censier_0054,217,"rpens de viegne, seans ou Vau Seint Martin, ou terroeur du B"
placeName,Seint Martin,SMPA-EG_censier_0054,217,"tiers de viegne, seans ou Vau Seint Martin, tenans, d’une pa"
placeName,Seint Martin,SMPA-EG_censier_0054,217,"nans, d’une part, à le viegne Seint Martin, et, d’autre part"
placeName,Seint Martin,SMPA-EG_censier_0054,216,", seant derriere le Courtille Seint Martin, tenant, d’une pa"
placeName,Seint Martin de Pierre,SMPA-EG_censier_0054,217,"enans, d’une part, à le terre Seint Martin de Pierre Jumelle"
placeName,Seint Martin des Champs,SMPA-EG_censier_0054,217,"e, seans derriere le Cortille Seint Martin des Champs, tenan"
placeName,Seint Martin des Champs,SMPA-EG_censier_0054,217,"n Chaumont, tenant à le terre Seint Martin des Champs, et, d"
placeName,Seint Martin des Chans,SMPA-EG_censier_0054,215,Le prieur de Seint Martin des Chans et le c
placeName,Seint Merri,SMPA-EG_censier_0054,222,"censive des ditz chanoines de Seint Merri, tenans les x arpe"
placeName,Seint Merri,SMPA-EG_censier_0054,222,"d., et Nostre Dame xii d., et Seint Merri, chascun an, pour"
placeName,Seint Merri,SMPA-EG_censier_0054,221,"Polies tient des chanoines de Seint Merri, desouz Montmartre"
placeName,Seint Merri,SMPA-EG_censier_0054,218,"d., et les ditz chanoines de Seint Merri prenent, pour leur"
placeName,Seint Merri,SMPA-EG_censier_0054,217,", à le viegne de le Heure (?) Seint Merri, xx d. [modo la fa"
placeName,Seint Merri,SMPA-EG_censier_0054,214,"t Denis, aportez en l’egliese Seint Merri."
placeName,Seinte Katherine,SMPA-EG_censier_0054,222,"Seint Denis, desouz le viegne Seinte Katherine, d'un cousté,"
placeName,Trinité,SMPA-EG_censier_0054,218,"Mestre Hervi de le Trinité, clerc, pour dus arpen"
placeName,Trinité,SMPA-EG_censier_0054,217,", à le dite terre Hervi de le Trinité, d’autre part, au kair"
placeName,Trinité,SMPA-EG_censier_0054,217,"part, à le terre Hervi de le Trinité, clerc, xviii d."
persName,Aubert le Linier,SMPA-EG_censier_0055,224,"Item, pour le meison Aubert le Linier de fons de te"
persName,Basile,SMPA-EG_censier_0055,224,"Item, pour le meison Basile, du coing de le Bare, d"
persName,Jaque,SMPA-EG_censier_0055,223,"Item, pour le meison, que fut Jaques de Columbiers, à le dit"
persName,Jehan de Montegni,SMPA-EG_censier_0055,223,"icelle meisme à le fame sire Jehan de Montegni, viii s. ix"
persName,Nicholaus de Rosay,SMPA-EG_censier_0055,223,ajognant de le meison de feu Nicholaus de Rosay à le petite
placeName,Encloistre,SMPA-EG_censier_0055,223,our leur meison du coing de l'Encloistre ajognant de le meis
placeName,Encloistre,SMPA-EG_censier_0055,223,ement pour leurs meisons de l'Encloistre.
placeName,Seint Germain,SMPA-EG_censier_0055,224,"Item, à leur vicaire de Seint Germain l'Auceurres, x s"
placeName,Seint Remi,SMPA-EG_censier_0055,223,"anoines devent au terme de le Seint Remi, chascun an, et pre"
persName,Adam Boulart de Darenci,SMPA-EG_censier_0056,224,"et, d'autre part, à le terre Adam Boulart de Darenci; [les⁴"
persName,Adam Olivier,SMPA-EG_censier_0056,224,"Adam Olivier tient un arpent,"
persName,Adam Olivier,SMPA-EG_censier_0056,224,"e laborée, exceptée le masure Adam Olivier, et contenent les"
persName,Aden Olivier,SMPA-EG_censier_0056,224,us [le queil tient meintenant Aden Olivier et Guilleume Oliv
persName,Guilleume Guillot,SMPA-EG_censier_0056,225,"'un cousté, à le terre du dit Guilleume Guillot, et, d'autre"
persName,Guilleume Guillot,SMPA-EG_censier_0056,224,"d'une part, à le terre du dit Guilleume Guillot, et, d'autre"
persName,Guilleume Guillot,SMPA-EG_censier_0056,224,"rt et d'autre, à le terre que Guilleume Guillot tient de nou"
persName,Guilleume Guillot de Darenci,SMPA-EG_censier_0056,224,Guilleume Guillot de Darenci t
persName,Guilleume Olivier,SMPA-EG_censier_0056,224,"et d'autre, [des quieus tient Guilleume Olivier, un quartier"
persName,Guilleume Olivier,SMPA-EG_censier_0056,224,"nt meintenant Aden Olivier et Guilleume Olivier, ses fiuz¹]."
persName,Jehan Aulart de Darenci,SMPA-EG_censier_0056,225,"et, d'autre part, à le terre Jehan Aulart de Darenci."
persName,Jehan Boitvin,SMPA-EG_censier_0056,225,"le Pelleterie, à Paris [modo Jehan Boitvin¹], tient v quart"
persName,Jehan Chevalier de Darenci,SMPA-EG_censier_0056,224,es terres tiennent meintenant Jehan Chevalier de Darenci dem
persName,Jehan le Breton,SMPA-EG_censier_0056,225,"Jehan le Breton, le pelletier,"
persName,Jehan le Normant,SMPA-EG_censier_0056,224,"i arpent, v s. iii d. — Item, Jehan le Normant demeurens à"
persName,Andriu Quenel,SMPA-EG_censier_0058,226,"feut Hue le Madelinier [modo Andriu Quenel], v s."
persName,Aubert le Linier,SMPA-EG_censier_0058,225,"Item, pour le meison Aubert le Linier [mons. Estien"
persName,Basile,SMPA-EG_censier_0058,225,"Item, sus le meison Basile, du coing de l'Encloist"
persName,Estiene,SMPA-EG_censier_0058,225,"on Heude le Queuc [modo mons. Estiene], xiii s. ix d."
persName,Estiene de Suci,SMPA-EG_censier_0058,225,"eison Aubert le Linier [mons. Estiene de Suci³], xii s. v d."
persName,Geufroi le Madelinier,SMPA-EG_censier_0058,225,"u Guilleume Langlois [modo de Geufroi le Madelinier], vii s."
persName,Gui,SMPA-EG_censier_0058,225,"ison Richart l'Orfievre [modo Guiot Lovier], ix s."
persName,Guilleume Langlois,SMPA-EG_censier_0058,225,à le fame et aus hers de feu Guilleume Langlois [modo de Ge
persName,Guilleume le Clerc,SMPA-EG_censier_0058,225,"u coing de l'Encloistre [modo Guilleume le Clerc], xxvi s."
persName,Heude le Queuc,SMPA-EG_censier_0058,225,"Item, sus le meison Heude le Queuc [modo mons. Est"
persName,Hue le Madelinier,SMPA-EG_censier_0058,226,"Item, sus le meison, que feut Hue le Madelinier [modo Andriu"
persName,Jaque de Columbiers,SMPA-EG_censier_0058,225,"ur une autre meison, que feut Jaque de Columbiers [modo Simo"
persName,Jehan de Dueul,SMPA-EG_censier_0058,225,"Pontoyse, le madelinier [modo Jehan de Dueul], xv s."
persName,Nicholaus de Rosai,SMPA-EG_censier_0058,225,renent sus le meison que feut Nicholaus de Rosai [modo Ansel
persName,Richart,SMPA-EG_censier_0058,225,"Item, sus le meison Richart l'Orfievre [modo Guiot"
persName,Simon Sepinel,SMPA-EG_censier_0058,225,"eut Jaque de Columbiers [modo Simon Sepinel], iiii l. [modo"
placeName,Encloistre,SMPA-EG_censier_0058,225,"meison Basile, du coing de l'Encloistre [modo Guilleume le"
placeName,Encloistre,SMPA-EG_censier_0058,225,"de Noel, et premierement en l'Encloistre, jusques à le porte"
placeName,Seint Merri,SMPA-EG_censier_0058,225,"ncloistre, jusques à le porte Seint Merri."
persName,Adam le Flamenc de Grive,SMPA-EG_censier_0059,226,"part, xii d.; les quiex poie Adam le Flamenc de Grive, pour"
persName,Guilleume de Freines,SMPA-EG_censier_0059,226,"Item, sus le meison Guilleume de Freines [par dess"
persName,Guilleume de Loviers,SMPA-EG_censier_0059,226,"Item, les hers de feu Guilleume de Loviers [modo le"
persName,Jaque,SMPA-EG_censier_0059,226,"ant, d'un cousté, à le meison Jaque, le chapelier de feutre,"
persName,Jehan,SMPA-EG_censier_0059,226,"meison a le fame et aus hers Jehan d'Angiers ajognant, iii"
persName,Jehan Viel,SMPA-EG_censier_0059,226,"ue il prenent sus les meisons Jehan Viel, iiii d."
persName,Jehan de Vanves,SMPA-EG_censier_0059,226,"fons de terre [le quiel poie Jehan de Vanves et ses hers²],"
persName,Jehan le Bodinier,SMPA-EG_censier_0059,226,"Item, ledit Jehan le Bodinier [modo G. l'A"
persName,Jehan le Bodinier,SMPA-EG_censier_0059,226,"et, d'autre part, à le meison Jehan le Bodinier, le linier,"
persName,Jehan le Romain,SMPA-EG_censier_0059,226,"Pas] et sus le meison mestre Jehan le Romain entretenans, a"
persName,Maci Pizdoe,SMPA-EG_censier_0059,226,"Les hers de feu Maci Pizdoe, pour l. s. de cen"
persName,Maci de Pierrefrite,SMPA-EG_censier_0059,226,"Item, sus le dite meison Maci de Pierrefrite [modo Pere"
persName,Maci de Pierrefrite,SMPA-EG_censier_0059,226,"de l'autre part, à le meison Maci de Pierrefrite, xii d. de"
persName,Raoul de Romainville,SMPA-EG_censier_0059,226,"Item, sus le dite meison Raoul de Romainville, tenant,"
persName,Raoul de Romainville,SMPA-EG_censier_0059,226,"tenans, ajognant de le meison Raoul de Romainville, d'autre"
persName,Richart des Polies,SMPA-EG_censier_0059,226,"terre; les quiex poie le dit Richart des Polies, pour lx s."
persName,Rogier du Fruit le Roy,SMPA-EG_censier_0059,226,"e ill prenent sus les meisons Rogier du Fruit le Roy, par de"
placeName,Seint Martin,SMPA-EG_censier_0059,226,"ouz nomées, assizes en le rue Seint Martin et en le rue Symo"
placeName,Symon Franc,SMPA-EG_censier_0059,226,"rue Seint Martin et en le rue Symon Franc, devant le fontein"
persName,Estiene,SMPA-EG_censier_0060,227,"Item, pour la meson du dit Estiene [modo Roul du Fruit],"
persName,Estiene de Conches,SMPA-EG_censier_0060,227,"Item, sus le meson Estiene de Conches² [modo Adan"
persName,Guilleume Thoumas,SMPA-EG_censier_0060,227,"Chandelier [à pressent mons. Guilleume Thoumas], v s."
persName,Jehan Michiel,SMPA-EG_censier_0060,227,"ichiel Boulengier [à pressent Jehan Michiel], xviii d."
persName,Jehan Poian,SMPA-EG_censier_0060,227,". l'Escolles) [modo aux hoirs Jehan Poian¹], iiii s. iii d."
persName,Margarite le Boulangiere,SMPA-EG_censier_0060,227,"les dues meisons entretenans Margarite le Boulangiere, de s"
persName,Michiel Boulengier,SMPA-EG_censier_0060,227,"Item, sus le meison Michiel Boulengier [à pressent"
persName,Thomas,SMPA-EG_censier_0060,227,"enent sus le meison, que feut Thomas de les Celles (corr. l'"
persName,Thomas le Chandelier,SMPA-EG_censier_0060,227,"Item, sus le meison, que feut Thomas le Chandelier [à presse"
persName,Ysabieu,SMPA-EG_censier_0060,227,"le petite meison May Mocet et Ysabieu sa fame, xviii d."
persName,Aden le Derame,SMPA-EG_censier_0061,227,"Item, sus le meson Aden le Derame, monnoier, ix s"
persName,Baudouin le Riche,SMPA-EG_censier_0061,227,"le Breton, clerc [à pressent Baudouin le Riche], iii s. iii"
persName,Daniel le Breton,SMPA-EG_censier_0061,227,"renent sus les meisons mestre Daniel le Breton, clerc [à pre"
persName,Jehan de Sezane,SMPA-EG_censier_0061,227,"e Roeyne ajognant [à pressent Jehan de Sezane], iii s. ii d."
persName,Ernoul le Pelerin,SMPA-EG_censier_0062,228,"eirone, le masson [à pressent Ernoul le Pelerin], xv d. et i"
persName,Gui,SMPA-EG_censier_0062,227,"s le petite granche, que feut Guihert le"
persName,Guillaume le Potier,SMPA-EG_censier_0062,228,"Nostre Dame [à present mons. Guillaume le Potier], ii s. vi"
persName,Henri,SMPA-EG_censier_0062,228,ont et prenent sus le meison Henri l'Alemant [à present Jeh
persName,Jehan de Peirone,SMPA-EG_censier_0062,228,"ont et prenent sus le meison Jehan de Peirone, le masson [à"
persName,Jehan le Potier,SMPA-EG_censier_0062,228,"on Henri l'Alemant [à present Jehan le Potier], xv d."
persName,Guillaume Quinenier,SMPA-EG_censier_0063,228,"n de Rouan et sont à pressent Guillaume Quinenier, xx s."
persName,Guillaume Quoquere,SMPA-EG_censier_0063,228,"de Limoges tient [à pressent Guillaume Quoquere], xii d."
persName,Jehan de Rouan,SMPA-EG_censier_0063,228,"esons, qui furent à la fillie Jehan de Rouan et sont à press"
persName,Phelippe de Limoges,SMPA-EG_censier_0063,228,"em, sus une place vuehde, que Phelippe de Limoges tient [à p"
persName,Robert de Corbuell,SMPA-EG_censier_0063,228,"enent sus le meison, que feut Robert de Corbuell [à pressent"
placeName,Biaubourc,SMPA-EG_censier_0063,228,6. — Ce sont les censives en Biaubourc.
persName,Gile,SMPA-EG_censier_0064,228,"Item, sus la granche Gile a la Tache, ii s."
persName,Gui,SMPA-EG_censier_0064,228,"on Robert Chevalier, que feut Guinier Malahonte [à pressent"
persName,Jehan Bobelin,SMPA-EG_censier_0064,228,"Guinier Malahonte [à pressent Jehan Bobelin], iii s. vi d."
persName,Marguerite la Parierre,SMPA-EG_censier_0064,228,"rt le Charpentier [à pressent Marguerite la Parierre], ii s."
persName,Richart le Charpentier,SMPA-EG_censier_0064,228,ont et prenent sus le meison Richart le Charpentier [à pres
persName,Robert Chevalier,SMPA-EG_censier_0064,228,"ont et prenent sus le meison Robert Chevalier, que feut Gui"
persName,Gui,SMPA-EG_censier_0065,228,"ufetier], vi s. vi d. [x s. à Guisiel de Novo]."
persName,Guillaume Langlois,SMPA-EG_censier_0065,228,"Richart Grisillon [à pressent Guillaume Langlois, bufetier],"
persName,Richart Grisillon,SMPA-EG_censier_0065,228,"Item, sus la meson Richart Grisillon [à pressent"
persName,Thomas le Frapier,SMPA-EG_censier_0065,229,"r de le leur meison, que feut Thomas le Frapier, vi s. ix d."
persName,Daniel le Breton,SMPA-EG_censier_0066,229,"niere pour sa meson de mestre Daniel le Breton, clerc, xv d."
persName,Estiene de Nuef Chastieu,SMPA-EG_censier_0066,229,"prenent sus le meison mestre Estiene de Nuef Chastieu, xx s"
persName,Estiene le Gros,SMPA-EG_censier_0066,229,"ont et prenent sus le meison Estiene le Gros, v s. vii d."
persName,Gile,SMPA-EG_censier_0066,229,"ont et prenent sus le meison Gilete, le niece Jehan Velut ["
persName,Guillaume Langlois,SMPA-EG_censier_0066,229,t prenent sus le grant meison Guillaume Langlois [à pressent
persName,Guy,SMPA-EG_censier_0066,229,"is, clerc [à pressent Betuche Guy²], ix d."
persName,Jaque le Breton,SMPA-EG_censier_0066,229,"ont et prenent sus le meison Jaque le Breton, clerc [à pres"
persName,Jehan,SMPA-EG_censier_0066,229,"le Breton, clerc [à pressent Jehan d'Erbleiges], xxi d."
persName,Jehan Bolin,SMPA-EG_censier_0066,229,"niece Jehan Velut [à present Jehan Bolin, monnoier], vi d."
persName,Jehan Velut,SMPA-EG_censier_0066,229,"us le meison Gilete, le niece Jehan Velut [à present Jehan B"
persName,Pierre de Pontoise,SMPA-EG_censier_0066,229,"m¹, sus deus places vides que Pierre de Pontoise tient des c"
persName,Pierre le Borcier,SMPA-EG_censier_0066,229,"ont et prenent sus le meison Pierre le Borcier, vii s."
persName,Simon de Denmertin,SMPA-EG_censier_0066,229,"uillaume Langlois [à pressent Simon de Denmertin], iiii s. v"
placeName,Seint Denis,SMPA-EG_censier_0066,229,"renent sus le meison Heude de Seint Denis, clerc [à pressent"
placeName,Seint Merri,SMPA-EG_censier_0066,229,"toise tient des chanoignes de Seint Merri à sens, xv s."
placeName,Symon Franc,SMPA-EG_censier_0066,229,"e sont les censives en le rue Symon Franc, d'un cousté et d'"
persName,Ancel de Morgenvel,SMPA-EG_censier_0067,229,"prenent sus le meison mestre Ancel de Morgenvel, clerc [à p"
persName,Gui,SMPA-EG_censier_0067,229,"envel, clerc [à pressent Tote Gui], ii s."
placeName,Guilleume Espaulart,SMPA-EG_censier_0067,229,"vo.] Ce est le cens en le rue Guilleume Espaulart, au bot de"
placeName,Pierre Aulart,SMPA-EG_censier_0067,229,"e Espaulart, au bot de le rue Pierre Aulart."
persName,Geufroy de Saveny,SMPA-EG_censier_0068,229,"Thomas du Louvre [à pressent Geufroy de Saveny], x s."
persName,Pierre Gencien,SMPA-EG_censier_0068,229,"de Chielle, devant le meison Pierre Gencien."
placeName,Lambert de Chielle,SMPA-EG_censier_0068,229,"1. — Ce est le cens en le rue Lambert de Chielle, devant le"
persName,Pierre Leber,SMPA-EG_censier_0069,230,"e Seint Anthoine, que feurent Pierre Leber, xxvii s. vi d."
placeName,Seint Anthoine,SMPA-EG_censier_0069,230,"et prenent sus les meisons de Seint Anthoine, que feurent Pi"
placeName,Seinte Katherine,SMPA-EG_censier_0070,230,t et prenent sus le meison de Seinte Katherine.
persName,Jaque,SMPA-EG_censier_0071,230,"he Seint Jaques, sus la meson Jaqueit Bourgois, xiii s. ix d"
persName,Maci de Montfleurain,SMPA-EG_censier_0071,230,", ont et prenent sus le meson Maci de Montfleurain⁴, xv s."
persName,Philippe des Ylles,SMPA-EG_censier_0071,230,"e meison Robert des Villes et Philippe des Ylles², que l'on"
persName,Pierre de Dieppe,SMPA-EG_censier_0071,230,"enent sus le meison, que feut Pierre de Dieppe, ajognant, xv"
persName,Robert des Villes,SMPA-EG_censier_0071,230,ont et prenent sus le meison Robert des Villes et Philippe
placeName,Seint Jaque,SMPA-EG_censier_0071,230,s devant le Chief du moustier Seint Jaque.
placeName,Seint Jaques,SMPA-EG_censier_0071,230,"Item, devant le porche Seint Jaques, sus la meson Jaq"
persName,Jehan Rouciau,SMPA-EG_censier_0072,230,"sa suer, du coing [à pressent Jehan Rouciau, tesarant], ii s"
persName,Marie,SMPA-EG_censier_0072,230,"us le meison Pierre Tibert et Marie, sa suer, du coing [à pr"
persName,Pierre Tibert,SMPA-EG_censier_0072,230,"ont et prenent sus le meison Pierre Tibert et Marie, sa sue"
persName,Alain le Chaucier,SMPA-EG_censier_0073,230,ont et prenent sus le meison Alain le Chaucier [à pressent
persName,Jehan Qussac,SMPA-EG_censier_0073,230,"ont et prenent sus le meison Jehan Qussac, le Provencel, x"
persName,Jehan le Coc,SMPA-EG_censier_0073,230,"Alain le Chaucier [à pressent Jehan le Coc], ii s. xi d."
placeName,Saint Denis,SMPA-EG_censier_0073,230,"les censives en le Grant Rue Saint Denis, devant le fontein"
persName,Guillelmus Drocaus,SMPA-EG_censier_0074,231,"i, à le Chandeleur² [magister Guillelmus Drocaus³], iiii l."
persName,Guilleume,SMPA-EG_censier_0074,231,"Seint Martin, qui est mestre Guilleume d'Atainville, v s."
persName,Guilleume Gales,SMPA-EG_censier_0074,231,renent sus le benefice mesire Guilleume Gales d'Orlli [à pre
persName,Henri de Laon,SMPA-EG_censier_0074,231,"ice, que est à present mesire Henri de Laon, beneficié au di"
persName,Henri du Presseur,SMPA-EG_censier_0074,231,"renent sus le benefice mesire Henri du Presseur d'Orlli, x s"
persName,Jehan de Champiaus,SMPA-EG_censier_0074,231,"eneficié au dit autiel [mons. Jehan de Champiaus], v s."
placeName,Seint Martin,SMPA-EG_censier_0074,231,"et prenent sus le benefice de Seint Martin, qui est mestre G"
placeName,Seint Merri,SMPA-EG_censier_0074,231,ommunité et les beneficiez de Seint Merri devent pour les am
persName,Girart de Cul,SMPA-EG_censier_0075,231,"oing de l'Encloistre à mestre Girart de Cul, chanoine de Err"
persName,Jaque de Columbiers,SMPA-EG_censier_0075,231,"pour l'autre meison, que fut Jaque de Columbiers, à le comu"
persName,Jehan de Montegni,SMPA-EG_censier_0075,231,"icelle meesme à le fame sire Jehan de Montegni, viii s. ix"
persName,Thomas le Frapier,SMPA-EG_censier_0075,231,"de Petit Cul de Sac, que feut Thomas le Frapier⁴, iii s."
placeName,Encloistre,SMPA-EG_censier_0075,231,our leur meison du coing de l'Encloistre à mestre Girart de
persName,Ameline de Pasci,SMPA-EG_censier_0076,233,"de feu Jehan de Lions, à dame Ameline de Pasci et à dame Gui"
persName,Andri Poucheron,SMPA-EG_censier_0076,232,et Odin Pizdoe [modo messire Andri Poucheron et Jehan Poche
persName,Aubert,SMPA-EG_censier_0076,233,"poient Jaques le Chapellier d'Aubertvilier, Erembourc et Mar"
persName,Erembourc,SMPA-EG_censier_0076,233,"le Chapellier d'Aubertvilier, Erembourc et Marie le Chandeli"
persName,Girart Daudieu,SMPA-EG_censier_0076,233,le cens que il i prent [modo Girart Daudieu pro toto et pro
persName,Gui,SMPA-EG_censier_0076,233,de feu Jehan de Lyons et dame Guilleuma du Porge Seint Jaque
persName,Guillaume Bordo,SMPA-EG_censier_0076,233,"e Jehanot Bordon, fiuz de feu Guillaume Bordo, pour le cens"
persName,Heude Mainche-Veire,SMPA-EG_censier_0076,233,"utre part, à le meison de feu Heude Mainche-Veire, que est à"
persName,Heude Meinche-Veire,SMPA-EG_censier_0076,233,"ent sus le dite meison de feu Heude Meinche-Veire, lequielle"
persName,Jaque,SMPA-EG_censier_0076,233,"ori, xii d.; les quiex poient Jaques le Chapellier d'Aubertv"
persName,Jaque,SMPA-EG_censier_0076,232,"ousté, à le dite meison dudit Jaque, et, d'autre part, à le"
persName,Jaque le Chapellier,SMPA-EG_censier_0076,232,Jaque le Chapellier pour sa me
persName,Jehan,SMPA-EG_censier_0076,233,"Gales, xii d.²; lesquiex poie Jehanot Bordon, fiuz de feu Gu"
persName,Jehan,SMPA-EG_censier_0076,232,"'une part, à le meison du dit Jehan l'Auvergnaz, et, d'autre"
persName,Jehan,SMPA-EG_censier_0076,232,t prenent sus le meison dudit Jehan l'Auvergnaz tenant à ice
persName,Jehan,SMPA-EG_censier_0076,232,"et, d'autre part, à le meison Jehan l'Auvergnaz, xii d.; les"
persName,Jehan Cussac,SMPA-EG_censier_0076,233,"r, et, par della, à le meison Jehan Cussac, le Provencel, qu"
persName,Jehan Cussac,SMPA-EG_censier_0076,233,"Meuns tenant à le dite meison Jehan Cussac, et, d'autre part"
persName,Jehan Deys,SMPA-EG_censier_0076,233,"d'un cousté, à le dite meison Jehan Deys, et, d'autre part,"
persName,Jehan Deys,SMPA-EG_censier_0076,233,"et prenent sus le dite meison Jehan Deys, l'Alement, tenant,"
persName,Jehan Deys,SMPA-EG_censier_0076,233,"et, d'autre part, à le meison Jehan Deys l'Alement, xi d.; d"
persName,Jehan Pocheron,SMPA-EG_censier_0076,232,"do messire Andri Poucheron et Jehan Pocheron, son frere¹ — m"
persName,Jehan Qussac,SMPA-EG_censier_0076,232,"prenent sus le meison du dit Jehan Qussac tenant, d'une par"
persName,Jehan Qussac,SMPA-EG_censier_0076,232,"et, d'autre part, à le meison Jehan Qussac, le Provençal, xv"
persName,Jehan de Lions,SMPA-EG_censier_0076,233,"est à present aus hers de feu Jehan de Lions, à dame Ameline"
persName,Jehan de Lyons,SMPA-EG_censier_0076,233,est à present aus hers de feu Jehan de Lyons et dame Guilleu
persName,Jehan le Gales,SMPA-EG_censier_0076,233,"utre part, à le meison mestre Jehan le Gales, xii d.²; lesqu"
persName,Jehan le Gales,SMPA-EG_censier_0076,232,", jusques à le meison meistre Jehan le Gales, que est le der"
persName,Jehan le Guales,SMPA-EG_censier_0076,233,"prenent sus le meison du dit Jehan le Guales, que est le de"
persName,Marie le Chandeliere,SMPA-EG_censier_0076,233,"d'Aubertvilier, Erembourc et Marie le Chandeliere, ses suer"
persName,Marie le Cordiere,SMPA-EG_censier_0076,232,"iers, x d. t.; les quiex poie Marie le Cordiere pour x l. qu"
persName,Raoul Lescot,SMPA-EG_censier_0076,232,", d'un cousté, à le meison de Raoul Lescot, et, d'autre part"
persName,Renaut de Cheri,SMPA-EG_censier_0076,232,"xvi d.; les quiex poie mesire Renaut de Cheri, chevalier, qu"
persName,Robert le Lanier,SMPA-EG_censier_0076,233,"enant à le dite meison de feu Robert le Lanier, et, par dell"
persName,Robert le Lanier,SMPA-EG_censier_0076,233,"s le meison cheoute, que feut Robert le Lanier, atenant, d'u"
persName,Robert le Lanier,SMPA-EG_censier_0076,233,"à le meison cheoute, que feut Robert le Lanier, xii d."
persName,Rogier le Mareschal,SMPA-EG_censier_0076,232,"ron, son frere¹ — modo mestre Rogier le Mareschal]², vi d."
persName,Thomas de Meuns,SMPA-EG_censier_0076,233,"d'une part, à le dite meison Thomas de Meuns, et, d'autre p"
persName,Thomas de Meuns,SMPA-EG_censier_0076,233,us le meison à le fame de feu Thomas de Meuns tenant à le di
persName,Thomas de Meuns,SMPA-EG_censier_0076,232,"e part, à le meison, que feut Thomas de Meuns, xvi d.; des q"
placeName,Aubert le Bouchier,SMPA-EG_censier_0076,232,"par dessa, du coing de le rue Aubert le Bouchier, jusques à"
placeName,Seint Denis,SMPA-EG_censier_0076,232,"Mie-Quaresme, en le Grant Rue Seint Denis, devant le fontein"
placeName,Seint Germain,SMPA-EG_censier_0076,232,"t le comunité et le forge (?) Seint Germain l'Auceurres, vi"
placeName,Seint Innocent,SMPA-EG_censier_0076,232,"int Denis, devant le fonteine Seint Innocent, ou cousté par"
placeName,Seint Jaque,SMPA-EG_censier_0076,233,"et à dame Guillaume du Porge Seint Jaque, tenant, d'une par"
placeName,Seint Jaque,SMPA-EG_censier_0076,233,"ns et dame Guilleuma du Porge Seint Jaque, i d.; lequiel poi"
placeName,Seint Merri,SMPA-EG_censier_0076,233,"des quiex poie le comunité de Seint Merri, pour xxvi s. iii"
persName,Henri des Nes,SMPA-EG_censier_0077,234,"Henri des Nes ou ces hers, Pie"
persName,Henri des Nes,SMPA-EG_censier_0077,234,"ous que l'en appelle le clous Henri des Nes, derriere Poitro"
persName,Henri des Nes,SMPA-EG_censier_0077,234,"nnains de Montmartre, u clous Henri des Nes; des quiex sept"
persName,Pierre de Montegni,SMPA-EG_censier_0077,234,"Henri des Nes ou ces hers, Pierre de Montegni, pour sept"
placeName,Seint Ladre,SMPA-EG_censier_0077,234,"chanoines, iii s. ii d., et à Seint Ladre, xxviii d., et à S"
placeName,Seint Ladre,SMPA-EG_censier_0077,234,"de terre, et le maladerie de Seint Ladre, xxviii d., et le"
placeName,Seint Merri,SMPA-EG_censier_0077,234,arpens les ditz chanoines de Seint Merri prenent iii s. ii
persName,Ancel,SMPA-EG_censier_0079,234,"i [à present Anselbert (corr. Ancelet) de la Halle], iii s."
persName,Andriu Quenel,SMPA-EG_censier_0079,235,"Hue le Madellinier [à present Andriu Quenel], v s."
persName,Aubert le Linier,SMPA-EG_censier_0079,234,ont et prenent sus le meison Aubert le Linier [modo mons. E
persName,Basile,SMPA-EG_censier_0079,234,ont et prenent sus le meison Basile de le Barre [à pressent
persName,Estiene de Suci,SMPA-EG_censier_0079,235,"Queusinier [à pressent mons. Estiene de Suci], xiii s. ix d"
persName,Estienne,SMPA-EG_censier_0079,234,"Aubert le Linier [modo mons. Estienne] de pension, xii s. v"
persName,Geufroi le Madelinier,SMPA-EG_censier_0079,235,"Guilleume Langlois [à present Geufroi le Madelinier], vii s."
persName,Gui,SMPA-EG_censier_0079,235,"ichart l'Orfievre [à pressent Guiot Lovier], ix s."
persName,Guillaume le Clerc,SMPA-EG_censier_0079,234,"asile de le Barre [à pressent Guillaume le Clerc], ii s."
persName,Guilleume Langlois,SMPA-EG_censier_0079,235,les meisons de le fame de feu Guilleume Langlois [à present
persName,Heude le Queusinier,SMPA-EG_censier_0079,235,ont et prenent sus le meison Heude le Queusinier [à pressen
persName,Hue le Madellinier,SMPA-EG_censier_0079,235,Gros que est aus hers de feu Hue le Madellinier [à present
persName,Jehan le Gros,SMPA-EG_censier_0079,235,"renent sus le meison, que fut Jehan le Gros que est aus hers"
persName,Nicholaus de Rosai,SMPA-EG_censier_0079,234,renent sus les meisons de feu Nicholaus de Rosai [à present
persName,Pierre Warroquier,SMPA-EG_censier_0079,235,"Item¹, sus la meison Pierre Warroquier, xxx s. — Va"
persName,Richart,SMPA-EG_censier_0079,235,ont et prenent sus le meison Richart l'Orfievre [à pressent
persName,Richart le Garçon,SMPA-EG_censier_0079,235,"ert le Queusinier [à pressent Richart le Garçon], xvi s. iii"
persName,Robert le Queusinier,SMPA-EG_censier_0079,235,ont et prenent sus le meison Robert le Queusinier [à presse
persName,Simon Sepinel,SMPA-EG_censier_0079,234,"leur autre meison [à present Simon Sepinel et sa fame, à le"
placeName,Seint Merri,SMPA-EG_censier_0079,234,Encloustre jusques à le Porte Seint Merri.
persName,Jehan,SMPA-EG_censier_0080,235,"le fame et aus enfans de feu Jehan d'Angier, iii s. ix d."
placeName,Seint Martin,SMPA-EG_censier_0080,235,2. — Ce est le cens en le rue Seint Martin.
persName,Adam,SMPA-EG_censier_0081,235,"stienne de Conches [à present Adam d'Amiens], xvi s. [vii s."
persName,Estiene de Conches,SMPA-EG_censier_0081,235,"Item, sus la meison Estiene de Conches [à present"
persName,Estienne de Conches,SMPA-EG_censier_0081,235,"Item³, sus la meison Estienne de Conches [à present"
persName,Jehan Boulengier,SMPA-EG_censier_0081,236,"sons entretenans, que feurent Jehan Boulengier, v s.¹."
persName,Jehan Paian,SMPA-EG_censier_0081,235,"scolles) [à present aus hoirs Jehan Paian (corr. Poier)²], i"
persName,Robert de Paris,SMPA-EG_censier_0081,235,"e coing de le rue de le Court Robert de Paris, que feut Thom"
persName,Thomas,SMPA-EG_censier_0081,235,"ciez de Nostre-Dame, que feut Thomas de les Celles (corr. l'"
persName,Thomas le Chandellier,SMPA-EG_censier_0081,235,"urt Robert de Paris, que feut Thomas le Chandellier [à"
persName,Baudoin le Riche,SMPA-EG_censier_0082,236,"el le Breto, clerc [à present Baudoin le Riche], iii s. iii"
persName,Daniel le Breto,SMPA-EG_censier_0082,236,"renent sus les meisons mestre Daniel le Breto, clerc [à pres"
persName,Jehan de Sezanne,SMPA-EG_censier_0082,236,"la Royne ajoignant [à present Jehan de Sezanne], iii s. ii d"
persName,Ernoul Pellerin,SMPA-EG_censier_0083,236,"Peirone, le masson [à present Ernoul Pellerin, mason], xv d."
persName,Gui,SMPA-EG_censier_0083,236,"derriere, que feut le granche Guibert le Begue, iii d. i t."
persName,Guillaume,SMPA-EG_censier_0083,236,"us le meison choete, que feut Guillaume d'Aigremorte, que Th"
persName,Guillaume,SMPA-EG_censier_0083,236,"de ce meison [à present mons. Guillaume d'Ateinville], ii s."
persName,Guillaume le Potier,SMPA-EG_censier_0083,236,"ene de Nostre-Dame [à present Guillaume le Potier], ii s. vi"
persName,Henri,SMPA-EG_censier_0083,236,ont et prenent sus le meison Henri l'Alement [à present Jeh
persName,Jehan de Peirone,SMPA-EG_censier_0083,236,"ont et prenent sus le meison Jehan de Peirone, le masson [à"
persName,Jehan le Potier,SMPA-EG_censier_0083,236,"on Henri l'Alement [à present Jehan le Potier], ii s."
persName,Thomas le Fundeur,SMPA-EG_censier_0083,236,"t Guillaume d'Aigremorte, que Thomas le Fundeur tient, ajogn"
persName,Yve des Pavellons,SMPA-EG_censier_0083,236,"e le Voute, fame jadis mestre Yve des Pavellons, par derrier"
placeName,Biaubourc,SMPA-EG_censier_0083,236,"ieffrey l'Angevin, jusques en Biaubourc, d'un cousté et d'au"
placeName,Gieffre,SMPA-EG_censier_0083,236,"e sont les censives en le rue Gieffrey l'Angevin, jusques en"
placeName,Seint Estiene,SMPA-EG_censier_0083,236,le meison aus dus beneficiez Seint Estiene de Nostre-Dame [
persName,Guillaume Langlois,SMPA-EG_censier_0084,237,"Richart Gresillon [à present Guillaume Langlois, beneficier"
persName,Phelippe,SMPA-EG_censier_0084,236,nent sus une place vuehde que Phelippe de
persName,Richart Gresillon,SMPA-EG_censier_0084,237,"Item¹, sus le meison Richart Gresillon [à present G"
persName,Robert de Corbuelh,SMPA-EG_censier_0084,236,"enent sus le meison, que feut Robert de Corbuelh [à present"
placeName,Biaubourc,SMPA-EG_censier_0084,236,6. — Ce sont les censives en Biaubourc.
persName,Gile,SMPA-EG_censier_0085,237,"ont et prenent sus le granche Gile à le Tache, ii s."
persName,Jehan de Rouan,SMPA-EG_censier_0085,237,mesons qui furent à la fillie Jehan de Rouan et de Jehane la
persName,Jehane la Charbonniere,SMPA-EG_censier_0085,237,"a fillie Jehan de Rouan et de Jehane la Charbonniere, sa mer"
persName,Thomas le Frapier,SMPA-EG_censier_0085,237,"r de le leur meison, que feut Thomas le Frapier [à present P"
persName,Estiene de Neuf Chastieu,SMPA-EG_censier_0086,237,prenent sus le meison mestre Estiene de Neuf Chastieu [à pr
persName,Estiene le Gros,SMPA-EG_censier_0086,237,ont et prenent sus le meison Estiene le Gros [à present Jeh
persName,Gile,SMPA-EG_censier_0086,237,"ont et prenent sus le meison Gilete, le niece Jehan dit le"
persName,Guillaume Langlois,SMPA-EG_censier_0086,237,t prenent sus le grant meison Guillaume Langlois [à present
persName,Guy,SMPA-EG_censier_0086,237,"int Denis [à pressent Betuche Guy], ix d."
persName,Jaque le Breto,SMPA-EG_censier_0086,237,"ont et prenent sus la meison Jaque le Breto, clerc [à prese"
persName,Jehan,SMPA-EG_censier_0086,237,"us le meison Gilete, le niece Jehan dit le Velut [à present"
persName,Jehan,SMPA-EG_censier_0086,237,"on Estiene le Gros [à present Jehan d'Arbleiges], v s. vi d."
persName,Jehan Belin,SMPA-EG_censier_0086,237,"Jehan dit le Velut [à present Jehan Belin, monnoier], vi d."
persName,Jehan du Neuf Catel,SMPA-EG_censier_0086,237,"e de Neuf Chastieu [à present Jehan du Neuf Catel], xx s."
persName,Pierre de Pontoise,SMPA-EG_censier_0086,237,"s deus places vides, qui sont Pierre de Pontoise, mason, xv"
persName,Simon de Denmertin,SMPA-EG_censier_0086,237,"Guillaume Langlois [à present Simon de Denmertin], iiii s. v"
placeName,Seint Denis,SMPA-EG_censier_0086,237,renent sus le meison Heude de Seint Denis [à pressent Betuch
placeName,Seint Leu,SMPA-EG_censier_0086,237,"nnier [à present Eranbourc de Seint Leu], xv d."
placeName,Symon Franc,SMPA-EG_censier_0086,237,e sont les censives en le rue Symon Franc.
persName,Ancel de Morgneval,SMPA-EG_censier_0087,237,prenent sus le meison mestre Ancel de Morgneval [à present
persName,Guy,SMPA-EG_censier_0087,237,"de Morgneval [à present Tote Guy], ii s."
placeName,Guilleume Espaulart,SMPA-EG_censier_0087,237,9. — Ce est le cens en le rue Guilleume Espaulart.
persName,Geufroi de Saveni,SMPA-EG_censier_0089,238,"hielle, le paveeur [à present Geufroi de Saveni], x s."
persName,Jehan de Chielle,SMPA-EG_censier_0089,238,"ont et prenent sus le meison Jehan de Chielle, le paveeur ["
placeName,Lambert de Chielle,SMPA-EG_censier_0089,238,31.] Ce est le cens en le rue Lambert de Chielle.
placeName,Seint Anthoine,SMPA-EG_censier_0090,238,"et prenent sus les meisons de Seint Anthoine, xx s."
placeName,Seinte Katherine,SMPA-EG_censier_0091,238,"sus le meison del Ostiel-Dieu Seinte Katherine, ii s. vi d."
persName,Jaque,SMPA-EG_censier_0092,238,"he Seint Jaques, sus la meson Jaqueit Bourgois, vi s. vii d."
persName,Jehan Poillevilain,SMPA-EG_censier_0092,238,", vi s. vii d. ob. [A present Jehan Poillevilain, xii s. ix"
persName,Maci de Montévrain,SMPA-EG_censier_0092,238,"Item⁴, sus la meson Maci de Montévrain, xv s."
persName,Pierre de Dieppe,SMPA-EG_censier_0092,238,"le meison ajognant, que feut Pierre de Dieppe, xv d."
placeName,Seint Jaque,SMPA-EG_censier_0092,238,s devant le Chief du moustier Seint Jaque.
placeName,Seint Jaques,SMPA-EG_censier_0092,238,"Item, devant le porche Seint Jaques, sus la meson Jaq"
persName,Jehan Rouciau,SMPA-EG_censier_0093,238,"et Marie, sa suer [à present Jehan Rouciau], ii s. vi d."
persName,Marie,SMPA-EG_censier_0093,238,"us le meison Pierre Tibert et Marie, sa suer [à present Jeha"
persName,Pierre Tibert,SMPA-EG_censier_0093,238,"ont et prenent sus le meison Pierre Tibert et Marie, sa sue"
persName,Alain le Chaucier,SMPA-EG_censier_0094,239,"ont et prenent sus le meison Alain le Chaucier, ii s. xi d."
placeName,Seint Denis,SMPA-EG_censier_0094,239,"e est le cens en le Grant Rue Seint Denis, devant le fontein"
persName,Guilleume,SMPA-EG_censier_0095,239,"tiel Seint Martin, que mestre Guilleume d'Atainville tient,"
persName,Guilleume Gales,SMPA-EG_censier_0095,239,"Seinte Katherine, que mestre Guilleume Gales d'Orlli tient,"
persName,Henri de Laon,SMPA-EG_censier_0095,239,"ce du dit autiel, que messire Henri de Laon tient, pour le a"
persName,Henri du Presseur,SMPA-EG_censier_0095,239,"uz Seint Michiel, que messire Henri du Presseur d'Orlli tien"
persName,Jehan de Champiaus,SMPA-EG_censier_0095,239,"amortisement [à present mons. Jehan de Champiaus], v s."
placeName,Seint Martin,SMPA-EG_censier_0095,239,"t sus le benefice de l'autiel Seint Martin, que mestre Guill"
placeName,Seint Merri,SMPA-EG_censier_0095,239,comunité et les beneficiez de Seint Merri devent aus ditz ch
placeName,Seinte Katherine,SMPA-EG_censier_0095,239,"ce de l'autiel Seint Blasi et Seinte Katherine, que mestre G"
persName,Guillaume de Dreueus,SMPA-EG_censier_0096,239,Guillaume de Dreueus³ pour leu
placeName,Seint Germain,SMPA-EG_censier_0096,239,"prenent sus les chanoines de Seint Germain l'Auceurres, pou"
placeName,Seint Germain,SMPA-EG_censier_0096,239,18. — A Seint Germain l'Auceurres.
persName,Jehan de Montegni,SMPA-EG_censier_0097,240,"icelle meeisme à le fame syre Jehan de Montegni, viii s. ix"
placeName,Encloistre,SMPA-EG_censier_0097,239,"our leur meison du coing de l'Encloistre, xl s."
placeName,Seint Germain,SMPA-EG_censier_0097,240,"Item, à leur vicaire de Seint Germain l'Auceurres, x s"
persName,Erembourc de Seint Lourens,SMPA-EG_censier_0098,241,"de Seint Lourens, fiuz de feu Erembourc de Seint Lourens, po"
persName,Estiene Bonefille,SMPA-EG_censier_0098,241,"et, d'autre part, à le terre Estiene Bonefille, et, au chie"
persName,Hervi,SMPA-EG_censier_0098,240,"Item, Hervi de le Trinité [modo Clim"
persName,Hervi,SMPA-EG_censier_0098,240,"autre part, à le terre du dit Hervi de le Trinité [modo Robe"
persName,Hervi,SMPA-EG_censier_0098,240,"s, d'une part, à le terre que Hervi de la Trinité tient des"
persName,Jehan Langlois,SMPA-EG_censier_0098,240,"Jehan Langlois, dit le Convers"
persName,Jehan le Convers,SMPA-EG_censier_0098,240,"Item, Jehan le Convers pour autres q"
persName,Lambert de Seint Lourens,SMPA-EG_censier_0098,241,"Lambert de Seint Lourens, fiuz"
persName,Robert,SMPA-EG_censier_0098,240,"artin de Pierre Jumelle [modo Robert l'Ecrivein], xviii d."
placeName,Seint Denis,SMPA-EG_censier_0098,240,"s, d'une part, audit chemi de Seint Denis au kairefourc, et,"
placeName,Seint Denis,SMPA-EG_censier_0098,240,Martin et le chemi que va de Seint Denis desouz le gibet au
placeName,Seint Ladre de Biauchamp,SMPA-EG_censier_0098,240,hemi que vient du presseur de Seint Ladre de Biauchamp et c'
placeName,Seint Martin,SMPA-EG_censier_0098,241,"sus le meison de le Courtille Seint Martin, tenant, d'un cou"
placeName,Seint Martin,SMPA-EG_censier_0098,241,"d'un cousté, à le cousture de Seint Martin, et, d'autre part"
placeName,Seint Martin,SMPA-EG_censier_0098,240,"seans derriere le Courtillie Seint Martin, tenans, d'une pa"
placeName,Seint Martin,SMPA-EG_censier_0098,240,[Fol. 32.] La Courtillie Seint Martin. — Ce sont les fo
placeName,Seint Martin,SMPA-EG_censier_0098,240,t assizes entre le Courtillie Seint Martin et le chemi que v
placeName,Seint Martin de Pierre,SMPA-EG_censier_0098,240,"et, d'autre part, à le terre Seint Martin de Pierre Jumelle"
placeName,Seint Martin des Champs,SMPA-EG_censier_0098,241,"e part et d'autre, à le terre Seint Martin des Champs, iii d"
placeName,Seint Martin des Champs,SMPA-EG_censier_0098,241,"rens à Paris, dedens le porte Seint Martin des Champs, pour"
placeName,Trinité,SMPA-EG_censier_0098,240,"Item, Hervi de le Trinité [modo Climant] pour du"
placeName,Trinité,SMPA-EG_censier_0098,240,à le terre du dit Hervi de le Trinité [modo Rober l'Ecrivein
placeName,Trinité,SMPA-EG_censier_0098,240,"t, à le terre que Hervi de la Trinité tient des diz chanoine"
persName,Alain de Pontayse,SMPA-EG_censier_0100,241,ont et prenent sus le meison Alain de Pontayse [à present J
persName,Andriu Quenel,SMPA-EG_censier_0100,242,"Hue le Madelinier [à pressent Andriu Quenel], v s."
persName,Aubert le Linier,SMPA-EG_censier_0100,241,pension de le leur meison de Aubert le Linier [à pressent m
persName,Basile,SMPA-EG_censier_0100,242,"ont et prenent sus le meison Basile, du coing de l'Encloist"
persName,Estienne de Suci,SMPA-EG_censier_0100,242,"er ajognant [à pressent mons. Estienne de Suci], xiii s. ix"
persName,Estienne de Sucy,SMPA-EG_censier_0100,241,"t le Linier [à pressent mons. Estienne de Sucy], xii s. vi d"
persName,Gui,SMPA-EG_censier_0100,242,"'Orfievre ajognant [à present Guiost Lovier], ix s."
persName,Guilleume le Clerc,SMPA-EG_censier_0100,242,"g de l'Encloistre [à pressent Guilleume le Clerc], xxvi s."
persName,Heude le Queusinier,SMPA-EG_censier_0100,242,ont et prenent sus le meison Heude le Queusinier ajognant [
persName,Hue le Madelinier,SMPA-EG_censier_0100,242,sus le meison aus hers de feu Hue le Madelinier [à pressent
persName,Jaque de Columbiers,SMPA-EG_censier_0100,241,"de le autre meison, que feut Jaque de Columbiers [à present"
persName,Jehan de Dueul,SMPA-EG_censier_0100,241,"Alain de Pontayse [à present Jehan de Dueul], xv s."
persName,Nicholaus de Rosai,SMPA-EG_censier_0100,241,prenent sus le meison de feu Nicholaus de Rosai [à present
persName,Pierre Warroquier,SMPA-EG_censier_0100,242,"Item, sus la meson Pierre Warroquier, xxx s. [vac"
persName,Richart,SMPA-EG_censier_0100,242,ont et prenent sus le meison Richart l'Orfievre ajognant [à
persName,Richart le Garcon,SMPA-EG_censier_0100,242,"eusinier ajognant [à pressent Richart le Garcon], xvi s. iii"
persName,Robert le Queusinier,SMPA-EG_censier_0100,242,ont et prenent sus le meison Robert le Queusinier ajognant
persName,Simon Sepinel,SMPA-EG_censier_0100,241,"aque de Columbiers [à present Simon Sepinel à sa vie], vii l"
placeName,Encloistre,SMPA-EG_censier_0100,242,"meison Basile, du coing de l'Encloistre [à pressent Guilleu"
placeName,Encloistre,SMPA-EG_censier_0100,241,t comencent premierement en l'Encloistre.
placeName,Seint Jehan,SMPA-EG_censier_0100,241,"t, chascun an, au terme de le Seint Jehan et comencent premi"
persName,Jehan,SMPA-EG_censier_0101,242,le fame et aus enfans de feu Jehan d'Angiers.
placeName,Seint Martin,SMPA-EG_censier_0101,242,"2. — En le rue Seint Martin, hors de le porte"
placeName,Seint Merri,SMPA-EG_censier_0101,242,"eint Martin, hors de le porte Seint Merri, jusques à le font"
persName,Aden,SMPA-EG_censier_0102,242,"Garin Bourgeois³ [à pressent Aden d'Amians], xv s. [vii s."
persName,Estiene de Conches,SMPA-EG_censier_0102,242,"Item, sus la meson Estiene de Conches [à pressent"
persName,Estiene de Conches,SMPA-EG_censier_0102,242,"Item, sus la meson Estiene de Conches, pour Garin"
persName,Guillaume Thomas,SMPA-EG_censier_0102,242,"Chandelier [à pressent mons. Guillaume Thomas, preitre], v"
persName,Jehan Boulengier,SMPA-EG_censier_0102,242,dues meisons à le fame de feu Jehan Boulengier et de son fiu
persName,Jehan Paian,SMPA-EG_censier_0102,242,"es) [à pressent aus hoirs feu Jehan Paian], iiii s. iii d."
persName,Michiel le Boulengier,SMPA-EG_censier_0102,242,"Item, sus le meison Michiel le Boulengier ont et p"
persName,Thomas,SMPA-EG_censier_0102,242,"enent sus le meison, que feut Thomas de les Celles (corr. l'"
persName,Thomas le Chandelier,SMPA-EG_censier_0102,242,"enent sur le meison, que feut Thomas le Chandelier [à presse"
persName,Baudoin le Riche,SMPA-EG_censier_0103,243,"l le Breto, clerc [à pressent Baudoin le Riche], iii s. iii"
persName,Daniel le Breto,SMPA-EG_censier_0103,243,"renent sus les meisons mestre Daniel le Breto, clerc [à pres"
persName,Jehan de Sezanne,SMPA-EG_censier_0103,243,"le Royne ajognant [à pressent Jehan de Sezanne], iii s. ii d"
placeName,Symon Franc,SMPA-EG_censier_0103,243,cousté desus le bot de le rue Symon Franc.
persName,Colin le Begue,SMPA-EG_censier_0104,243,"t meison, que feut le granche Colin le Begue, iii d. i t."
persName,Ernoul Pellerin,SMPA-EG_censier_0104,243,"Peirone, le masso [à pressent Ernoul Pellerin], xv d. i t."
persName,Guilleume le Potier,SMPA-EG_censier_0104,243,"ez de Nostre-Dame [à pressent Guilleume le Potier], ii s. vi"
persName,Henri,SMPA-EG_censier_0104,243,ont et prenent sus le meison Henri l'Alemant [à pressent Je
persName,Jehan de Peirone,SMPA-EG_censier_0104,243,"ont et prenent sus le meison Jehan de Peirone, le masso [à"
persName,Jehan le Potier,SMPA-EG_censier_0104,243,"n Henri l'Alemant [à pressent Jehan le Potier], xv d."
persName,Thomas le Fundeeur,SMPA-EG_censier_0104,243,"Item, ont et prenent de Thomas le Fundeeur pour le pen"
persName,Yve des Pavellons,SMPA-EG_censier_0104,243,"eison à le fame de feu mestre Yve des Pavellons, par derrier"
placeName,Gieffre,SMPA-EG_censier_0104,243,"5. — En le rue Gieffre l'Angevin, d'une part"
persName,Guillaume Quoquiere,SMPA-EG_censier_0105,243,"erriere sa meison [à pressent Guillaume Quoquiere], xii d."
persName,Jehan,SMPA-EG_censier_0105,243,"mesons, qui furent à la fille Jehan"
persName,Phelippe de Limoges,SMPA-EG_censier_0105,243,"Item, ont et prenent de Phelippe de Limoges pour une p"
persName,Robert de Corbuelh,SMPA-EG_censier_0105,243,prenent sus le meison de feu Robert de Corbuelh [à pressent
placeName,Biaubourc,SMPA-EG_censier_0105,243,"6. — [Fol. 33 v°.] En Biaubourc, jusques au Petit Cu"
persName,Gile,SMPA-EG_censier_0106,244,"ont et prenent sus le meison Gile à le Tache, ii s."
persName,Guillaume Langlois,SMPA-EG_censier_0106,244,"Item, Agaste, fame jadis feu Guillaume Langlois, porteeur d"
persName,Guillaume Langlois,SMPA-EG_censier_0106,244,"Richart Gresillon, à pressent Guillaume Langlois, bufetier,"
persName,Marie la Pariere,SMPA-EG_censier_0106,244,"rt le Charpentier [à pressent Marie la Pariere], ii s. iii d"
persName,Richart Gresillon,SMPA-EG_censier_0106,244,", ont et prenent sus la meson Richart Gresillon, à pressent"
persName,Richart le Charpentier,SMPA-EG_censier_0106,244,ont et prenent sus le meison Richart le Charpentier [à pres
persName,Thomas le Frapier,SMPA-EG_censier_0106,244,"oyer de leur meison, que feut Thomas le Frapier, v s. x d. ["
persName,Emeline,SMPA-EG_censier_0107,244,"Emeline, la fame feu Lienart l"
persName,Erembourc de Saint-Lo,SMPA-EG_censier_0107,244,"u Lienart le Fauconnier [modo Erembourc de Saint-Lo, pour sa"
persName,Estiene de Nuef Chastieu,SMPA-EG_censier_0107,244,"prenent sus le meison mestre Estiene de Nuef Chastieu, cler"
persName,Estiene le Gros,SMPA-EG_censier_0107,244,"ont et prenent sus le meison Estiene le Gros, v s. vii d.¹."
persName,Gile,SMPA-EG_censier_0107,244,"ont et prenent sus le meison Gilete, le niece de feu Jehan"
persName,Guillaume Langlois,SMPA-EG_censier_0107,244,nt sus le grant meison de feu Guillaume Langlois [à pressent
persName,Guy Loubert,SMPA-EG_censier_0107,244,"int Denis [à pressent Betuche Guy Loubert], ix d."
persName,Jaque le Breton,SMPA-EG_censier_0107,244,"ont et prenent sus le meison Jaque le Breton, clerc [à pres"
persName,Jehan,SMPA-EG_censier_0107,244,"ef Chastieu, clerc [à present Jehan, son fiulz], xx s."
persName,Jehan,SMPA-EG_censier_0107,244,"le Breton, clerc [à pressent Jehan d'Erbleiges], xxi d."
persName,Jehan Belin,SMPA-EG_censier_0107,244,"eu Jehan le Velut [à pressent Jehan Belin, monnoier], vi d."
persName,Jehan le Velut,SMPA-EG_censier_0107,244,"eison Gilete, le niece de feu Jehan le Velut [à pressent Jeh"
persName,Pierre de Pontoise,SMPA-EG_censier_0107,244,"sus les places vides qui sont Pierre de Pontoise, mason, xv"
persName,Pierre le Borcier,SMPA-EG_censier_0107,244,"ont et prenent sus le meison Pierre le Borcier, vii s."
persName,Simon de Damertin,SMPA-EG_censier_0107,244,"uillaume Langlois [à pressent Simon de Damertin], iiii s. vi"
placeName,Seint Denis,SMPA-EG_censier_0107,244,renent sus le meison Heude de Seint Denis [à pressent Betuch
placeName,Symon Franc,SMPA-EG_censier_0107,244,"8. — En le rue Symon Franc, d'un cousté et d'"
persName,Ancel de Morgneval,SMPA-EG_censier_0108,245,prenent sus le meison mestre Ancel de Morgneval [à pressent
persName,Gui,SMPA-EG_censier_0108,245,"de Morgneval [à pressent Tote Gui], ii s."
placeName,Guilleume Espaulart,SMPA-EG_censier_0108,245,"9. — [Fol. 34.] En le rue Guilleume Espaulart, au bot de"
placeName,Pierre Aulart,SMPA-EG_censier_0108,245,"e Espaulart, au bot de le rue Pierre Aulart."
persName,Geufroi de Saveni,SMPA-EG_censier_0109,245,"Jehan de Chielle [à pressent Geufroi de Saveni], x s."
persName,Geufroi de Saveni,SMPA-EG_censier_0109,245,"t Thomas du Lovre [à pressent Geufroi de Saveni], xv s."
persName,Jehan de Chielle,SMPA-EG_censier_0109,245,ont et prenent sus la meison Jehan de Chielle [à pressent G
persName,Pierre Gencien,SMPA-EG_censier_0109,245,"de Chielle, devant le meison Pierre Gencien."
placeName,Lambert de Chielle,SMPA-EG_censier_0109,245,"10. — En le rue Lambert de Chielle, devant le"
persName,Pierre Leber,SMPA-EG_censier_0110,245,"ment de le leur meison de feu Pierre Leber, si comme elle se"
placeName,Seint Merri,SMPA-EG_censier_0111,245,"En le rue des Arssiz, desouz Seint Merri."
placeName,Seinte Katherine,SMPA-EG_censier_0111,245,"le meison de l'Ostiel Dieu de Seinte Katherine, ii s. vi d."
persName,Jaque,SMPA-EG_censier_0112,245,"he Seint Jaques sus la meison Jaqueit Bourgois, xiii s. ix d"
persName,Jehan le Tays,SMPA-EG_censier_0112,245,"ont et prenent sus le meison Jehan le Tays et Marie, sa fam"
persName,Margarite,SMPA-EG_censier_0112,245,"illes, Phellippe des Ylles et Margarite et Ystace, leur fame"
persName,Marie,SMPA-EG_censier_0112,245,"us le meison Jehan le Tays et Marie, sa fame, ajognant, xv d"
persName,Robert des Villes,SMPA-EG_censier_0112,245,"four et le meison des Arssitz Robert des Villes, Phellippe d"
placeName,Seint Jaque,SMPA-EG_censier_0112,245,— Devant le Chief du moustier Seint Jaque.
placeName,Seint Jaques,SMPA-EG_censier_0112,245,"Item, devant le porche Seint Jaques sus la meison Jaq"
persName,Jehan Rouciau,SMPA-EG_censier_0113,245,"et Marie, sa suer [à pressent Jehan Rouciau, tisarant], ii s"
persName,Marie,SMPA-EG_censier_0113,245,"us le meison Pierre Tibert et Marie, sa suer [à pressent Jeh"
persName,Pierre Tibert,SMPA-EG_censier_0113,245,"ont et prenent sus le meison Pierre Tibert et Marie, sa sue"
persName,Alain le Chaucier,SMPA-EG_censier_0114,246,"ont et prenent sus le meison Alain le Chaucier, xxxv d."
persName,Guillaume,SMPA-EG_censier_0114,246,"sac, le Provencel [à pressent Guillaume, son fiulz], x s."
persName,Jehan Qussac,SMPA-EG_censier_0114,246,"ont et prenent sus le meison Jehan Qussac, le Provencel [à"
placeName,Seint Denis,SMPA-EG_censier_0114,246,"15. — En le Grant Rue Seint Denis, devant le fontein"
persName,Guillaume de Dreueus,SMPA-EG_censier_0115,246,"Item, Guillaume de Dreueus, pour son"
persName,Guilleume,SMPA-EG_censier_0115,246,"e de Seint Martin, que mestre Guilleume d'Atainville tient à"
persName,Guilleume Gales,SMPA-EG_censier_0115,246,"Seinte Katherine, que mesire Guilleume Gales tient à presen"
persName,Henri de Laon,SMPA-EG_censier_0115,246,"e de Seint Martin, que mesire Henri de Laon tient à present"
persName,Henri du Pressoeur,SMPA-EG_censier_0115,246,"ouz Seint Michiel, que mesire Henri du Pressoeur d'Orlli tie"
persName,Jehan de Champiaus,SMPA-EG_censier_0115,246,"e Laon tient à present [mons. Jehan de Champiaus], v s."
placeName,Seint Martin,SMPA-EG_censier_0115,246,"nent sus le autre benefice de Seint Martin, que mesire Henri"
placeName,Seint Martin,SMPA-EG_censier_0115,246,"et prenent sus le benefice de Seint Martin, que mestre Guill"
placeName,Seint Merri,SMPA-EG_censier_0115,246,"Atainville tient à present de Seint Merri, v s."
placeName,Seint Merri,SMPA-EG_censier_0115,246,nt sus le petite communité de Seint Merri pour les amortisem
placeName,Seint Merri,SMPA-EG_censier_0115,246,"16. — En l'Eglise Seint Merri, sus le beneficiez"
placeName,Seinte Katherine,SMPA-EG_censier_0115,246,"benefice de Seint Blasi et de Seinte Katherine, que mesire G"
placeName,Seint Germain,SMPA-EG_censier_0116,246,"anoines et sus le chapitre de Seint Germain l'Auceurres, pou"
placeName,Seint Germain,SMPA-EG_censier_0116,246,17. — A Seint Germain l'Auceurres sus
placeName,Chastellet,SMPA-EG_censier_0117,246,"Item, ont et prenent ou Chastellet de Paris, en recomp"
placeName,Chastellet,SMPA-EG_censier_0117,246,18. — Ou Chastellet de Paris pour le ha
persName,Jehan le Pasticier,SMPA-EG_censier_0118,247,"en le rue Symon le Franc, lez Jehan le Pasticier et Pierre L"
persName,Pierre,SMPA-EG_censier_0118,247,"sez ou non, etc., dont le dit Pierre les a relevez quant aus"
persName,Pierre Langlois,SMPA-EG_censier_0118,247,"nc, lez Jehan le Pasticier et Pierre Langlois, qui avoient e"
persName,Pierre de Laigny,SMPA-EG_censier_0118,247,"hanteront et celebreront pour Pierre de Laigny, sa femme, en"
persName,Pierre de Pontoise,SMPA-EG_censier_0118,247,"ns sur les maisons qui furent Pierre de Pontoise, maçon, ass"
placeName,Chastellet,SMPA-EG_censier_0118,247,r ce que aus criées faites ou Chastellet aucun ne se est opp
placeName,Seint Jehan,SMPA-EG_censier_0118,247,ues; la iiᵉ le lundi après la Seint Jehan ; la iiiᵉ le lundi
placeName,Seint Merry de Paris,SMPA-EG_censier_0118,247,19. — De Seint Merry de Paris⁶.
placeName,Seint Remy,SMPA-EG_censier_0118,247,n ; la iiiᵉ le lundi après la Seint Remy; et la iiiiᵉ le lun
placeName,Symon le Franc,SMPA-EG_censier_0118,247,"ise, maçon, assises en le rue Symon le Franc, lez Jehan le P"
persName,Estiene du Cloistre,SMPA-EG_censier_0119,248,"Item, pour la maison mons. Estiene du Cloistre à la commu"
persName,Girart de Cul,SMPA-EG_censier_0119,248,"Nicholaus de Rosai, à mestre Girart de Cul, chanoine de Err"
persName,Jaque de Columbiers,SMPA-EG_censier_0119,248,"pour l'autre meison, que fut Jaque de Columbiers, à le comm"
persName,Jehan de Monttegni,SMPA-EG_censier_0119,248,"icelle meisme au le fame syre Jehan de Monttegni, viii s. ix"
persName,Nicholaus de Rosai,SMPA-EG_censier_0119,248,"ajognant de le meison de feu Nicholaus de Rosai, à mestre G"
persName,Thomas le Frapier,SMPA-EG_censier_0119,248,"eison de Cul de Sac, que feut Thomas le Frapier, iiii s.¹."
placeName,Encloistre,SMPA-EG_censier_0119,248,"ur leur meison, du coing de l'Encloistre, ajognant de le mei"
placeName,Seint Germain,SMPA-EG_censier_0119,248,"tem, devent à leur vicaire de Seint Germain l'Auceurres, x s"
placeName,Seint Jehan,SMPA-EG_censier_0119,248,"nt chascun an, au terme de le Seint Jehan, aus personnes ci"
